episode_return,length,team_success,termination_reason,rho_pos_mean,rho_pos_final,safety_interventions,collisions,boundary_requests,tracking_rmse,prior_tracking_rmse,measurement_updates,uncertainty_kind,arrived_0,arrival_time_0,path_length_0,energy_proxy_0,active_steps_0,goal_distance_0,communication_rate_0,arrived_1,arrival_time_1,path_length_1,energy_proxy_1,active_steps_1,goal_distance_1,communication_rate_1,reward_progress,reward_distance,reward_arrival,reward_completion,reward_sensing,reward_time,reward_energy,reward_communication,reward_collision,reward_boundary,reward_timeout,restricted_team_time,success_time,total_path_length,total_energy_proxy,goal_distance_mean,communication_rate,rho_prefix_mean,tracking_prefix_rmse,policy_ms_per_step,seed,scenario,method
264.33684344540285,27,1,success,0.03714362683740023,0.04970040709222506,0,0,0,2.033571540447323,2.033571540447323,0,proxy_pcrb,1,27.0,134.9999998690654,27.499999942441615,27,0.6465997934400395,1.0,1,20.0,99.99999914148782,20.49999965659515,20,0.49875706972113637,1.0,117.49999950527655,-3.908298262710323,80.0,80.0,-3.3548578071874484,-4.699999999999998,-1.199999989975919,0.0,0.0,0.0,0.0,27.0,27.0,234.9999990105532,47.99999959903677,0.572678431580588,1.0,0.005635603208356108,2.538900312931336,0.016914814801162317,3001,nominal,goal
264.1927805257898,27,1,success,0.03090948011793775,0.02920726405920475,0,0,0,2.2485374487006444,2.2485374487006444,0,proxy_pcrb,1,27.0,134.9999998690654,27.499999942441615,27,0.6465997934400395,1.0,1,20.0,99.99999914148782,20.49999965659515,20,0.49875706972113637,1.0,117.49999950527655,-3.908298262710323,80.0,80.0,-3.498920726800571,-4.699999999999998,-1.199999989975919,0.0,0.0,0.0,0.0,27.0,27.0,234.9999990105532,47.99999959903677,0.572678431580588,1.0,0.008807019398402584,2.2533514488956987,0.016866666555870324,3002,nominal,goal
264.2494758672293,27,1,success,0.03486974865091441,0.02911429525915147,0,0,0,1.5611975766598647,1.5611975766598647,0,proxy_pcrb,1,27.0,134.9999998690654,27.499999942441615,27,0.6465997934400395,1.0,1,20.0,99.99999914148782,20.49999965659515,20,0.49875706972113637,1.0,117.49999950527655,-3.908298262710323,80.0,80.0,-3.4422253853609845,-4.699999999999998,-1.199999989975919,0.0,0.0,0.0,0.0,27.0,27.0,234.9999990105532,47.99999959903677,0.572678431580588,1.0,0.00617652865657514,1.5069295411970747,0.01777407403467266,3003,nominal,goal
264.2494237814951,27,1,success,0.029517175229434596,0.014056481937913794,0,0,0,1.5304985191827718,1.5304985191827718,0,proxy_pcrb,1,27.0,134.9999998690654,27.499999942441615,27,0.6465997934400395,1.0,1,20.0,99.99999914148782,20.49999965659515,20,0.49875706972113637,1.0,117.49999950527655,-3.908298262710323,80.0,80.0,-3.442277471095168,-4.699999999999998,-1.199999989975919,0.0,0.0,0.0,0.0,27.0,27.0,234.9999990105532,47.99999959903677,0.572678431580588,1.0,0.010385413063984422,1.618825699996357,0.0274666665939515,3004,nominal,goal
264.31626712937043,27,1,success,0.03358061727728739,0.01996194646863997,0,0,0,1.6575794184452566,1.6575794184452566,0,proxy_pcrb,1,27.0,134.9999998690654,27.499999942441615,27,0.6465997934400395,1.0,1,20.0,99.99999914148782,20.49999965659515,20,0.49875706972113637,1.0,117.49999950527655,-3.908298262710323,80.0,80.0,-3.3754341232198835,-4.699999999999998,-1.199999989975919,0.0,0.0,0.0,0.0,27.0,27.0,234.9999990105532,47.99999959903677,0.572678431580588,1.0,0.00623629471995526,1.8248534570246866,0.06777407398422602,3005,nominal,goal
264.2807744093593,27,1,success,0.02816950484863999,0.03523450988375501,0,0,0,1.6078736846563915,1.6078736846563912,0,proxy_pcrb,1,27.0,134.9999998690654,27.499999942441615,27,0.6465997934400395,1.0,1,20.0,99.99999914148782,20.49999965659515,20,0.49875706972113637,1.0,117.49999950527655,-3.908298262710323,80.0,80.0,-3.410926843231006,-4.699999999999998,-1.199999989975919,0.0,0.0,0.0,0.0,27.0,27.0,234.9999990105532,47.99999959903677,0.572678431580588,1.0,0.007859600234500976,1.5224145569345215,0.02185925930259853,3006,nominal,goal
264.11781512625447,27,1,success,0.03775273228423468,0.03018387734185243,0,0,0,1.9985976271241552,1.9985976271241552,0,proxy_pcrb,1,27.0,134.9999998690654,27.499999942441615,27,0.6465997934400395,1.0,1,20.0,99.99999914148782,20.49999965659515,20,0.49875706972113637,1.0,117.49999950527655,-3.908298262710323,80.0,80.0,-3.573886126335821,-4.699999999999998,-1.199999989975919,0.0,0.0,0.0,0.0,27.0,27.0,234.9999990105532,47.99999959903677,0.572678431580588,1.0,0.008185586206371826,2.0175290653868525,0.017462962946242274,3007,nominal,goal
264.33466568383835,27,1,success,0.03053192684716198,0.028381856844240622,0,0,0,1.8409297908770952,1.8409297908770952,0,proxy_pcrb,1,27.0,134.9999998690654,27.499999942441615,27,0.6465997934400395,1.0,1,20.0,99.99999914148782,20.49999965659515,20,0.49875706972113637,1.0,117.49999950527655,-3.908298262710323,80.0,80.0,-3.3570355687519284,-4.699999999999998,-1.199999989975919,0.0,0.0,0.0,0.0,27.0,27.0,234.9999990105532,47.99999959903677,0.572678431580588,1.0,0.007351713201590467,1.7712733650918249,0.01721111126513548,3008,nominal,goal
264.2585654260854,27,1,success,0.031347776174509345,0.023687744846602174,0,0,0,1.8835132067949416,1.8835132067949416,0,proxy_pcrb,1,27.0,134.9999998690654,27.499999942441615,27,0.6465997934400395,1.0,1,20.0,99.99999914148782,20.49999965659515,20,0.49875706972113637,1.0,117.49999950527655,-3.908298262710323,80.0,80.0,-3.433135826504856,-4.699999999999998,-1.199999989975919,0.0,0.0,0.0,0.0,27.0,27.0,234.9999990105532,47.99999959903677,0.572678431580588,1.0,0.008012201543368087,2.230149044670731,0.016622222237519628,3009,nominal,goal
264.37526246061867,27,1,success,0.026690130164571238,0.018141179846161266,0,0,0,1.7542988590148407,1.7542988590148407,0,proxy_pcrb,1,27.0,134.9999998690654,27.499999942441615,27,0.6465997934400395,1.0,1,20.0,99.99999914148782,20.49999965659515,20,0.49875706972113637,1.0,117.49999950527655,-3.908298262710323,80.0,80.0,-3.3164387919716396,-4.699999999999998,-1.199999989975919,0.0,0.0,0.0,0.0,27.0,27.0,234.9999990105532,47.99999959903677,0.572678431580588,1.0,0.007312545856249941,1.7463374735221768,0.015811111013506348,3010,nominal,goal
264.45633230034355,27,1,success,0.0235922267284483,0.013821662201553599,0,0,0,1.4126066108493887,1.4126066108493887,0,proxy_pcrb,1,27.0,134.9999998690654,27.499999942441615,27,0.6465997934400395,1.0,1,20.0,99.99999914148782,20.49999965659515,20,0.49875706972113637,1.0,117.49999950527655,-3.908298262710323,80.0,80.0,-3.235368952246741,-4.699999999999998,-1.199999989975919,0.0,0.0,0.0,0.0,27.0,27.0,234.9999990105532,47.99999959903677,0.572678431580588,1.0,0.006798945596020935,1.4170049936263756,0.015803703617065266,3011,nominal,goal
264.21774382082333,27,1,success,0.03190880280336698,0.03493793421576218,0,0,0,1.8215138453427,1.8215138453426998,0,proxy_pcrb,1,27.0,134.9999998690654,27.499999942441615,27,0.6465997934400395,1.0,1,20.0,99.99999914148782,20.49999965659515,20,0.49875706972113637,1.0,117.49999950527655,-3.908298262710323,80.0,80.0,-3.4739574317669977,-4.699999999999998,-1.199999989975919,0.0,0.0,0.0,0.0,27.0,27.0,234.9999990105532,47.99999959903677,0.572678431580588,1.0,0.007303558105775288,1.618681413548028,0.01599629632875332,3012,nominal,goal
264.18341449644595,27,1,success,0.029167882418176472,0.02320529123493696,0,0,0,1.7689175801474533,1.7689175801474533,0,proxy_pcrb,1,27.0,134.9999998690654,27.499999942441615,27,0.6465997934400395,1.0,1,20.0,99.99999914148782,20.49999965659515,20,0.49875706972113637,1.0,117.49999950527655,-3.908298262710323,80.0,80.0,-3.5082867561443334,-4.699999999999998,-1.199999989975919,0.0,0.0,0.0,0.0,27.0,27.0,234.9999990105532,47.99999959903677,0.572678431580588,1.0,0.00836171226958481,2.0641154350793793,0.01619629633582749,3013,nominal,goal
264.26583581498863,27,1,success,0.030759541496107125,0.05029102159973607,0,0,0,1.8057294142489848,1.8057294142489848,0,proxy_pcrb,1,27.0,134.9999998690654,27.499999942441615,27,0.6465997934400395,1.0,1,20.0,99.99999914148782,20.49999965659515,20,0.49875706972113637,1.0,117.49999950527655,-3.908298262710323,80.0,80.0,-3.425865437601721,-4.699999999999998,-1.199999989975919,0.0,0.0,0.0,0.0,27.0,27.0,234.9999990105532,47.99999959903677,0.572678431580588,1.0,0.007130207591764021,1.5158029645873206,0.01635555552773574,3014,nominal,goal
264.21413286291096,27,1,success,0.03228355709218866,0.03155306989791338,0,0,0,1.8930502987084685,1.8930502987084685,0,proxy_pcrb,1,27.0,134.9999998690654,27.499999942441615,27,0.6465997934400395,1.0,1,20.0,99.99999914148782,20.49999965659515,20,0.49875706972113637,1.0,117.49999950527655,-3.908298262710323,80.0,80.0,-3.4775683896793566,-4.699999999999998,-1.199999989975919,0.0,0.0,0.0,0.0,27.0,27.0,234.9999990105532,47.99999959903677,0.572678431580588,1.0,0.00849605265492187,1.6348227137064257,0.016262963072222192,3015,nominal,goal
264.21901775278866,27,1,success,0.03073803817113547,0.00989710531040519,0,0,0,1.6086181672059683,1.6086181672059683,0,proxy_pcrb,1,27.0,134.9999998690654,27.499999942441615,27,0.6465997934400395,1.0,1,20.0,99.99999914148782,20.49999965659515,20,0.49875706972113637,1.0,117.49999950527655,-3.908298262710323,80.0,80.0,-3.4726834998016294,-4.699999999999998,-1.199999989975919,0.0,0.0,0.0,0.0,27.0,27.0,234.9999990105532,47.99999959903677,0.572678431580588,1.0,0.009487943967815996,1.620638637234327,0.016692592537394916,3016,nominal,goal
264.3083777883534,27,1,success,0.03158167274991922,0.03015496396248888,0,0,0,1.6086545347454784,1.6086545347454784,0,proxy_pcrb,1,27.0,134.9999998690654,27.499999942441615,27,0.6465997934400395,1.0,1,20.0,99.99999914148782,20.49999965659515,20,0.49875706972113637,1.0,117.49999950527655,-3.908298262710323,80.0,80.0,-3.3833234642368724,-4.699999999999998,-1.199999989975919,0.0,0.0,0.0,0.0,27.0,27.0,234.9999990105532,47.99999959903677,0.572678431580588,1.0,0.00571047758863386,1.6969877564680627,0.01610370388031394,3017,nominal,goal
264.30309867797564,27,1,success,0.031658772694128395,0.019702600017428205,0,0,0,1.8121356447449248,1.8121356447449248,0,proxy_pcrb,1,27.0,134.9999998690654,27.499999942441615,27,0.6465997934400395,1.0,1,20.0,99.99999914148782,20.49999965659515,20,0.49875706972113637,1.0,117.49999950527655,-3.908298262710323,80.0,80.0,-3.3886025746146844,-4.699999999999998,-1.199999989975919,0.0,0.0,0.0,0.0,27.0,27.0,234.9999990105532,47.99999959903677,0.572678431580588,1.0,0.007396594092676385,1.5261764986120832,0.0162333333517179,3018,nominal,goal
264.2320947394445,27,1,success,0.027113505750566296,0.04830561416884541,0,0,0,1.7513030162589116,1.7513030162589116,0,proxy_pcrb,1,27.0,134.9999998690654,27.499999942441615,27,0.6465997934400395,1.0,1,20.0,99.99999914148782,20.49999965659515,20,0.49875706972113637,1.0,117.49999950527655,-3.908298262710323,80.0,80.0,-3.4596065131458267,-4.699999999999998,-1.199999989975919,0.0,0.0,0.0,0.0,27.0,27.0,234.9999990105532,47.99999959903677,0.572678431580588,1.0,0.00890466296280747,1.96136294091221,0.016170370380913717,3019,nominal,goal
264.1776733211057,27,1,success,0.03490989317905225,0.028053629041640882,0,0,0,1.603356057265073,1.603356057265073,0,proxy_pcrb,1,27.0,134.9999998690654,27.499999942441615,27,0.6465997934400395,1.0,1,20.0,99.99999914148782,20.49999965659515,20,0.49875706972113637,1.0,117.49999950527655,-3.908298262710323,80.0,80.0,-3.5140279314845566,-4.699999999999998,-1.199999989975919,0.0,0.0,0.0,0.0,27.0,27.0,234.9999990105532,47.99999959903677,0.572678431580588,1.0,0.00925456757130035,1.460525287067054,0.015792592623458605,3020,nominal,goal
264.23677975800365,27,1,success,0.036997362994285826,0.013357391790374637,0,0,0,1.6706592577363566,1.6706592577363566,0,proxy_pcrb,1,27.0,134.9999998690654,27.499999942441615,27,0.6465997934400395,1.0,1,20.0,99.99999914148782,20.49999965659515,20,0.49875706972113637,1.0,117.49999950527655,-3.908298262710323,80.0,80.0,-3.4549214945866296,-4.699999999999998,-1.199999989975919,0.0,0.0,0.0,0.0,27.0,27.0,234.9999990105532,47.99999959903677,0.572678431580588,1.0,0.006253893866994667,1.4194728096732883,0.016996296330439184,3021,nominal,goal
264.34208194968335,27,1,success,0.024516709500929386,0.029474412191971014,0,0,0,1.8460136490769172,1.8460136490769172,0,proxy_pcrb,1,27.0,134.9999998690654,27.499999942441615,27,0.6465997934400395,1.0,1,20.0,99.99999914148782,20.49999965659515,20,0.49875706972113637,1.0,117.49999950527655,-3.908298262710323,80.0,80.0,-3.3496193029069388,-4.699999999999998,-1.199999989975919,0.0,0.0,0.0,0.0,27.0,27.0,234.9999990105532,47.99999959903677,0.572678431580588,1.0,0.008859245337534044,1.9878056375912712,0.01605555553396698,3022,nominal,goal
264.37801058644493,27,1,success,0.029998220687997307,0.014941263638592477,0,0,0,1.7017759445889322,1.7017759445889322,0,proxy_pcrb,1,27.0,134.9999998690654,27.499999942441615,27,0.6465997934400395,1.0,1,20.0,99.99999914148782,20.49999965659515,20,0.49875706972113637,1.0,117.49999950527655,-3.908298262710323,80.0,80.0,-3.313690666145372,-4.699999999999998,-1.199999989975919,0.0,0.0,0.0,0.0,27.0,27.0,234.9999990105532,47.99999959903677,0.572678431580588,1.0,0.007279104709818853,2.098459427137351,0.015974074105745077,3023,nominal,goal
264.2682100147295,27,1,success,0.03073041762832082,0.03940227219267576,0,0,0,1.7664545053563676,1.7664545053563676,0,proxy_pcrb,1,27.0,134.9999998690654,27.499999942441615,27,0.6465997934400395,1.0,1,20.0,99.99999914148782,20.49999965659515,20,0.49875706972113637,1.0,117.49999950527655,-3.908298262710323,80.0,80.0,-3.42349123786084,-4.699999999999998,-1.199999989975919,0.0,0.0,0.0,0.0,27.0,27.0,234.9999990105532,47.99999959903677,0.572678431580588,1.0,0.007903607430364782,1.5970399389963905,0.016262963004852214,3024,nominal,goal
264.3901715793094,27,1,success,0.029829971874769386,0.01559580773977174,0,0,0,1.4932715033240025,1.4932715033240025,0,proxy_pcrb,1,27.0,134.9999998690654,27.499999942441615,27,0.6465997934400395,1.0,1,20.0,99.99999914148782,20.49999965659515,20,0.49875706972113637,1.0,117.49999950527655,-3.908298262710323,80.0,80.0,-3.3015296732808443,-4.699999999999998,-1.199999989975919,0.0,0.0,0.0,0.0,27.0,27.0,234.9999990105532,47.99999959903677,0.572678431580588,1.0,0.008392075076859651,1.360871279615845,0.016414814834004372,3025,nominal,goal
264.2598427999054,27,1,success,0.028773941320228882,0.022227082003070872,0,0,0,1.66202138692449,1.66202138692449,0,proxy_pcrb,1,27.0,134.9999998690654,27.499999942441615,27,0.6465997934400395,1.0,1,20.0,99.99999914148782,20.49999965659515,20,0.49875706972113637,1.0,117.49999950527655,-3.908298262710323,80.0,80.0,-3.4318584526848985,-4.699999999999998,-1.199999989975919,0.0,0.0,0.0,0.0,27.0,27.0,234.9999990105532,47.99999959903677,0.572678431580588,1.0,0.008572985920641608,2.08312749738358,0.015729629686339414,3026,nominal,goal
264.1777692065343,27,1,success,0.0329017588391121,0.0335224591261907,0,0,0,1.7082922428930742,1.7082922428930742,0,proxy_pcrb,1,27.0,134.9999998690654,27.499999942441615,27,0.6465997934400395,1.0,1,20.0,99.99999914148782,20.49999965659515,20,0.49875706972113637,1.0,117.49999950527655,-3.908298262710323,80.0,80.0,-3.5139320460560137,-4.699999999999998,-1.199999989975919,0.0,0.0,0.0,0.0,27.0,27.0,234.9999990105532,47.99999959903677,0.572678431580588,1.0,0.012334498549458978,1.7291700352134116,0.01621481475956022,3027,nominal,goal
264.0497344023381,27,1,success,0.037243130237712585,0.02378841803113254,0,0,0,1.5505908344349515,1.5505908344349515,0,proxy_pcrb,1,27.0,134.9999998690654,27.499999942441615,27,0.6465997934400395,1.0,1,20.0,99.99999914148782,20.49999965659515,20,0.49875706972113637,1.0,117.49999950527655,-3.908298262710323,80.0,80.0,-3.641966850252201,-4.699999999999998,-1.199999989975919,0.0,0.0,0.0,0.0,27.0,27.0,234.9999990105532,47.99999959903677,0.572678431580588,1.0,0.00934146999654587,1.4136548086711234,0.01586296302438886,3028,nominal,goal
264.31155018203765,27,1,success,0.025307633869524147,0.015315405810228002,0,0,0,1.6430108753721608,1.6430108753721608,0,proxy_pcrb,1,27.0,134.9999998690654,27.499999942441615,27,0.6465997934400395,1.0,1,20.0,99.99999914148782,20.49999965659515,20,0.49875706972113637,1.0,117.49999950527655,-3.908298262710323,80.0,80.0,-3.3801510705526363,-4.699999999999998,-1.199999989975919,0.0,0.0,0.0,0.0,27.0,27.0,234.9999990105532,47.99999959903677,0.572678431580588,1.0,0.009506091640323386,1.8417463142940822,0.018262963041908935,3029,nominal,goal
264.1917632391601,27,1,success,0.03508454679933289,0.03652824443495474,0,0,0,1.883545831003199,1.883545831003199,0,proxy_pcrb,1,27.0,134.9999998690654,27.499999942441615,27,0.6465997934400395,1.0,1,20.0,99.99999914148782,20.49999965659515,20,0.49875706972113637,1.0,117.49999950527655,-3.908298262710323,80.0,80.0,-3.4999380134301705,-4.699999999999998,-1.199999989975919,0.0,0.0,0.0,0.0,27.0,27.0,234.9999990105532,47.99999959903677,0.572678431580588,1.0,0.007834287369472791,1.8297473624673584,0.01575555543914325,3030,nominal,goal
264.30842450111106,27,1,success,0.030249728028611603,0.014422830114857767,0,0,0,1.681160089683244,1.681160089683244,0,proxy_pcrb,1,27.0,134.9999998690654,27.499999942441615,27,0.6465997934400395,1.0,1,20.0,99.99999914148782,20.49999965659515,20,0.49875706972113637,1.0,117.49999950527655,-3.908298262710323,80.0,80.0,-3.383276751479246,-4.699999999999998,-1.199999989975919,0.0,0.0,0.0,0.0,27.0,27.0,234.9999990105532,47.99999959903677,0.572678431580588,1.0,0.006686251749625044,1.4328518819243488,0.015025925946516779,3031,nominal,goal
264.31103640591584,27,1,success,0.02736645539957041,0.012132233785344752,0,0,0,1.9185378109056763,1.9185378109056763,0,proxy_pcrb,1,27.0,134.9999998690654,27.499999942441615,27,0.6465997934400395,1.0,1,20.0,99.99999914148782,20.49999965659515,20,0.49875706972113637,1.0,117.49999950527655,-3.908298262710323,80.0,80.0,-3.380664846674459,-4.699999999999998,-1.199999989975919,0.0,0.0,0.0,0.0,27.0,27.0,234.9999990105532,47.99999959903677,0.572678431580588,1.0,0.008661618640554383,1.6414833693348,0.014940740651649388,3032,nominal,goal
264.19761877671203,27,1,success,0.037861463043197076,0.01318862018357717,0,0,0,1.5167539868500761,1.5167539868500761,0,proxy_pcrb,1,27.0,134.9999998690654,27.499999942441615,27,0.6465997934400395,1.0,1,20.0,99.99999914148782,20.49999965659515,20,0.49875706972113637,1.0,117.49999950527655,-3.908298262710323,80.0,80.0,-3.494082475878242,-4.699999999999998,-1.199999989975919,0.0,0.0,0.0,0.0,27.0,27.0,234.9999990105532,47.99999959903677,0.572678431580588,1.0,0.006607246336075294,1.3607200550669927,0.015500000059815918,3033,nominal,goal
264.2154732452865,27,1,success,0.028822316616013883,0.03573509618325155,0,0,0,2.0173810709308366,2.0173810709308366,0,proxy_pcrb,1,27.0,134.9999998690654,27.499999942441615,27,0.6465997934400395,1.0,1,20.0,99.99999914148782,20.49999965659515,20,0.49875706972113637,1.0,117.49999950527655,-3.908298262710323,80.0,80.0,-3.476228007303824,-4.699999999999998,-1.199999989975919,0.0,0.0,0.0,0.0,27.0,27.0,234.9999990105532,47.99999959903677,0.572678431580588,1.0,0.00951848954186263,1.8434310750186602,0.015259259338630794,3034,nominal,goal
264.1818111400638,27,1,success,0.032280964833971144,0.058689744818311976,0,0,0,1.5787151836498965,1.5787151836498965,0,proxy_pcrb,1,27.0,134.9999998690654,27.499999942441615,27,0.6465997934400395,1.0,1,20.0,99.99999914148782,20.49999965659515,20,0.49875706972113637,1.0,117.49999950527655,-3.908298262710323,80.0,80.0,-3.5098901125264548,-4.699999999999998,-1.199999989975919,0.0,0.0,0.0,0.0,27.0,27.0,234.9999990105532,47.99999959903677,0.572678431580588,1.0,0.008386194372121061,1.6621664811603976,0.01507407385495888,3035,nominal,goal
264.32872480986975,27,1,success,0.03511854400114853,0.032914262889557844,0,0,0,1.7968161347476963,1.7968161347476965,0,proxy_pcrb,1,27.0,134.9999998690654,27.499999942441615,27,0.6465997934400395,1.0,1,20.0,99.99999914148782,20.49999965659515,20,0.49875706972113637,1.0,117.49999950527655,-3.908298262710323,80.0,80.0,-3.3629764427204965,-4.699999999999998,-1.199999989975919,0.0,0.0,0.0,0.0,27.0,27.0,234.9999990105532,47.99999959903677,0.572678431580588,1.0,0.011437080007930117,1.6179501424871068,0.017129629601118655,3036,nominal,goal
264.1341473281866,27,1,success,0.030896734981592892,0.03277327509558152,0,0,0,1.5183876306400907,1.5183876306400903,0,proxy_pcrb,1,27.0,134.9999998690654,27.499999942441615,27,0.6465997934400395,1.0,1,20.0,99.99999914148782,20.49999965659515,20,0.49875706972113637,1.0,117.49999950527655,-3.908298262710323,80.0,80.0,-3.557553924403687,-4.699999999999998,-1.199999989975919,0.0,0.0,0.0,0.0,27.0,27.0,234.9999990105532,47.99999959903677,0.572678431580588,1.0,0.008477694282663933,1.4736673871144743,0.015851851896042244,3037,nominal,goal
264.3947056204013,27,1,success,0.029818924693018483,0.012030646612527809,0,0,0,1.7813855518166894,1.7813855518166894,0,proxy_pcrb,1,27.0,134.9999998690654,27.499999942441615,27,0.6465997934400395,1.0,1,20.0,99.99999914148782,20.49999965659515,20,0.49875706972113637,1.0,117.49999950527655,-3.908298262710323,80.0,80.0,-3.2969956321890725,-4.699999999999998,-1.199999989975919,0.0,0.0,0.0,0.0,27.0,27.0,234.9999990105532,47.99999959903677,0.572678431580588,1.0,0.007646967221076939,1.98853573835456,0.01595185184905185,3038,nominal,goal
264.10752329428374,27,1,success,0.03723810892350068,0.021956139785209446,0,0,0,1.8855343134498952,1.8855343134498952,0,proxy_pcrb,1,27.0,134.9999998690654,27.499999942441615,27,0.6465997934400395,1.0,1,20.0,99.99999914148782,20.49999965659515,20,0.49875706972113637,1.0,117.49999950527655,-3.908298262710323,80.0,80.0,-3.584177958306576,-4.699999999999998,-1.199999989975919,0.0,0.0,0.0,0.0,27.0,27.0,234.9999990105532,47.99999959903677,0.572678431580588,1.0,0.010827601808266803,2.1034336548286516,0.01590370373849981,3039,nominal,goal
264.22635943954435,27,1,success,0.03176177557850183,0.026399320236595275,0,0,0,1.7114527089063079,1.7114527089063079,0,proxy_pcrb,1,27.0,134.9999998690654,27.499999942441615,27,0.6465997934400395,1.0,1,20.0,99.99999914148782,20.49999965659515,20,0.49875706972113637,1.0,117.49999950527655,-3.908298262710323,80.0,80.0,-3.465341813045939,-4.699999999999998,-1.199999989975919,0.0,0.0,0.0,0.0,27.0,27.0,234.9999990105532,47.99999959903677,0.572678431580588,1.0,0.009002776613794825,1.4499813221838551,0.015514814819013097,3040,nominal,goal
264.22925647149304,27,1,success,0.031276734821553374,0.014646119914418538,0,0,0,1.7879208624963876,1.7879208624963878,0,proxy_pcrb,1,27.0,134.9999998690654,27.499999942441615,27,0.6465997934400395,1.0,1,20.0,99.99999914148782,20.49999965659515,20,0.49875706972113637,1.0,117.49999950527655,-3.908298262710323,80.0,80.0,-3.46244478109728,-4.699999999999998,-1.199999989975919,0.0,0.0,0.0,0.0,27.0,27.0,234.9999990105532,47.99999959903677,0.572678431580588,1.0,0.011347839192455864,1.6508626026954443,0.016074074092439668,3041,nominal,goal
264.3194353763993,27,1,success,0.028257560093119114,0.018427697488892655,0,0,0,1.9885009078209956,1.9885009078209954,0,proxy_pcrb,1,27.0,134.9999998690654,27.499999942441615,27,0.6465997934400395,1.0,1,20.0,99.99999914148782,20.49999965659515,20,0.49875706972113637,1.0,117.49999950527655,-3.908298262710323,80.0,80.0,-3.3722658761909425,-4.699999999999998,-1.199999989975919,0.0,0.0,0.0,0.0,27.0,27.0,234.9999990105532,47.99999959903677,0.572678431580588,1.0,0.0085691381679034,1.9445247842277906,0.015822222175537953,3042,nominal,goal
264.2005613557931,27,1,success,0.03195605260990474,0.03853952209747552,0,0,0,2.3002907783673434,2.3002907783673434,0,proxy_pcrb,1,27.0,134.9999998690654,27.499999942441615,27,0.6465997934400395,1.0,1,20.0,99.99999914148782,20.49999965659515,20,0.49875706972113637,1.0,117.49999950527655,-3.908298262710323,80.0,80.0,-3.491139896797186,-4.699999999999998,-1.199999989975919,0.0,0.0,0.0,0.0,27.0,27.0,234.9999990105532,47.99999959903677,0.572678431580588,1.0,0.00891055767612906,2.195480803851802,0.01605185186943143,3043,nominal,goal
264.12144737529457,27,1,success,0.033434550822333924,0.014193444134563806,0,0,0,1.916682570274553,1.916682570274553,0,proxy_pcrb,1,27.0,134.9999998690654,27.499999942441615,27,0.6465997934400395,1.0,1,20.0,99.99999914148782,20.49999965659515,20,0.49875706972113637,1.0,117.49999950527655,-3.908298262710323,80.0,80.0,-3.5702538772957646,-4.699999999999998,-1.199999989975919,0.0,0.0,0.0,0.0,27.0,27.0,234.9999990105532,47.99999959903677,0.572678431580588,1.0,0.011261597513261074,1.5053532241093495,0.016829629843144817,3044,nominal,goal
264.31034629276445,27,1,success,0.03026566249069853,0.01215848830263056,0,0,0,1.6365497147328585,1.6365497147328585,0,proxy_pcrb,1,27.0,134.9999998690654,27.499999942441615,27,0.6465997934400395,1.0,1,20.0,99.99999914148782,20.49999965659515,20,0.49875706972113637,1.0,117.49999950527655,-3.908298262710323,80.0,80.0,-3.3813549598258406,-4.699999999999998,-1.199999989975919,0.0,0.0,0.0,0.0,27.0,27.0,234.9999990105532,47.99999959903677,0.572678431580588,1.0,0.007300516942982303,1.8238381429871187,0.016307407417183707,3045,nominal,goal
264.2885710633874,27,1,success,0.029334423952854263,0.03173607292190435,0,0,0,1.6806594677427105,1.6806594677427105,0,proxy_pcrb,1,27.0,134.9999998690654,27.499999942441615,27,0.6465997934400395,1.0,1,20.0,99.99999914148782,20.49999965659515,20,0.49875706972113637,1.0,117.49999950527655,-3.908298262710323,80.0,80.0,-3.403130189202873,-4.699999999999998,-1.199999989975919,0.0,0.0,0.0,0.0,27.0,27.0,234.9999990105532,47.99999959903677,0.572678431580588,1.0,0.01056033992051616,1.4331403741097433,0.016514814753328985,3046,nominal,goal
264.2896026694063,27,1,success,0.03234915406713358,0.018045173426596176,0,0,0,1.7908121638900705,1.7908121638900705,0,proxy_pcrb,1,27.0,134.9999998690654,27.499999942441615,27,0.6465997934400395,1.0,1,20.0,99.99999914148782,20.49999965659515,20,0.49875706972113637,1.0,117.49999950527655,-3.908298262710323,80.0,80.0,-3.402098583184005,-4.699999999999998,-1.199999989975919,0.0,0.0,0.0,0.0,27.0,27.0,234.9999990105532,47.99999959903677,0.572678431580588,1.0,0.008161248735546568,1.627068228474707,0.016418518498539925,3047,nominal,goal
264.1327403259099,27,1,success,0.03544811696393699,0.028670275627149674,0,0,0,1.793035649309642,1.793035649309642,0,proxy_pcrb,1,27.0,134.9999998690654,27.499999942441615,27,0.6465997934400395,1.0,1,20.0,99.99999914148782,20.49999965659515,20,0.49875706972113637,1.0,117.49999950527655,-3.908298262710323,80.0,80.0,-3.5589609266804136,-4.699999999999998,-1.199999989975919,0.0,0.0,0.0,0.0,27.0,27.0,234.9999990105532,47.99999959903677,0.572678431580588,1.0,0.007961232657230546,1.690045306934585,0.015666666614480265,3048,nominal,goal
264.30065121778074,27,1,success,0.03231343677776833,0.013270688478661394,0,0,0,1.570208031959627,1.570208031959627,0,proxy_pcrb,1,27.0,134.9999998690654,27.499999942441615,27,0.6465997934400395,1.0,1,20.0,99.99999914148782,20.49999965659515,20,0.49875706972113637,1.0,117.49999950527655,-3.908298262710323,80.0,80.0,-3.3910500348095662,-4.699999999999998,-1.199999989975919,0.0,0.0,0.0,0.0,27.0,27.0,234.9999990105532,47.99999959903677,0.572678431580588,1.0,0.009540687267288614,1.463193812066629,0.015696296301299567,3049,nominal,goal
264.2073483702105,27,1,success,0.03460491498611009,0.021878122307605028,0,0,0,1.5880598338724443,1.5880598338724443,0,proxy_pcrb,1,27.0,134.9999998690654,27.499999942441615,27,0.6465997934400395,1.0,1,20.0,99.99999914148782,20.49999965659515,20,0.49875706972113637,1.0,117.49999950527655,-3.908298262710323,80.0,80.0,-3.4843528823797705,-4.699999999999998,-1.199999989975919,0.0,0.0,0.0,0.0,27.0,27.0,234.9999990105532,47.99999959903677,0.572678431580588,1.0,0.009359257578082519,1.6581824347913292,0.015429629591515684,3050,nominal,goal
264.336843927215,27,1,success,0.03714362707744228,0.049700408577690355,0,0,0,2.033571540447323,2.033571540447323,0,proxy_pcrb,1,27.0,134.99999997407724,27.49999998444634,27,0.6465996884410672,1.0,1,20.0,99.99999999948821,20.499999999795307,20,0.49875621172140444,1.0,117.49999998677589,-3.908298248291433,80.0,80.0,-3.3548578116634498,-4.699999999999998,-1.1999999996060413,0.0,0.0,0.0,0.0,27.0,27.0,234.99999997356545,47.99999998424165,0.5726779500812358,1.0,0.005635603202114631,2.538900312931336,4.4166259258754845,3001,nominal,sa
264.19278100641833,27,1,success,0.030909480343899776,0.029207265335587148,0,0,0,2.2485374487006444,2.2485374487006444,0,proxy_pcrb,1,27.0,134.99999997407724,27.49999998444634,27,0.6465996884410672,1.0,1,20.0,99.99999999948821,20.499999999795307,20,0.49875621172140444,1.0,117.49999998677589,-3.908298248291433,80.0,80.0,-3.498920732460108,-4.699999999999998,-1.1999999996060413,0.0,0.0,0.0,0.0,27.0,27.0,234.99999997356545,47.99999998424165,0.5726779500812358,1.0,0.008807019424360841,2.2533514488956987,4.359411111114174,3002,nominal,sa
264.2494763489051,27,1,success,0.0348697488684835,0.029114296450921093,0,0,0,1.5611975766598647,1.5611975766598647,0,proxy_pcrb,1,27.0,134.99999997407724,27.49999998444634,27,0.6465996884410672,1.0,1,20.0,99.99999999948821,20.499999999795307,20,0.49875621172140444,1.0,117.49999998677589,-3.908298248291433,80.0,80.0,-3.442225389973351,-4.699999999999998,-1.1999999996060413,0.0,0.0,0.0,0.0,27.0,27.0,234.99999997356545,47.99999998424165,0.5726779500812358,1.0,0.006176528656199579,1.5069295411970747,4.363725925907568,3003,nominal,sa
264.2494242598328,27,1,success,0.029517175387286973,0.014056482885292355,0,0,0,1.5304985191827718,1.5304985191827718,0,proxy_pcrb,1,27.0,134.99999997407724,27.49999998444634,27,0.6465996884410672,1.0,1,20.0,99.99999999948821,20.499999999795307,20,0.49875621172140444,1.0,117.49999998677589,-3.908298248291433,80.0,80.0,-3.4422774790456767,-4.699999999999998,-1.1999999996060413,0.0,0.0,0.0,0.0,27.0,27.0,234.99999997356545,47.99999998424165,0.5726779500812358,1.0,0.010385413066067096,1.618825699996357,4.386862962982613,3004,nominal,sa
264.31626760939866,27,1,success,0.03358061745316124,0.019961947524266558,0,0,0,1.6575794184452566,1.6575794184452566,0,proxy_pcrb,1,27.0,134.99999997407724,27.49999998444634,27,0.6465996884410672,1.0,1,20.0,99.99999999948821,20.499999999795307,20,0.49875621172140444,1.0,117.49999998677589,-3.908298248291433,80.0,80.0,-3.375434129479744,-4.699999999999998,-1.1999999996060413,0.0,0.0,0.0,0.0,27.0,27.0,234.99999997356545,47.99999998424165,0.5726779500812358,1.0,0.006236294720717038,1.8248534570246866,4.440874074067256,3005,nominal,sa
264.280774891239,27,1,success,0.028169505064035264,0.03523451123906876,0,0,0,1.6078736846563915,1.6078736846563912,0,proxy_pcrb,1,27.0,134.99999997407724,27.49999998444634,27,0.6465996884410672,1.0,1,20.0,99.99999999948821,20.499999999795307,20,0.49875621172140444,1.0,117.49999998677589,-3.908298248291433,80.0,80.0,-3.4109268476394594,-4.699999999999998,-1.1999999996060413,0.0,0.0,0.0,0.0,27.0,27.0,234.99999997356545,47.99999998424165,0.5726779500812358,1.0,0.007859600245240109,1.5224145569345215,4.379577777837295,3006,nominal,sa
264.117815608887,27,1,success,0.03775273244382031,0.03018387861941319,0,0,0,1.9985976271241552,1.9985976271241552,0,proxy_pcrb,1,27.0,134.99999997407724,27.49999998444634,27,0.6465996884410672,1.0,1,20.0,99.99999999948821,20.499999999795307,20,0.49875621172140444,1.0,117.49999998677589,-3.908298248291433,80.0,80.0,-3.5738861299914113,-4.699999999999998,-1.1999999996060413,0.0,0.0,0.0,0.0,27.0,27.0,234.99999997356545,47.99999998424165,0.5726779500812358,1.0,0.008185586208991425,2.0175290653868525,4.3711777777759755,3007,nominal,sa
264.33466616373863,27,1,success,0.030531927135377605,0.028381858172869444,0,0,0,1.8409297908770952,1.8409297908770952,0,proxy_pcrb,1,27.0,134.99999997407724,27.49999998444634,27,0.6465996884410672,1.0,1,20.0,99.99999999948821,20.499999999795307,20,0.49875621172140444,1.0,117.49999998677589,-3.908298248291433,80.0,80.0,-3.3570355751397916,-4.699999999999998,-1.1999999996060413,0.0,0.0,0.0,0.0,27.0,27.0,234.99999997356545,47.99999998424165,0.5726779500812358,1.0,0.007351713206508098,1.7712733650918249,4.371844444331482,3008,nominal,sa
264.2585659057508,27,1,success,0.03134777640528262,0.023687746086748757,0,0,0,1.8835132067949416,1.8835132067949416,0,proxy_pcrb,1,27.0,134.99999997407724,27.49999998444634,27,0.6465996884410672,1.0,1,20.0,99.99999999948821,20.499999999795307,20,0.49875621172140444,1.0,117.49999998677589,-3.908298248291433,80.0,80.0,-3.4331358331276016,-4.699999999999998,-1.1999999996060413,0.0,0.0,0.0,0.0,27.0,27.0,234.99999997356545,47.99999998424165,0.5726779500812358,1.0,0.008012201567990571,2.230149044670731,4.455629629706824,3009,nominal,sa
264.37526294075315,27,1,success,0.02669013036400684,0.018141180883591543,0,0,0,1.7542988590148407,1.7542988590148407,0,proxy_pcrb,1,27.0,134.99999997407724,27.49999998444634,27,0.6465996884410672,1.0,1,20.0,99.99999999948821,20.499999999795307,20,0.49875621172140444,1.0,117.49999998677589,-3.908298248291433,80.0,80.0,-3.316438798125332,-4.699999999999998,-1.1999999996060413,0.0,0.0,0.0,0.0,27.0,27.0,234.99999997356545,47.99999998424165,0.5726779500812358,1.0,0.0073125458522839745,1.7463374735221768,4.413181481511317,3010,nominal,sa
264.4563327795059,27,1,success,0.023592226819660618,0.013821663188683293,0,0,0,1.4126066108493887,1.4126066108493887,0,proxy_pcrb,1,27.0,134.99999997407724,27.49999998444634,27,0.6465996884410672,1.0,1,20.0,99.99999999948821,20.499999999795307,20,0.49875621172140444,1.0,117.49999998677589,-3.908298248291433,80.0,80.0,-3.235368959372511,-4.699999999999998,-1.1999999996060413,0.0,0.0,0.0,0.0,27.0,27.0,234.99999997356545,47.99999998424165,0.5726779500812358,1.0,0.006798945603847618,1.4170049936263756,4.399248148156739,3011,nominal,sa
264.2177443021583,27,1,success,0.03190880297845458,0.034937935630353356,0,0,0,1.8215138453427,1.8215138453426998,0,proxy_pcrb,1,27.0,134.99999997407724,27.49999998444634,27,0.6465996884410672,1.0,1,20.0,99.99999999948821,20.499999999795307,20,0.49875621172140444,1.0,117.49999998677589,-3.908298248291433,80.0,80.0,-3.4739574367200787,-4.699999999999998,-1.1999999996060413,0.0,0.0,0.0,0.0,27.0,27.0,234.99999997356545,47.99999998424165,0.5726779500812358,1.0,0.007303558105997641,1.618681413548028,4.415129629672231,3012,nominal,sa
264.18341497766306,27,1,success,0.029167882635216504,0.02320529240230687,0,0,0,1.7689175801474533,1.7689175801474533,0,proxy_pcrb,1,27.0,134.99999997407724,27.49999998444634,27,0.6465996884410672,1.0,1,20.0,99.99999999948821,20.499999999795307,20,0.49875621172140444,1.0,117.49999998677589,-3.908298248291433,80.0,80.0,-3.508286761215337,-4.699999999999998,-1.1999999996060413,0.0,0.0,0.0,0.0,27.0,27.0,234.99999997356545,47.99999998424165,0.5726779500812358,1.0,0.008361712277299413,2.0641154350793793,4.4158814814889205,3013,nominal,sa
264.2658362959959,27,1,success,0.030759541830252177,0.05029102324373511,0,0,0,1.8057294142489848,1.8057294142489848,0,proxy_pcrb,1,27.0,134.99999997407724,27.49999998444634,27,0.6465996884410672,1.0,1,20.0,99.99999999948821,20.499999999795307,20,0.49875621172140444,1.0,117.49999998677589,-3.908298248291433,80.0,80.0,-3.4258654428824515,-4.699999999999998,-1.1999999996060413,0.0,0.0,0.0,0.0,27.0,27.0,234.99999997356545,47.99999998424165,0.5726779500812358,1.0,0.007130207602193362,1.5158029645873206,4.40333333325624,3014,nominal,sa
264.2141333444347,27,1,success,0.03228355732193628,0.03155307132306667,0,0,0,1.8930502987084685,1.8930502987084685,0,proxy_pcrb,1,27.0,134.99999997407724,27.49999998444634,27,0.6465996884410672,1.0,1,20.0,99.99999999948821,20.499999999795307,20,0.49875621172140444,1.0,117.49999998677589,-3.908298248291433,80.0,80.0,-3.477568394443672,-4.699999999999998,-1.1999999996060413,0.0,0.0,0.0,0.0,27.0,27.0,234.99999997356545,47.99999998424165,0.5726779500812358,1.0,0.008496052665799754,1.6348227137064257,4.521692592519416,3015,nominal,sa
264.2190182317612,27,1,success,0.030738038401625006,0.009897106166962853,0,0,0,1.6086181672059683,1.6086181672059683,0,proxy_pcrb,1,27.0,134.99999997407724,27.49999998444634,27,0.6465996884410672,1.0,1,20.0,99.99999999948821,20.499999999795307,20,0.49875621172140444,1.0,117.49999998677589,-3.908298248291433,80.0,80.0,-3.472683507117251,-4.699999999999998,-1.1999999996060413,0.0,0.0,0.0,0.0,27.0,27.0,234.99999997356545,47.99999998424165,0.5726779500812358,1.0,0.009487943979056206,1.620638637234327,4.442329629623769,3016,nominal,sa
264.3083782699558,27,1,success,0.03158167297877302,0.030154965231888254,0,0,0,1.6086545347454784,1.6086545347454784,0,proxy_pcrb,1,27.0,134.99999997407724,27.49999998444634,27,0.6465996884410672,1.0,1,20.0,99.99999999948821,20.499999999795307,20,0.49875621172140444,1.0,117.49999998677589,-3.908298248291433,80.0,80.0,-3.3833234689225624,-4.699999999999998,-1.1999999996060413,0.0,0.0,0.0,0.0,27.0,27.0,234.99999997356545,47.99999998424165,0.5726779500812358,1.0,0.005710477582433584,1.6969877564680627,4.35300740739169,3017,nominal,sa
264.30309915572093,27,1,success,0.03165877296289359,0.0197026011873285,0,0,0,1.8121356447449248,1.8121356447449248,0,proxy_pcrb,1,27.0,134.99999997407724,27.49999998444634,27,0.6465996884410672,1.0,1,20.0,99.99999999948821,20.499999999795307,20,0.49875621172140444,1.0,117.49999998677589,-3.908298248291433,80.0,80.0,-3.388602583157513,-4.699999999999998,-1.1999999996060413,0.0,0.0,0.0,0.0,27.0,27.0,234.99999997356545,47.99999998424165,0.5726779500812358,1.0,0.007396594112982513,1.5261764986120832,4.300381481462629,3018,nominal,sa
264.2320952224865,27,1,success,0.027113505951932643,0.048305615854919486,0,0,0,1.7513030162589116,1.7513030162589116,0,proxy_pcrb,1,27.0,134.99999997407724,27.49999998444634,27,0.6465996884410672,1.0,1,20.0,99.99999999948821,20.499999999795307,20,0.49875621172140444,1.0,117.49999998677589,-3.908298248291433,80.0,80.0,-3.4596065163918985,-4.699999999999998,-1.1999999996060413,0.0,0.0,0.0,0.0,27.0,27.0,234.99999997356545,47.99999998424165,0.5726779500812358,1.0,0.008904662960584456,1.96136294091221,4.533992592701839,3019,nominal,sa
264.1776738026167,27,1,success,0.03490989338027036,0.028053630315379895,0,0,0,1.603356057265073,1.603356057265073,0,proxy_pcrb,1,27.0,134.99999997407724,27.49999998444634,27,0.6465996884410672,1.0,1,20.0,99.99999999948821,20.499999999795307,20,0.49875621172140444,1.0,117.49999998677589,-3.908298248291433,80.0,80.0,-3.51402793626175,-4.699999999999998,-1.1999999996060413,0.0,0.0,0.0,0.0,27.0,27.0,234.99999997356545,47.99999998424165,0.5726779500812358,1.0,0.00925456758926861,1.460525287067054,4.486699999957906,3020,nominal,sa
264.2367802364417,27,1,success,0.03699736327919359,0.013357392728854774,0,0,0,1.6706592577363566,1.6706592577363566,0,proxy_pcrb,1,27.0,134.99999997407724,27.49999998444634,27,0.6465996884410672,1.0,1,20.0,99.99999999948821,20.499999999795307,20,0.49875621172140444,1.0,117.49999998677589,-3.908298248291433,80.0,80.0,-3.454921502436744,-4.699999999999998,-1.1999999996060413,0.0,0.0,0.0,0.0,27.0,27.0,234.99999997356545,47.99999998424165,0.5726779500812358,1.0,0.006253893869585164,1.4194728096732883,4.338318518589572,3021,nominal,sa
264.3420824305915,27,1,success,0.02451670963068362,0.02947441346255092,0,0,0,1.8460136490769172,1.8460136490769172,0,proxy_pcrb,1,27.0,134.99999997407724,27.49999998444634,27,0.6465996884410672,1.0,1,20.0,99.99999999948821,20.499999999795307,20,0.49875621172140444,1.0,117.49999998677589,-3.908298248291433,80.0,80.0,-3.349619308286911,-4.699999999999998,-1.1999999996060413,0.0,0.0,0.0,0.0,27.0,27.0,234.99999997356545,47.99999998424165,0.5726779500812358,1.0,0.008859245336855495,1.9878056375912712,4.321637037113153,3022,nominal,sa
263.79493087559825,27,1,success,0.03464176335400034,0.03359298510888921,0,0,0,1.7286134085867502,1.7286134085867502,0,proxy_pcrb,1,27.0,134.99999984446333,27.4999999326008,27,0.6465998180530044,1.0,1,22.0,109.9999999735026,22.91720829199774,22,0.013333766907296558,1.0,117.74271114437698,-4.131398059507938,80.0,80.0,-3.6559520036558184,-4.8999999999999995,-1.2604302056149637,0.0,0.0,0.0,0.0,27.0,27.0,244.99999981796594,50.41720822459854,0.3299667924801505,1.0,0.0113122062537405,2.098459427137351,4.549414814896914,3023,nominal,sa
264.2682104964642,27,1,success,0.030730417856897344,0.03940227369081078,0,0,0,1.7664545053563676,1.7664545053563676,0,proxy_pcrb,1,27.0,134.99999997407724,27.49999998444634,27,0.6465996884410672,1.0,1,20.0,99.99999999948821,20.499999999795307,20,0.49875621172140444,1.0,117.49999998677589,-3.908298248291433,80.0,80.0,-3.4234912424142085,-4.699999999999998,-1.1999999996060413,0.0,0.0,0.0,0.0,27.0,27.0,234.99999997356545,47.99999998424165,0.5726779500812358,1.0,0.007903607434906371,1.5970399389963905,4.629207407493528,3024,nominal,sa
264.3901720579739,27,1,success,0.02982997208487706,0.015595808668119701,0,0,0,1.4932715033240025,1.4932715033240025,0,proxy_pcrb,1,27.0,134.99999997407724,27.49999998444634,27,0.6465996884410672,1.0,1,20.0,99.99999999948821,20.499999999795307,20,0.49875621172140444,1.0,117.49999998677589,-3.908298248291433,80.0,80.0,-3.3015296809044585,-4.699999999999998,-1.1999999996060413,0.0,0.0,0.0,0.0,27.0,27.0,234.99999997356545,47.99999998424165,0.5726779500812358,1.0,0.008392075126816168,1.360871279615845,4.462111111091939,3025,nominal,sa
264.25984328001994,27,1,success,0.028773941500135895,0.02222708319988507,0,0,0,1.66202138692449,1.66202138692449,0,proxy_pcrb,1,27.0,134.99999997407724,27.49999998444634,27,0.6465996884410672,1.0,1,20.0,99.99999999948821,20.499999999795307,20,0.49875621172140444,1.0,117.49999998677589,-3.908298248291433,80.0,80.0,-3.4318584588585073,-4.699999999999998,-1.1999999996060413,0.0,0.0,0.0,0.0,27.0,27.0,234.99999997356545,47.99999998424165,0.5726779500812358,1.0,0.008572985919813838,2.08312749738358,4.392685185208662,3026,nominal,sa
264.1777696858144,27,1,success,0.03290175903822218,0.03352246034240159,0,0,0,1.7082922428930742,1.7082922428930742,0,proxy_pcrb,1,27.0,134.99999997407724,27.49999998444634,27,0.6465996884410672,1.0,1,20.0,99.99999999948821,20.499999999795307,20,0.49875621172140444,1.0,117.49999998677589,-3.908298248291433,80.0,80.0,-3.51393205306409,-4.699999999999998,-1.1999999996060413,0.0,0.0,0.0,0.0,27.0,27.0,234.99999997356545,47.99999998424165,0.5726779500812358,1.0,0.012334498594297128,1.7291700352134116,4.378833333383362,3027,nominal,sa
264.0497348824508,27,1,success,0.03724313047353593,0.023788419310967326,0,0,0,1.5505908344349515,1.5505908344349515,0,proxy_pcrb,1,27.0,134.99999997407724,27.49999998444634,27,0.6465996884410672,1.0,1,20.0,99.99999999948821,20.499999999795307,20,0.49875621172140444,1.0,117.49999998677589,-3.908298248291433,80.0,80.0,-3.6419668564276244,-4.699999999999998,-1.1999999996060413,0.0,0.0,0.0,0.0,27.0,27.0,234.99999997356545,47.99999998424165,0.5726779500812358,1.0,0.00934147000356397,1.4136548086711234,4.613840740738077,3028,nominal,sa
264.31155066234885,27,1,success,0.025307633993650405,0.015315406821432228,0,0,0,1.6430108753721608,1.6430108753721608,0,proxy_pcrb,1,27.0,134.99999997407724,27.49999998444634,27,0.6465996884410672,1.0,1,20.0,99.99999999948821,20.499999999795307,20,0.49875621172140444,1.0,117.49999998677589,-3.908298248291433,80.0,80.0,-3.380151076529587,-4.699999999999998,-1.1999999996060413,0.0,0.0,0.0,0.0,27.0,27.0,234.99999997356545,47.99999998424165,0.5726779500812358,1.0,0.00950609165470748,1.8417463142940822,4.462181481391815,3029,nominal,sa
264.1917637210987,27,1,success,0.0350845470346374,0.036528245822527186,0,0,0,1.883545831003199,1.883545831003199,0,proxy_pcrb,1,27.0,134.99999997407724,27.49999998444634,27,0.6465996884410672,1.0,1,20.0,99.99999999948821,20.499999999795307,20,0.49875621172140444,1.0,117.49999998677589,-3.908298248291433,80.0,80.0,-3.4999380177797015,-4.699999999999998,-1.1999999996060413,0.0,0.0,0.0,0.0,27.0,27.0,234.99999997356545,47.99999998424165,0.5726779500812358,1.0,0.007834287369189657,1.8297473624673584,5.315599999819285,3030,nominal,sa
264.308424980706,27,1,success,0.030249728199039636,0.01442283116550919,0,0,0,1.681160089683244,1.681160089683244,0,proxy_pcrb,1,27.0,134.99999997407724,27.49999998444634,27,0.6465996884410672,1.0,1,20.0,99.99999999948821,20.499999999795307,20,0.49875621172140444,1.0,117.49999998677589,-3.908298248291433,80.0,80.0,-3.383276758172452,-4.699999999999998,-1.1999999996060413,0.0,0.0,0.0,0.0,27.0,27.0,234.99999997356545,47.99999998424165,0.5726779500812358,1.0,0.006686251754444717,1.4328518819243488,4.523485185186642,3031,nominal,sa
264.31103688410377,27,1,success,0.027366455592014404,0.0121322348284338,0,0,0,1.9185378109056763,1.9185378109056763,0,proxy_pcrb,1,27.0,134.99999997407724,27.49999998444634,27,0.6465996884410672,1.0,1,20.0,99.99999999948821,20.499999999795307,20,0.49875621172140444,1.0,117.49999998677589,-3.908298248291433,80.0,80.0,-3.3806648547746887,-4.699999999999998,-1.1999999996060413,0.0,0.0,0.0,0.0,27.0,27.0,234.99999997356545,47.99999998424165,0.5726779500812358,1.0,0.008661618671398962,1.6414833693348,4.548796296283534,3032,nominal,sa
264.1976192575067,27,1,success,0.037861463279874594,0.013188621156128472,0,0,0,1.5167539868500761,1.5167539868500761,0,proxy_pcrb,1,27.0,134.99999997407724,27.49999998444634,27,0.6465996884410672,1.0,1,20.0,99.99999999948821,20.499999999795307,20,0.49875621172140444,1.0,117.49999998677589,-3.908298248291433,80.0,80.0,-3.4940824813716858,-4.699999999999998,-1.1999999996060413,0.0,0.0,0.0,0.0,27.0,27.0,234.99999997356545,47.99999998424165,0.5726779500812358,1.0,0.006607246325253724,1.3607200550669927,4.547907407396889,3033,nominal,sa
264.2154737277974,27,1,success,0.02882231675841054,0.0357350974812643,0,0,0,2.0173810709308366,2.0173810709308366,0,proxy_pcrb,1,27.0,134.99999997407724,27.49999998444634,27,0.6465996884410672,1.0,1,20.0,99.99999999948821,20.499999999795307,20,0.49875621172140444,1.0,117.49999998677589,-3.908298248291433,80.0,80.0,-3.4762280110810164,-4.699999999999998,-1.1999999996060413,0.0,0.0,0.0,0.0,27.0,27.0,234.99999997356545,47.99999998424165,0.5726779500812358,1.0,0.009518489578230836,1.8434310750186602,4.676637037037937,3034,nominal,sa
264.1818116248834,27,1,success,0.03228096506771907,0.05868974655429193,0,0,0,1.5787151836498965,1.5787151836498965,0,proxy_pcrb,1,27.0,134.99999997407724,27.49999998444634,27,0.6465996884410672,1.0,1,20.0,99.99999999948821,20.499999999795307,20,0.49875621172140444,1.0,117.49999998677589,-3.908298248291433,80.0,80.0,-3.509890113995047,-4.699999999999998,-1.1999999996060413,0.0,0.0,0.0,0.0,27.0,27.0,234.99999997356545,47.99999998424165,0.5726779500812358,1.0,0.008386194376225493,1.6621664811603976,4.67141481496785,3035,nominal,sa
264.32872528913583,27,1,success,0.03511854425566486,0.03291426423241106,0,0,0,1.7968161347476963,1.7968161347476965,0,proxy_pcrb,1,27.0,134.99999997407724,27.49999998444634,27,0.6465996884410672,1.0,1,20.0,99.99999999948821,20.499999999795307,20,0.49875621172140444,1.0,117.49999998677589,-3.908298248291433,80.0,80.0,-3.36297644974254,-4.699999999999998,-1.1999999996060413,0.0,0.0,0.0,0.0,27.0,27.0,234.99999997356545,47.99999998424165,0.5726779500812358,1.0,0.011437080006345869,1.6179501424871068,4.887655555648962,3036,nominal,sa
264.134147809881,27,1,success,0.030896735196462737,0.03277327639273294,0,0,0,1.5183876306400907,1.5183876306400903,0,proxy_pcrb,1,27.0,134.99999997407724,27.49999998444634,27,0.6465996884410672,1.0,1,20.0,99.99999999948821,20.499999999795307,20,0.49875621172140444,1.0,117.49999998677589,-3.908298248291433,80.0,80.0,-3.557553928997472,-4.699999999999998,-1.1999999996060413,0.0,0.0,0.0,0.0,27.0,27.0,234.99999997356545,47.99999998424165,0.5726779500812358,1.0,0.00847769428598711,1.4736673871144743,4.5631444444788265,3037,nominal,sa
264.39470609935324,27,1,success,0.029818924870455517,0.012030647577599675,0,0,0,1.7813855518166894,1.7813855518166894,0,proxy_pcrb,1,27.0,134.99999997407724,27.49999998444634,27,0.6465996884410672,1.0,1,20.0,99.99999999948821,20.499999999795307,20,0.49875621172140444,1.0,117.49999998677589,-3.908298248291433,80.0,80.0,-3.296995639525168,-4.699999999999998,-1.1999999996060413,0.0,0.0,0.0,0.0,27.0,27.0,234.99999997356545,47.99999998424165,0.5726779500812358,1.0,0.007646967215563666,1.98853573835456,4.80125925918805,3038,nominal,sa
264.10752377643905,27,1,success,0.03723810916759179,0.021956141090276018,0,0,0,1.8855343134498952,1.8855343134498952,0,proxy_pcrb,1,27.0,134.99999997407724,27.49999998444634,27,0.6465996884410672,1.0,1,20.0,99.99999999948821,20.499999999795307,20,0.49875621172140444,1.0,117.49999998677589,-3.908298248291433,80.0,80.0,-3.584177962439349,-4.699999999999998,-1.1999999996060413,0.0,0.0,0.0,0.0,27.0,27.0,234.99999997356545,47.99999998424165,0.5726779500812358,1.0,0.010827601852613269,2.1034336548286516,5.118218518503084,3039,nominal,sa
264.22635991982094,27,1,success,0.031761775805499846,0.02639932152811212,0,0,0,1.7114527089063079,1.7114527089063079,0,proxy_pcrb,1,27.0,134.99999997407724,27.49999998444634,27,0.6465996884410672,1.0,1,20.0,99.99999999948821,20.499999999795307,20,0.49875621172140444,1.0,117.49999998677589,-3.908298248291433,80.0,80.0,-3.4653418190574676,-4.699999999999998,-1.1999999996060413,0.0,0.0,0.0,0.0,27.0,27.0,234.99999997356545,47.99999998424165,0.5726779500812358,1.0,0.00900277660541712,1.4499813221838551,4.811362962990878,3040,nominal,sa
264.22925694906303,27,1,success,0.03127673507852791,0.014646120966052376,0,0,0,1.7879208624963876,1.7879208624963878,0,proxy_pcrb,1,27.0,134.99999997407724,27.49999998444634,27,0.6465996884410672,1.0,1,20.0,99.99999999948821,20.499999999795307,20,0.49875621172140444,1.0,117.49999998677589,-3.908298248291433,80.0,80.0,-3.462444789815367,-4.699999999999998,-1.1999999996060413,0.0,0.0,0.0,0.0,27.0,27.0,234.99999997356545,47.99999998424165,0.5726779500812358,1.0,0.011347839215834625,1.6508626026954443,5.1370666667733325,3041,nominal,sa
264.31943585565676,27,1,success,0.02825756028730753,0.018427698582843457,0,0,0,1.9885009078209956,1.9885009078209954,0,proxy_pcrb,1,27.0,134.99999997407724,27.49999998444634,27,0.6465996884410672,1.0,1,20.0,99.99999999948821,20.499999999795307,20,0.49875621172140444,1.0,117.49999998677589,-3.908298248291433,80.0,80.0,-3.372265883221615,-4.699999999999998,-1.1999999996060413,0.0,0.0,0.0,0.0,27.0,27.0,234.99999997356545,47.99999998424165,0.5726779500812358,1.0,0.008569138207963397,1.9445247842277906,5.017100000023439,3042,nominal,sa
264.20056183618647,27,1,success,0.03195605285840744,0.03853952341180526,0,0,0,2.3002907783673434,2.3002907783673434,0,proxy_pcrb,1,27.0,134.99999997407724,27.49999998444634,27,0.6465996884410672,1.0,1,20.0,99.99999999948821,20.499999999795307,20,0.49875621172140444,1.0,117.49999998677589,-3.908298248291433,80.0,80.0,-3.4911399026919807,-4.699999999999998,-1.1999999996060413,0.0,0.0,0.0,0.0,27.0,27.0,234.99999997356545,47.99999998424165,0.5726779500812358,1.0,0.008910557680686514,2.195480803851802,4.65527037033974,3043,nominal,sa
264.12144785463965,27,1,success,0.0334345510049802,0.014193445243770782,0,0,0,1.916682570274553,1.916682570274553,0,proxy_pcrb,1,27.0,134.99999997407724,27.49999998444634,27,0.6465996884410672,1.0,1,20.0,99.99999999948821,20.499999999795307,20,0.49875621172140444,1.0,117.49999998677589,-3.908298248291433,80.0,80.0,-3.570253884238764,-4.699999999999998,-1.1999999996060413,0.0,0.0,0.0,0.0,27.0,27.0,234.99999997356545,47.99999998424165,0.5726779500812358,1.0,0.011261597521498194,1.5053532241093495,4.391955555547611,3044,nominal,sa
264.3103467704913,27,1,success,0.03026566268614836,0.012158489192990236,0,0,0,1.6365497147328585,1.6365497147328585,0,proxy_pcrb,1,27.0,134.99999997407724,27.49999998444634,27,0.6465996884410672,1.0,1,20.0,99.99999999948821,20.499999999795307,20,0.49875621172140444,1.0,117.49999998677589,-3.908298248291433,80.0,80.0,-3.381354968387134,-4.699999999999998,-1.1999999996060413,0.0,0.0,0.0,0.0,27.0,27.0,234.99999997356545,47.99999998424165,0.5726779500812358,1.0,0.007300516946934954,1.8238381429871187,4.580870370335577,3045,nominal,sa
264.28857154493414,27,1,success,0.029334424172821224,0.0317360743716439,0,0,0,1.6806594677427105,1.6806594677427105,0,proxy_pcrb,1,27.0,134.99999997407724,27.49999998444634,27,0.6465996884410672,1.0,1,20.0,99.99999999948821,20.499999999795307,20,0.49875621172140444,1.0,117.49999998677589,-3.908298248291433,80.0,80.0,-3.4031301939442846,-4.699999999999998,-1.1999999996060413,0.0,0.0,0.0,0.0,27.0,27.0,234.99999997356545,47.99999998424165,0.5726779500812358,1.0,0.010560339978733922,1.4331403741097433,4.420137037110787,3046,nominal,sa
264.28960314982686,27,1,success,0.03234915431496891,0.01804517456477493,0,0,0,1.7908121638900705,1.7908121638900705,0,proxy_pcrb,1,27.0,134.99999997407724,27.49999998444634,27,0.6465996884410672,1.0,1,20.0,99.99999999948821,20.499999999795307,20,0.49875621172140444,1.0,117.49999998677589,-3.908298248291433,80.0,80.0,-3.402098589051564,-4.699999999999998,-1.1999999996060413,0.0,0.0,0.0,0.0,27.0,27.0,234.99999997356545,47.99999998424165,0.5726779500812358,1.0,0.008161248756189062,1.627068228474707,4.351822222175811,3047,nominal,sa
264.1327408071709,27,1,success,0.035448117193156096,0.028670277030262373,0,0,0,1.793035649309642,1.793035649309642,0,proxy_pcrb,1,27.0,134.99999997407724,27.49999998444634,27,0.6465996884410672,1.0,1,20.0,99.99999999948821,20.499999999795307,20,0.49875621172140444,1.0,117.49999998677589,-3.908298248291433,80.0,80.0,-3.5589609317075745,-4.699999999999998,-1.1999999996060413,0.0,0.0,0.0,0.0,27.0,27.0,234.99999997356545,47.99999998424165,0.5726779500812358,1.0,0.007961232674607997,1.690045306934585,4.359503703738112,3048,nominal,sa
264.3006516987841,27,1,success,0.03231343699026235,0.013270689501029723,0,0,0,1.570208031959627,1.570208031959627,0,proxy_pcrb,1,27.0,134.99999997407724,27.49999998444634,27,0.6465996884410672,1.0,1,20.0,99.99999999948821,20.499999999795307,20,0.49875621172140444,1.0,117.49999998677589,-3.908298248291433,80.0,80.0,-3.39105004009435,-4.699999999999998,-1.1999999996060413,0.0,0.0,0.0,0.0,27.0,27.0,234.99999997356545,47.99999998424165,0.5726779500812358,1.0,0.009540687315187136,1.463193812066629,4.365585185210135,3049,nominal,sa
264.2073488505144,27,1,success,0.03460491514014696,0.021878123396447353,0,0,0,1.5880598338724443,1.5880598338724443,0,proxy_pcrb,1,27.0,134.99999997407724,27.49999998444634,27,0.6465996884410672,1.0,1,20.0,99.99999999948821,20.499999999795307,20,0.49875621172140444,1.0,117.49999998677589,-3.908298248291433,80.0,80.0,-3.4843528883640813,-4.699999999999998,-1.1999999996060413,0.0,0.0,0.0,0.0,27.0,27.0,234.99999997356545,47.99999998424165,0.5726779500812358,1.0,0.009359257621712722,1.6581824347913292,4.950496296394839,3050,nominal,sa
249.90404194000115,37,1,success,0.029554893303477648,0.00822865782133248,0,0,9,1.8850736261216579,1.8850736261216579,0,proxy_pcrb,1,37.0,144.65225440451584,45.97330933914702,37,4.919860487407502,1.0,1,20.0,100.00000000000001,29.232212998499985,20,1.071403147619987,1.0,115.0770461193434,-4.150658537772563,80.0,80.0,-4.442207583128471,-5.699999999999995,-1.8801380584411755,0.0,0.0,-9.0,0.0,37.0,37.0,244.65225440451587,75.20552233764701,2.995631817513744,1.0,0.005237261711953038,2.538900312931336,0.1910027027111642,3001,nominal,mappo
249.6700149734915,37,1,success,0.024824254125461385,0.009416363074162307,0,0,9,2.1487301383196824,2.1487301383196824,0,proxy_pcrb,1,37.0,145.0144439238381,46.080105792008304,37,4.870797660215036,1.0,1,20.0,99.99999999999999,29.28218917597942,20,1.0963030058483465,1.0,115.08912760382543,-4.149887245867699,80.0,80.0,-4.6851680102664774,-5.699999999999995,-1.8840573741996938,0.0,0.0,-9.0,0.0,37.0,37.0,245.0144439238381,75.36229496798772,2.9835503330316913,1.0,0.008654818856752521,2.2533514488956987,0.20080270273005274,3002,nominal,mappo
260.834849772771,28,1,success,0.031116136001711148,0.04656417179507767,0,0,0,1.552843279127282,1.552843279127282,0,proxy_pcrb,1,28.0,140.0,41.987204628941136,28,4.928770405689073,1.0,1,20.0,100.00000000000001,29.299944539461745,20,1.2019768868685874,1.0,115.0073042905783,-4.033213333213622,80.0,80.0,-3.5570624553835732,-4.799999999999998,-1.7821787292100724,0.0,0.0,0.0,0.0,28.0,28.0,240.0,71.28714916840288,3.06537364627883,1.0,0.006451408426506525,1.5069295411970747,0.19973214278122345,3003,nominal,mappo
252.16443148375436,35,1,success,0.02438441337932127,0.010109902383812671,0,0,7,1.6591640684157023,1.6591640684157023,0,proxy_pcrb,1,35.0,144.14657702387575,45.166227712302515,35,4.974946272774432,1.0,1,20.0,100.0,29.335609711739806,20,1.1182844063056567,1.0,115.02606259731711,-4.126678889105561,80.0,80.0,-4.372406288856142,-5.499999999999996,-1.8625459356010576,0.0,0.0,-7.0,0.0,35.0,35.0,244.14657702387575,74.50183742404232,3.046615339540044,1.0,0.011253385854732146,1.618825699996357,0.19158571438830613,3004,nominal,mappo
222.87771273452967,59,1,success,0.02084173258437653,0.0125825581230795,0,0,31,1.7987119096020594,1.7987119096020594,0,proxy_pcrb,1,59.0,149.98702817484235,54.36761155802208,59,4.947765547155694,1.0,1,20.0,100.0,29.226783393376927,20,1.1686282926053244,1.0,115.01448101697665,-4.423856607884081,80.0,80.0,-6.723051800777913,-7.899999999999987,-2.0898598737849747,0.0,0.0,-31.0,0.0,59.0,59.0,249.98702817484235,83.59439495139901,3.0581969198805092,1.0,0.006530456591470767,1.8248534570246866,0.17453559320205447,3005,nominal,mappo
238.7528797817163,46,1,success,0.020846342495398157,0.013078365319970805,0,0,18,1.5553005099071666,1.5553005099071666,0,proxy_pcrb,1,46.0,146.6660860019797,49.50253210331128,46,4.957206606089911,1.0,1,20.0,100.0,29.2797816608481,20,1.1312984549142435,1.0,115.02842540635503,-4.26295951418825,80.0,80.0,-5.443028266346452,-6.599999999999992,-1.969557844103985,0.0,0.0,-18.0,0.0,46.0,46.0,246.6660860019797,78.78231376415938,3.044252530502077,1.0,0.007585927256584457,1.5224145569345215,0.21680434786938588,3006,nominal,mappo
250.781752978901,36,1,success,0.03123494305129943,0.015706780124547657,0,0,8,1.8995604858888582,1.8995604858888582,0,proxy_pcrb,1,36.0,144.67611739108654,45.67241980279504,36,4.857604056742113,1.0,1,20.0,100.0,29.248348928247395,20,1.1315940630130508,1.0,115.07807887697955,-4.137676224115456,80.0,80.0,-4.685630455687109,-5.599999999999995,-1.873019218276061,0.0,0.0,-8.0,0.0,36.0,36.0,244.67611739108654,74.92076873104244,2.9945990598775816,1.0,0.00795922228048862,2.0175290653868525,0.19546388878350424,3007,nominal,mappo
261.07852957824554,28,1,success,0.02577341915226859,0.008418555318403896,0,0,0,1.8107042308913004,1.8107042308913004,0,proxy_pcrb,1,28.0,140.0,41.965925038301854,28,4.92867881232262,1.0,1,20.0,99.99999999999999,29.25739672713453,20,1.1199998411823735,1.0,115.04833861010464,-4.034383073085384,80.0,80.0,-3.3548429146378203,-4.799999999999998,-1.780583044135909,0.0,0.0,0.0,0.0,28.0,28.0,240.0,71.22332176543638,3.024339326752497,1.0,0.007378776351029815,1.7712733650918249,0.23413214285028516,3008,nominal,mappo
253.4166166953122,34,1,success,0.02872757445775046,0.05906391811058176,0,0,6,1.8516454407371312,1.8516454407371312,0,proxy_pcrb,1,34.0,143.90987830863355,44.77160175497101,34,4.789456895746839,1.0,1,20.0,100.00000000000003,29.278316430260183,20,1.132495495568232,1.0,115.1117017411996,-4.113881680719397,80.0,80.0,-4.3299554105372335,-5.399999999999996,-1.8512479546307794,0.0,0.0,-6.0,0.0,34.0,34.0,243.90987830863358,74.04991818523119,2.9609761956575356,1.0,0.0076168763718081015,2.230149044670731,0.23421176475120078,3009,nominal,mappo
248.45471496053426,38,1,success,0.02279823219843632,0.012233716925106592,0,0,10,1.730192210860983,1.730192210860983,0,proxy_pcrb,1,38.0,145.21999621979614,46.50405846535293,38,4.97391871886626,1.0,1,20.0,100.0,29.3045877274223,20,1.267052360564166,1.0,114.9521923971419,-4.163354226385445,80.0,80.0,-4.638907055402816,-5.7999999999999945,-1.8952161548193804,0.0,0.0,-10.0,0.0,38.0,38.0,245.21999621979614,75.80864619277523,3.120485539715213,1.0,0.007148051170536782,1.7463374735221768,0.21555526310342094,3010,nominal,mappo
249.88255241359616,37,1,success,0.019266675025635872,0.012425386556243277,0,0,9,1.501206846623255,1.501206846623255,0,proxy_pcrb,1,37.0,144.6214093635967,45.992615833518435,37,4.989706185585186,1.0,1,20.0,99.99999999999999,29.316010995159786,20,1.2302229170040406,1.0,114.96271338556252,-4.151983776910563,80.0,80.0,-4.345461524338832,-5.699999999999995,-1.882715670716956,0.0,0.0,-9.0,0.0,37.0,37.0,244.62140936359668,75.30862682867823,3.1099645512946132,1.0,0.0064604271440046,1.4170049936263756,0.20043513519045222,3011,nominal,mappo
260.8314539229951,28,1,success,0.028321946874025356,0.037404889008124595,0,0,0,1.8310003968879183,1.8310003968879183,0,proxy_pcrb,1,28.0,140.0,41.98352602133927,28,4.885001476214139,1.0,1,20.0,100.0,29.402186783657847,20,1.217119132840943,1.0,115.0216176323296,-4.0346147211838215,80.0,80.0,-3.5709061680257763,-4.799999999999998,-1.7846428201249278,0.0,0.0,0.0,0.0,28.0,28.0,240.0,71.38571280499713,3.051060304527541,1.0,0.007489846662375016,1.618681413548028,0.2158535712948963,3012,nominal,mappo
246.78402640992374,39,1,success,0.026279532914044532,0.025106851065268113,0,0,11,1.7388851655551931,1.7388851655551931,0,proxy_pcrb,1,39.0,145.02216077758675,46.92551231476951,39,4.969138036406415,1.0,1,20.0,99.99999999999997,29.24999424557676,20,1.4602197924326934,1.0,114.85799902243757,-4.174125325108608,80.0,80.0,-5.095459623396548,-5.899999999999994,-1.9043876640086568,0.0,0.0,-11.0,0.0,39.0,39.0,245.02216077758672,76.17550656034628,3.214678914419554,1.0,0.008830246341045424,2.0641154350793793,0.1937794871152549,3013,nominal,mappo
252.08315748922007,35,1,success,0.02633827431040024,0.049427229753727674,0,0,7,1.793428743057366,1.793428743057366,0,proxy_pcrb,1,35.0,144.19620563563146,45.273647118530455,35,4.9930110608356495,1.0,1,20.0,99.99999999999997,29.340893926346382,20,1.108850258477106,1.0,115.02174727720076,-4.128494960323645,80.0,80.0,-4.444731301535091,-5.499999999999996,-1.865363526121921,0.0,0.0,-7.0,0.0,35.0,35.0,244.19620563563143,74.61454104487683,3.0509306596563777,1.0,0.007099877819351943,1.5158029645873206,0.20227999996547755,3014,nominal,mappo
260.76596487979293,28,1,success,0.029414904680036463,0.06417280568098678,0,0,0,1.865828968527247,1.865828968527247,0,proxy_pcrb,1,28.0,140.0,41.97717324739295,28,4.989883513085338,1.0,1,20.0,100.00000000000001,29.288851013200574,20,1.2486035818098962,1.0,114.95343438940954,-4.033195202237931,80.0,80.0,-3.5726237008638244,-4.799999999999998,-1.781650606514838,0.0,0.0,0.0,0.0,28.0,28.0,240.0,71.26602426059353,3.119243547447617,1.0,0.00857897910297741,1.6348227137064257,0.21301785708211746,3015,nominal,mappo
254.52509640291942,33,1,success,0.027383736990858856,0.014610444293831746,0,0,5,1.584433506599431,1.584433506599431,0,proxy_pcrb,1,33.0,143.60972473577445,44.40138960116369,33,4.9614351458225245,1.0,1,20.0,100.00000000000003,29.2765479246873,20,1.1685807755573532,1.0,115.0076699761672,-4.100246392077225,80.0,80.0,-4.24037874302435,-5.299999999999996,-1.841948438146275,0.0,0.0,-5.0,0.0,33.0,33.0,243.60972473577448,73.677937525851,3.0650079606899387,1.0,0.009626828664367695,1.620638637234327,0.23868787885669118,3016,nominal,mappo
261.082206427418,28,1,success,0.026577354607818324,0.012222267018614029,0,0,0,1.5816839675475505,1.5816839675475505,0,proxy_pcrb,1,28.0,140.0,41.99742948740554,28,4.9412892005032205,1.0,1,20.0,99.99999999999999,29.18751189132104,20,1.045009196684888,1.0,115.07952873826305,-4.034604703904679,80.0,80.0,-3.383094072472238,-4.799999999999998,-1.7796235344681643,0.0,0.0,0.0,0.0,28.0,28.0,240.0,71.18494137872658,2.9931491985940544,1.0,0.005559836780927372,1.6969877564680627,0.19706785714593675,3017,nominal,mappo
260.99713237196227,28,1,success,0.026880136924859025,0.011435379996784054,0,0,0,1.8089008816988381,1.8089008816988381,0,proxy_pcrb,1,28.0,140.00000000000003,41.96436880295169,28,4.975777685140699,1.0,1,20.0,99.99999999999999,29.238069981180153,20,1.0638240645052572,1.0,115.05287706203418,-4.033527441007502,80.0,80.0,-3.4421562794610585,-4.799999999999998,-1.7800609696032954,0.0,0.0,0.0,0.0,28.0,28.0,240.0,71.20243878413184,3.019800874822978,1.0,0.007741582125179769,1.5261764986120832,0.20494285711590368,3018,nominal,mappo
260.83580457604154,28,1,success,0.022967032344135,0.015560968643967098,0,0,0,1.735949967410726,1.735949967410726,0,proxy_pcrb,1,28.0,140.00000000000003,41.99945847954601,28,4.977265880003993,1.0,1,20.0,100.0,29.255814651797994,20,1.328170806736564,1.0,114.91995959348688,-4.033416151602604,80.0,80.0,-3.4693570375590967,-4.799999999999998,-1.7813818282836,0.0,0.0,0.0,0.0,28.0,28.0,240.00000000000003,71.255273131344,3.1527183433702786,1.0,0.009155636836365303,1.96136294091221,0.20109999988043065,3019,nominal,mappo
233.63691698250446,50,1,success,0.024273427933511445,0.004338262852201203,0,0,22,1.7207406338365445,1.7207406338365445,0,proxy_pcrb,1,50.0,147.2693504206639,51.00937214674086,50,4.98631056526315,1.0,1,20.0,100.00000000000003,29.486114318677657,20,1.2833306270662157,1.0,114.93785734069245,-4.3123970662516085,80.0,80.0,-5.976156130300872,-6.99999999999999,-2.012387161635463,0.0,0.0,-22.0,0.0,50.0,50.0,247.26935042066393,80.49548646541851,3.1348205961646824,1.0,0.009658692623220463,1.460525287067054,0.17317799994998495,3020,nominal,mappo
260.8713985406341,28,1,success,0.03474711079803631,0.09904012202258805,0,0,0,1.672550154608572,1.672550154608572,0,proxy_pcrb,1,28.0,139.99999999999997,41.96765732266081,28,4.974011684487906,1.0,1,20.0,100.0,29.295015871840647,20,1.0387123610682718,1.0,115.06631591407906,-4.033384137969711,80.0,80.0,-3.5799664056126534,-4.799999999999998,-1.7815668298625371,0.0,0.0,0.0,0.0,28.0,28.0,239.99999999999997,71.26267319450146,3.006362022778089,1.0,0.0061594229372697405,1.4194728096732883,0.19815357141591708,3021,nominal,mappo
245.94754599805157,40,1,success,0.02195127130287779,0.010825405796884444,0,0,12,1.7940753857076,1.7940753857076,0,proxy_pcrb,1,40.0,145.29236759625297,47.307920629441796,40,4.860663403901163,1.0,1,20.0,100.0,29.332011719587758,20,1.348739830969276,1.0,114.96797631942191,-4.187614012744634,80.0,80.0,-4.916817999899976,-5.999999999999994,-1.915998308725739,0.0,0.0,-12.0,0.0,40.0,40.0,245.29236759625297,76.63993234902955,3.1047016174352193,1.0,0.009028241866795425,1.9878056375912712,0.17989499997383973,3022,nominal,mappo
253.53725708288204,34,1,success,0.02659093201390717,0.012107244032049689,0,0,6,1.7500807759064847,1.7500807759064847,0,proxy_pcrb,1,34.0,143.91883684623556,44.84077275922644,34,4.999903291380399,1.0,1,20.0,100.00000000000001,29.29219830686787,20,1.0854998513050143,1.0,115.02997636551439,-4.116120287747902,80.0,80.0,-4.123274718232143,-5.399999999999996,-1.8533242766523579,0.0,0.0,-6.0,0.0,34.0,34.0,243.9188368462356,74.13297106609431,3.0427015713427066,1.0,0.007378827623197165,2.098459427137351,0.18888529407109567,3023,nominal,mappo
260.87267665612137,28,1,success,0.027496803324227527,0.048841199157724675,0,0,0,1.7499244921588817,1.7499244921588815,0,proxy_pcrb,1,28.0,140.0,41.977006622499886,28,4.921951742016438,1.0,1,20.0,100.0,29.399117423170463,20,1.2716998048227084,1.0,114.97585216343757,-4.035289551911448,80.0,80.0,-3.4834828542629164,-4.799999999999998,-1.7844031011417594,0.0,0.0,0.0,0.0,28.0,28.0,240.0,71.37612404567035,3.0968257734195728,1.0,0.008036865790234122,1.5970399389963905,0.1991535714945972,3024,nominal,mappo
247.04698408745372,39,1,success,0.026475988523035225,0.018548447899632423,0,0,11,1.6089754555039577,1.6089754555039577,0,proxy_pcrb,1,39.0,145.29091394394342,46.8774928749345,39,4.996782749568648,1.0,1,20.0,99.99999999999999,29.354185831026975,20,1.4625237817833552,1.0,114.84302467118115,-4.179012240711533,80.0,80.0,-4.811236375366902,-5.899999999999994,-1.9057919676490374,0.0,0.0,-11.0,0.0,39.0,39.0,245.2909139439434,76.23167870596147,3.2296532656760015,1.0,0.008218192887615964,1.360871279615845,0.180697435891302,3025,nominal,mappo
253.50669376943205,34,1,success,0.023363647979758494,0.02061040506187163,0,0,6,1.582305477079218,1.582305477079218,0,proxy_pcrb,1,34.0,143.83392309434223,44.71569615630443,34,4.990609628448149,1.0,1,20.0,99.99999999999997,29.21558954641558,20,1.0230305031358826,1.0,115.06585787106512,-4.114787810985444,80.0,80.0,-4.196094148079678,-5.399999999999996,-1.848282142568001,0.0,0.0,-6.0,0.0,34.0,34.0,243.8339230943422,73.93128570272,3.0068200657920157,1.0,0.008758577166960718,2.08312749738358,0.1891647058501429,3026,nominal,mappo
240.89745789664735,44,1,success,0.024845941307885703,0.005768921892679122,0,0,16,1.6575928188063316,1.6575928188063316,0,proxy_pcrb,1,44.0,146.08208262945453,48.89106477449738,44,4.988441684289151,1.0,1,20.0,100.00000000000003,29.302281552750877,20,1.1683419298459337,1.0,114.99428612978957,-4.235333747469777,80.0,80.0,-5.506660827491239,-6.399999999999992,-1.954833658181207,0.0,0.0,-16.0,0.0,44.0,44.0,246.08208262945456,78.19334632724826,3.078391807067542,1.0,0.012746087512755966,1.7291700352134116,0.1767204545434321,3027,nominal,mappo
260.6620888448874,28,1,success,0.033227115941860653,0.03623497826063274,0,0,0,1.5760565588788658,1.5760565588788658,0,proxy_pcrb,1,28.0,140.0,41.99438662815524,28,4.954991189393626,1.0,1,20.0,99.99999999999999,29.301479341993026,20,1.1118697740417383,1.0,115.03924745513945,-4.03240677478322,80.0,80.0,-3.762355186215052,-4.799999999999998,-1.782396649253707,0.0,0.0,0.0,0.0,28.0,28.0,240.0,71.29586597014827,3.033430481717682,1.0,0.009975692666350854,1.4136548086711234,0.24647500003993628,3028,nominal,mappo
249.44981094098063,37,1,success,0.023652815871711586,0.024161232451855533,0,0,9,1.7415170924939365,1.7415170924939365,0,proxy_pcrb,1,37.0,144.83548791039365,46.130681330988224,37,4.9680275474176705,1.0,1,20.0,100.0,29.295940166020138,20,1.5606159780639293,1.0,114.80835617411638,-4.152967548842907,80.0,80.0,-4.61991214686761,-5.699999999999995,-1.8856655374252091,0.0,0.0,-9.0,0.0,37.0,37.0,244.83548791039365,75.42662149700837,3.2643217627408,1.0,0.009632060168906173,1.8417463142940822,0.24400540533443327,3029,nominal,mappo
233.52971030070427,50,1,success,0.026853954982018754,0.014055519727770846,0,0,22,1.8037519495774317,1.8037519495774317,0,proxy_pcrb,1,50.0,147.60009301013642,51.14258592328922,50,4.964324932595462,1.0,1,20.0,100.00000000000001,29.28612925350715,20,1.1949684948793107,1.0,114.99303122311976,-4.311373010244469,80.0,80.0,-6.141230032751092,-6.99999999999999,-2.01071787941991,0.0,0.0,-22.0,0.0,50.0,50.0,247.60009301013645,80.42871517679637,3.079646713737386,1.0,0.007585405098382253,1.8297473624673584,0.21900200001255143,3030,nominal,mappo
252.2638967506902,35,1,success,0.02615648957814583,0.023510212516187456,0,0,7,1.7273523875698569,1.7273523875698569,0,proxy_pcrb,1,35.0,144.2847895100654,45.157930317393046,35,4.875576262785892,1.0,1,20.0,99.99999999999999,29.285470797187468,20,1.0679661481304967,1.0,115.10090673139895,-4.1258205872158875,80.0,80.0,-4.35010436562833,-5.499999999999996,-1.8610850278645126,0.0,0.0,-7.0,0.0,35.0,35.0,244.28478951006537,74.44340111458051,2.9717712054581944,1.0,0.006498350132800082,1.4328518819243488,0.21157714293492194,3031,nominal,mappo
252.05420951689456,35,1,success,0.023753941219535914,0.024778488929760777,0,0,7,1.8914950558272765,1.8914950558272765,0,proxy_pcrb,1,35.0,144.2666804980377,45.21662283275786,35,4.9183829144904125,1.0,1,20.0,100.00000000000003,29.325976019389454,20,1.3526299718480534,1.0,114.9371714936879,-4.127687640290549,80.0,80.0,-4.391709365199131,-5.499999999999996,-1.8635649713036828,0.0,0.0,-7.0,0.0,35.0,35.0,244.26668049803772,74.54259885214731,3.135506443169233,1.0,0.008213343163420355,1.6414833693348,0.21088285710512927,3032,nominal,mappo
260.9343184952289,28,1,success,0.035087846609246166,0.08730394213771502,0,0,0,1.5042078666511611,1.5042078666511611,0,proxy_pcrb,1,28.0,140.0,41.97308193555017,28,4.878468089015106,1.0,1,20.0,99.99999999999999,29.22792384778406,20,0.9777292149329677,1.0,115.1445792848831,-4.032785167773961,80.0,80.0,-3.597450477296875,-4.799999999999998,-1.7800251445833561,0.0,0.0,0.0,0.0,28.0,28.0,240.0,71.20100578333422,2.928098651974037,1.0,0.006437378659802822,1.3607200550669927,0.21657857135843578,3033,nominal,mappo
260.6318164659165,28,1,success,0.0257138199298988,0.048333947086908594,0,0,0,1.9925995811927102,1.9925995811927102,0,proxy_pcrb,1,28.0,140.00000000000003,41.997452083683505,28,4.978706174634278,1.0,1,20.0,99.99999999999997,29.270021137388408,20,1.557889258735297,1.0,114.80438022017236,-4.035403921875385,80.0,80.0,-3.5554730018537333,-4.799999999999998,-1.7816868305267979,0.0,0.0,0.0,0.0,28.0,28.0,240.0,71.26747322107191,3.2682977166847875,1.0,0.009469723348666076,1.8434310750186602,0.23375357139749603,3034,nominal,mappo
244.61722323652936,41,1,success,0.026155944754421727,0.004168223160876781,0,0,13,1.6525235889604344,1.6525235889604344,0,proxy_pcrb,1,41.0,146.10855140290784,47.68319210285994,41,4.923340439954447,1.0,1,20.0,100.00000000000001,29.441989837238477,20,1.3814124763346192,1.0,114.9203014787126,-4.20179765748403,80.0,80.0,-5.073151036196738,-6.099999999999993,-1.9281295485024599,0.0,0.0,-13.0,0.0,41.0,41.0,246.10855140290784,77.12518194009841,3.152376458144533,1.0,0.008056344647480533,1.6621664811603976,0.22977073171560045,3035,nominal,mappo
261.0159004494683,28,1,success,0.030094851582300502,0.027703087495294664,0,0,0,1.8049079586236672,1.8049079586236672,0,proxy_pcrb,1,28.0,139.99999999999997,41.988810934069114,28,4.9487388453280765,1.0,1,20.0,99.99999999999999,29.24892436567873,20,1.146759385098854,1.0,115.02492882164368,-4.035913743207276,80.0,80.0,-3.392171246474381,-4.799999999999998,-1.7809433824936962,0.0,0.0,0.0,0.0,28.0,28.0,239.99999999999994,71.23773529974784,3.047749115213465,1.0,0.010929309734429472,1.6179501424871068,0.33047857131610464,3036,nominal,mappo
254.58552928247397,33,1,success,0.02557207982964327,0.028895076066043374,0,0,5,1.6253059697277255,1.6253059697277252,0,proxy_pcrb,1,33.0,143.57058526873539,44.34111587383721,33,4.935907953188955,1.0,1,20.0,100.0,29.203402804010747,20,1.0829943062266894,1.0,115.06322680714932,-4.1001310127531125,80.0,80.0,-4.238953544976028,-5.299999999999996,-1.8386129669461988,0.0,0.0,-5.0,0.0,33.0,33.0,243.57058526873539,73.54451867784796,3.009451129707822,1.0,0.008677775561760007,1.4736673871144743,0.4181030302182383,3037,nominal,mappo
261.04593280388815,28,1,success,0.02566044287762787,0.013129249379784165,0,0,0,1.771086417388012,1.771086417388012,0,proxy_pcrb,1,28.0,140.00000000000003,41.94773438766347,28,4.963098152887249,1.0,1,20.0,100.0,29.306922761703074,20,1.2298658386647467,1.0,114.97619594108113,-4.035343314554273,80.0,80.0,-3.3135533939045696,-4.799999999999998,-1.7813664287341637,0.0,0.0,0.0,0.0,28.0,28.0,240.00000000000003,71.25465714936655,3.096481995775998,1.0,0.007669358157709215,1.98853573835456,0.2260535715257512,3038,nominal,mappo
260.85792621122704,28,1,success,0.03180990538131745,0.009239857281899673,0,0,0,1.9533809935653228,1.9533809935653228,0,proxy_pcrb,1,28.0,139.99999999999997,41.99094392589292,28,4.868587930511868,1.0,1,20.0,100.0,29.29913190683838,20,1.162149086646582,1.0,115.0573094282779,-4.034276742591407,80.0,80.0,-3.582854578641187,-4.799999999999998,-1.7822518958182823,0.0,0.0,0.0,0.0,28.0,28.0,239.99999999999997,71.2900758327313,3.015368508579225,1.0,0.010813297742352502,2.1034336548286516,0.21582500003855135,3039,nominal,mappo
237.39703791465845,47,1,success,0.023410607165765103,0.01367348591668768,0,0,19,1.868206323791264,1.868206323791264,0,proxy_pcrb,1,47.0,147.23948879580917,49.96240736467446,47,4.848142879676173,1.0,1,20.0,99.99999999999999,29.306546954284077,20,1.146845272485613,1.0,115.07518386077622,-4.272824044198434,80.0,80.0,-5.723598043945425,-6.699999999999991,-1.9817238579739624,0.0,0.0,-19.0,0.0,47.0,47.0,247.23948879580917,79.26895431895854,2.9974940760808932,1.0,0.009599131475120311,1.4499813221838551,0.18628936167976676,3040,nominal,mappo
250.78562134765437,36,1,success,0.025865882685657912,0.028217834971574287,0,0,8,1.8312603128402891,1.8312603128402891,0,proxy_pcrb,1,36.0,144.51365267466056,45.51824091104759,36,4.951765776354587,1.0,1,20.0,99.99999999999999,29.516103915795327,20,1.3249488987816782,1.0,114.93432059928897,-4.141511702165996,80.0,80.0,-4.531328928797603,-5.599999999999995,-1.8758586206710728,0.0,0.0,-8.0,0.0,36.0,36.0,244.51365267466053,75.03434482684293,3.1383573375681326,1.0,0.011100276995197111,1.6508626026954443,0.2060666666289358,3041,nominal,mappo
250.88831005018926,36,1,success,0.024821796016192808,0.00791574609690029,0,0,8,2.0081083500181376,2.008108350018137,0,proxy_pcrb,1,36.0,144.79058542322275,45.74872462530781,36,4.870815324973168,1.0,1,20.0,99.99999999999999,29.470374699027168,20,1.2873088833851876,1.0,114.99361583267795,-4.14471235476156,80.0,80.0,-4.480115944618759,-5.599999999999995,-1.8804774831083746,0.0,0.0,-8.0,0.0,36.0,36.0,244.79058542322275,75.21909932433498,3.0790621041791777,1.0,0.008415742217310201,1.9445247842277906,0.19321944445336056,3042,nominal,mappo
249.59240686249188,37,1,success,0.028004327728135214,0.014294643181476049,0,0,9,2.1667155085812855,2.1667155085812855,0,proxy_pcrb,1,37.0,144.72220418838253,46.0586920665035,37,4.917006376548906,1.0,1,20.0,100.00000000000001,29.284224613953334,20,1.0631918635803892,1.0,115.0825788167925,-4.15028015427683,80.0,80.0,-4.756318883012346,-5.699999999999995,-1.883572917011421,0.0,0.0,-9.0,0.0,37.0,37.0,244.72220418838253,75.34291668045682,2.9900991200646474,1.0,0.009404103292839281,2.195480803851802,0.19413243250243328,3043,nominal,mappo
248.22878806881198,38,1,success,0.026919010158087262,0.02642915505187858,0,0,10,1.8695482479640726,1.8695482479640726,0,proxy_pcrb,1,38.0,145.1233537537621,46.399496466311604,38,4.886880336366989,1.0,1,20.0,100.0,29.309266762216485,20,1.2972241169658083,1.0,114.98062571019075,-4.1634369727804685,80.0,80.0,-4.895681587885077,-5.7999999999999945,-1.8927190807132024,0.0,0.0,-10.0,0.0,38.0,38.0,245.1233537537621,75.70876322852808,3.092052226666399,1.0,0.01159244610010749,1.5053532241093495,0.19839473691861617,3044,nominal,mappo
261.0141243002065,28,1,success,0.02571722067003273,0.013130954222551647,0,0,0,1.6484965867602939,1.6484965867602939,0,proxy_pcrb,1,28.0,140.00000000000003,41.93710484458145,28,4.990536034607642,1.0,1,20.0,100.0,29.222065620108744,20,1.0759749259939624,1.0,115.03942245655632,-4.034552420906491,80.0,80.0,-3.411766473826055,-4.799999999999998,-1.7789792616172544,0.0,0.0,0.0,0.0,28.0,28.0,240.00000000000003,71.15917046469019,3.0332554803008023,1.0,0.007302722440813233,1.8238381429871187,0.22782142855248821,3045,nominal,mappo
260.776000019852,28,1,success,0.02577425319476903,0.03514782875417177,0,0,0,1.6636884178980995,1.6636884178980995,0,proxy_pcrb,1,28.0,140.0,41.998917627322754,28,4.928374952557652,1.0,1,20.0,100.0,29.327697146505955,20,1.497109826778781,1.0,114.8599355471889,-4.034250594282852,80.0,80.0,-3.4665195637083945,-4.799999999999998,-1.7831653693457175,0.0,0.0,0.0,0.0,28.0,28.0,240.0,71.32661477382871,3.2127423896682163,1.0,0.01067619713823021,1.4331403741097433,0.23920000002622796,3046,nominal,mappo
260.9995779574852,28,1,success,0.027772096864193463,0.015632309127359405,0,0,0,1.8296353378760775,1.8296353378760775,0,proxy_pcrb,1,28.0,140.0,41.97623014999926,28,4.973165148967245,1.0,1,20.0,100.00000000000001,29.263567121253963,20,1.1309011548971712,1.0,115.02064478492491,-4.035354298678029,80.0,80.0,-3.404717596980313,-4.799999999999998,-1.780994931781331,0.0,0.0,0.0,0.0,28.0,28.0,240.0,71.23979727125322,3.052033151932208,1.0,0.007693380869574528,1.627068228474707,0.2501535715120034,3047,nominal,mappo
260.804008332655,28,1,success,0.03145366639693348,0.04603551976445735,0,0,0,1.7674278702076545,1.7674278702076545,0,proxy_pcrb,1,28.0,140.00000000000006,41.99692273123072,28,4.973694680852216,1.0,1,20.0,99.99999999999999,29.23693998967547,20,1.0501899684882343,1.0,115.0607356121869,-4.0331268267996965,80.0,80.0,-3.6427538847095975,-4.799999999999998,-1.7808465680226553,0.0,0.0,0.0,0.0,28.0,28.0,240.00000000000006,71.23386272090619,3.0119423246702253,1.0,0.007802606506691298,1.690045306934585,0.27016071437304034,3048,nominal,mappo
261.00955484520296,28,1,success,0.027584645808347647,0.012819298323338453,0,0,0,1.5873874516865834,1.5873874516865834,0,proxy_pcrb,1,28.0,139.99999999999997,41.971820840048,28,4.951377707334058,1.0,1,20.0,100.00000000000001,29.241646028893886,20,1.147343448791621,1.0,115.02331735879429,-4.034731281070944,80.0,80.0,-3.398694560796865,-4.799999999999998,-1.7803366717235474,0.0,0.0,0.0,0.0,28.0,28.0,240.0,71.21346686894188,3.0493605780628394,1.0,0.009329183503015736,1.463193812066629,0.3463607143398154,3049,nominal,mappo
226.31090324934655,56,1,success,0.022203804396103817,0.019627867645150225,0,0,28,1.5913735966649132,1.5913735966649132,0,proxy_pcrb,1,56.0,148.77718304055554,53.42590534701678,56,4.944396449553099,1.0,1,20.0,100.00000000000001,29.266544633731613,20,1.0293325873764452,1.0,115.08581341839242,-4.3897485057110845,80.0,80.0,-6.717850413815956,-7.599999999999988,-2.0673112495187094,0.0,0.0,-28.0,0.0,56.0,56.0,248.77718304055554,82.69244998074839,2.986864518464772,1.0,0.00940816966806342,1.6581824347913292,0.2448107143534019,3050,nominal,mappo
264.33684344540285,27,1,success,0.03714362683740023,0.04970040709222506,0,0,0,2.033571540447323,2.033571540447323,0,proxy_pcrb,1,27.0,134.9999998690654,27.499999942441615,27,0.6465997934400395,1.0,1,20.0,99.99999914148782,20.49999965659515,20,0.49875706972113637,1.0,117.49999950527655,-3.908298262710323,80.0,80.0,-3.3548578071874484,-4.699999999999998,-1.199999989975919,0.0,0.0,0.0,0.0,27.0,27.0,234.9999990105532,47.99999959903677,0.572678431580588,1.0,0.005635603208356108,2.538900312931336,0.01748148153839995,3001,wide_bounds,goal
264.1927805257898,27,1,success,0.03090948011793775,0.02920726405920475,0,0,0,2.2485374487006444,2.2485374487006444,0,proxy_pcrb,1,27.0,134.9999998690654,27.499999942441615,27,0.6465997934400395,1.0,1,20.0,99.99999914148782,20.49999965659515,20,0.49875706972113637,1.0,117.49999950527655,-3.908298262710323,80.0,80.0,-3.498920726800571,-4.699999999999998,-1.199999989975919,0.0,0.0,0.0,0.0,27.0,27.0,234.9999990105532,47.99999959903677,0.572678431580588,1.0,0.008807019398402584,2.2533514488956987,0.01639259257731114,3002,wide_bounds,goal
264.2494758672293,27,1,success,0.03486974865091441,0.02911429525915147,0,0,0,1.5611975766598647,1.5611975766598647,0,proxy_pcrb,1,27.0,134.9999998690654,27.499999942441615,27,0.6465997934400395,1.0,1,20.0,99.99999914148782,20.49999965659515,20,0.49875706972113637,1.0,117.49999950527655,-3.908298262710323,80.0,80.0,-3.4422253853609845,-4.699999999999998,-1.199999989975919,0.0,0.0,0.0,0.0,27.0,27.0,234.9999990105532,47.99999959903677,0.572678431580588,1.0,0.00617652865657514,1.5069295411970747,0.015866666655239423,3003,wide_bounds,goal
264.2494237814951,27,1,success,0.029517175229434596,0.014056481937913794,0,0,0,1.5304985191827718,1.5304985191827718,0,proxy_pcrb,1,27.0,134.9999998690654,27.499999942441615,27,0.6465997934400395,1.0,1,20.0,99.99999914148782,20.49999965659515,20,0.49875706972113637,1.0,117.49999950527655,-3.908298262710323,80.0,80.0,-3.442277471095168,-4.699999999999998,-1.199999989975919,0.0,0.0,0.0,0.0,27.0,27.0,234.9999990105532,47.99999959903677,0.572678431580588,1.0,0.010385413063984422,1.618825699996357,0.01561851847024324,3004,wide_bounds,goal
264.31626712937043,27,1,success,0.03358061727728739,0.01996194646863997,0,0,0,1.6575794184452566,1.6575794184452566,0,proxy_pcrb,1,27.0,134.9999998690654,27.499999942441615,27,0.6465997934400395,1.0,1,20.0,99.99999914148782,20.49999965659515,20,0.49875706972113637,1.0,117.49999950527655,-3.908298262710323,80.0,80.0,-3.3754341232198835,-4.699999999999998,-1.199999989975919,0.0,0.0,0.0,0.0,27.0,27.0,234.9999990105532,47.99999959903677,0.572678431580588,1.0,0.00623629471995526,1.8248534570246866,0.015740740882056008,3005,wide_bounds,goal
264.2807744093593,27,1,success,0.02816950484863999,0.03523450988375501,0,0,0,1.6078736846563915,1.6078736846563912,0,proxy_pcrb,1,27.0,134.9999998690654,27.499999942441615,27,0.6465997934400395,1.0,1,20.0,99.99999914148782,20.49999965659515,20,0.49875706972113637,1.0,117.49999950527655,-3.908298262710323,80.0,80.0,-3.410926843231006,-4.699999999999998,-1.199999989975919,0.0,0.0,0.0,0.0,27.0,27.0,234.9999990105532,47.99999959903677,0.572678431580588,1.0,0.007859600234500976,1.5224145569345215,0.016885185215397978,3006,wide_bounds,goal
264.11781512625447,27,1,success,0.03775273228423468,0.03018387734185243,0,0,0,1.9985976271241552,1.9985976271241552,0,proxy_pcrb,1,27.0,134.9999998690654,27.499999942441615,27,0.6465997934400395,1.0,1,20.0,99.99999914148782,20.49999965659515,20,0.49875706972113637,1.0,117.49999950527655,-3.908298262710323,80.0,80.0,-3.573886126335821,-4.699999999999998,-1.199999989975919,0.0,0.0,0.0,0.0,27.0,27.0,234.9999990105532,47.99999959903677,0.572678431580588,1.0,0.008185586206371826,2.0175290653868525,0.017062963100518875,3007,wide_bounds,goal
264.33466568383835,27,1,success,0.03053192684716198,0.028381856844240622,0,0,0,1.8409297908770952,1.8409297908770952,0,proxy_pcrb,1,27.0,134.9999998690654,27.499999942441615,27,0.6465997934400395,1.0,1,20.0,99.99999914148782,20.49999965659515,20,0.49875706972113637,1.0,117.49999950527655,-3.908298262710323,80.0,80.0,-3.3570355687519284,-4.699999999999998,-1.199999989975919,0.0,0.0,0.0,0.0,27.0,27.0,234.9999990105532,47.99999959903677,0.572678431580588,1.0,0.007351713201590467,1.7712733650918249,0.016499999960446817,3008,wide_bounds,goal
264.2585654260854,27,1,success,0.031347776174509345,0.023687744846602174,0,0,0,1.8835132067949416,1.8835132067949416,0,proxy_pcrb,1,27.0,134.9999998690654,27.499999942441615,27,0.6465997934400395,1.0,1,20.0,99.99999914148782,20.49999965659515,20,0.49875706972113637,1.0,117.49999950527655,-3.908298262710323,80.0,80.0,-3.433135826504856,-4.699999999999998,-1.199999989975919,0.0,0.0,0.0,0.0,27.0,27.0,234.9999990105532,47.99999959903677,0.572678431580588,1.0,0.008012201543368087,2.230149044670731,0.017588888955220615,3009,wide_bounds,goal
264.37526246061867,27,1,success,0.026690130164571238,0.018141179846161266,0,0,0,1.7542988590148407,1.7542988590148407,0,proxy_pcrb,1,27.0,134.9999998690654,27.499999942441615,27,0.6465997934400395,1.0,1,20.0,99.99999914148782,20.49999965659515,20,0.49875706972113637,1.0,117.49999950527655,-3.908298262710323,80.0,80.0,-3.3164387919716396,-4.699999999999998,-1.199999989975919,0.0,0.0,0.0,0.0,27.0,27.0,234.9999990105532,47.99999959903677,0.572678431580588,1.0,0.007312545856249941,1.7463374735221768,0.016203703664898598,3010,wide_bounds,goal
264.45633230034355,27,1,success,0.0235922267284483,0.013821662201553599,0,0,0,1.4126066108493887,1.4126066108493887,0,proxy_pcrb,1,27.0,134.9999998690654,27.499999942441615,27,0.6465997934400395,1.0,1,20.0,99.99999914148782,20.49999965659515,20,0.49875706972113637,1.0,117.49999950527655,-3.908298262710323,80.0,80.0,-3.235368952246741,-4.699999999999998,-1.199999989975919,0.0,0.0,0.0,0.0,27.0,27.0,234.9999990105532,47.99999959903677,0.572678431580588,1.0,0.006798945596020935,1.4170049936263756,0.01619629636951248,3011,wide_bounds,goal
264.21774382082333,27,1,success,0.03190880280336698,0.03493793421576218,0,0,0,1.8215138453427,1.8215138453426998,0,proxy_pcrb,1,27.0,134.9999998690654,27.499999942441615,27,0.6465997934400395,1.0,1,20.0,99.99999914148782,20.49999965659515,20,0.49875706972113637,1.0,117.49999950527655,-3.908298262710323,80.0,80.0,-3.4739574317669977,-4.699999999999998,-1.199999989975919,0.0,0.0,0.0,0.0,27.0,27.0,234.9999990105532,47.99999959903677,0.572678431580588,1.0,0.007303558105775288,1.618681413548028,0.01742222226581631,3012,wide_bounds,goal
264.18341449644595,27,1,success,0.029167882418176472,0.02320529123493696,0,0,0,1.7689175801474533,1.7689175801474533,0,proxy_pcrb,1,27.0,134.9999998690654,27.499999942441615,27,0.6465997934400395,1.0,1,20.0,99.99999914148782,20.49999965659515,20,0.49875706972113637,1.0,117.49999950527655,-3.908298262710323,80.0,80.0,-3.5082867561443334,-4.699999999999998,-1.199999989975919,0.0,0.0,0.0,0.0,27.0,27.0,234.9999990105532,47.99999959903677,0.572678431580588,1.0,0.00836171226958481,2.0641154350793793,0.01651111112247842,3013,wide_bounds,goal
264.26583581498863,27,1,success,0.030759541496107125,0.05029102159973607,0,0,0,1.8057294142489848,1.8057294142489848,0,proxy_pcrb,1,27.0,134.9999998690654,27.499999942441615,27,0.6465997934400395,1.0,1,20.0,99.99999914148782,20.49999965659515,20,0.49875706972113637,1.0,117.49999950527655,-3.908298262710323,80.0,80.0,-3.425865437601721,-4.699999999999998,-1.199999989975919,0.0,0.0,0.0,0.0,27.0,27.0,234.9999990105532,47.99999959903677,0.572678431580588,1.0,0.007130207591764021,1.5158029645873206,0.017503703592983248,3014,wide_bounds,goal
264.21413286291096,27,1,success,0.03228355709218866,0.03155306989791338,0,0,0,1.8930502987084685,1.8930502987084685,0,proxy_pcrb,1,27.0,134.9999998690654,27.499999942441615,27,0.6465997934400395,1.0,1,20.0,99.99999914148782,20.49999965659515,20,0.49875706972113637,1.0,117.49999950527655,-3.908298262710323,80.0,80.0,-3.4775683896793566,-4.699999999999998,-1.199999989975919,0.0,0.0,0.0,0.0,27.0,27.0,234.9999990105532,47.99999959903677,0.572678431580588,1.0,0.00849605265492187,1.6348227137064257,0.016329629505451995,3015,wide_bounds,goal
264.21901775278866,27,1,success,0.03073803817113547,0.00989710531040519,0,0,0,1.6086181672059683,1.6086181672059683,0,proxy_pcrb,1,27.0,134.9999998690654,27.499999942441615,27,0.6465997934400395,1.0,1,20.0,99.99999914148782,20.49999965659515,20,0.49875706972113637,1.0,117.49999950527655,-3.908298262710323,80.0,80.0,-3.4726834998016294,-4.699999999999998,-1.199999989975919,0.0,0.0,0.0,0.0,27.0,27.0,234.9999990105532,47.99999959903677,0.572678431580588,1.0,0.009487943967815996,1.620638637234327,0.017077777826031065,3016,wide_bounds,goal
264.3083777883534,27,1,success,0.03158167274991922,0.03015496396248888,0,0,0,1.6086545347454784,1.6086545347454784,0,proxy_pcrb,1,27.0,134.9999998690654,27.499999942441615,27,0.6465997934400395,1.0,1,20.0,99.99999914148782,20.49999965659515,20,0.49875706972113637,1.0,117.49999950527655,-3.908298262710323,80.0,80.0,-3.3833234642368724,-4.699999999999998,-1.199999989975919,0.0,0.0,0.0,0.0,27.0,27.0,234.9999990105532,47.99999959903677,0.572678431580588,1.0,0.00571047758863386,1.6969877564680627,0.017966666678990738,3017,wide_bounds,goal
264.30309867797564,27,1,success,0.031658772694128395,0.019702600017428205,0,0,0,1.8121356447449248,1.8121356447449248,0,proxy_pcrb,1,27.0,134.9999998690654,27.499999942441615,27,0.6465997934400395,1.0,1,20.0,99.99999914148782,20.49999965659515,20,0.49875706972113637,1.0,117.49999950527655,-3.908298262710323,80.0,80.0,-3.3886025746146844,-4.699999999999998,-1.199999989975919,0.0,0.0,0.0,0.0,27.0,27.0,234.9999990105532,47.99999959903677,0.572678431580588,1.0,0.007396594092676385,1.5261764986120832,0.018703703702798252,3018,wide_bounds,goal
264.2320947394445,27,1,success,0.027113505750566296,0.04830561416884541,0,0,0,1.7513030162589116,1.7513030162589116,0,proxy_pcrb,1,27.0,134.9999998690654,27.499999942441615,27,0.6465997934400395,1.0,1,20.0,99.99999914148782,20.49999965659515,20,0.49875706972113637,1.0,117.49999950527655,-3.908298262710323,80.0,80.0,-3.4596065131458267,-4.699999999999998,-1.199999989975919,0.0,0.0,0.0,0.0,27.0,27.0,234.9999990105532,47.99999959903677,0.572678431580588,1.0,0.00890466296280747,1.96136294091221,0.021099999921042816,3019,wide_bounds,goal
264.1776733211057,27,1,success,0.03490989317905225,0.028053629041640882,0,0,0,1.603356057265073,1.603356057265073,0,proxy_pcrb,1,27.0,134.9999998690654,27.499999942441615,27,0.6465997934400395,1.0,1,20.0,99.99999914148782,20.49999965659515,20,0.49875706972113637,1.0,117.49999950527655,-3.908298262710323,80.0,80.0,-3.5140279314845566,-4.699999999999998,-1.199999989975919,0.0,0.0,0.0,0.0,27.0,27.0,234.9999990105532,47.99999959903677,0.572678431580588,1.0,0.00925456757130035,1.460525287067054,0.01652592591536059,3020,wide_bounds,goal
264.23677975800365,27,1,success,0.036997362994285826,0.013357391790374637,0,0,0,1.6706592577363566,1.6706592577363566,0,proxy_pcrb,1,27.0,134.9999998690654,27.499999942441615,27,0.6465997934400395,1.0,1,20.0,99.99999914148782,20.49999965659515,20,0.49875706972113637,1.0,117.49999950527655,-3.908298262710323,80.0,80.0,-3.4549214945866296,-4.699999999999998,-1.199999989975919,0.0,0.0,0.0,0.0,27.0,27.0,234.9999990105532,47.99999959903677,0.572678431580588,1.0,0.006253893866994667,1.4194728096732883,0.0181296296701745,3021,wide_bounds,goal
264.34208194968335,27,1,success,0.024516709500929386,0.029474412191971014,0,0,0,1.8460136490769172,1.8460136490769172,0,proxy_pcrb,1,27.0,134.9999998690654,27.499999942441615,27,0.6465997934400395,1.0,1,20.0,99.99999914148782,20.49999965659515,20,0.49875706972113637,1.0,117.49999950527655,-3.908298262710323,80.0,80.0,-3.3496193029069388,-4.699999999999998,-1.199999989975919,0.0,0.0,0.0,0.0,27.0,27.0,234.9999990105532,47.99999959903677,0.572678431580588,1.0,0.008859245337534044,1.9878056375912712,0.017566666698527383,3022,wide_bounds,goal
264.37801058644493,27,1,success,0.029998220687997307,0.014941263638592477,0,0,0,1.7017759445889322,1.7017759445889322,0,proxy_pcrb,1,27.0,134.9999998690654,27.499999942441615,27,0.6465997934400395,1.0,1,20.0,99.99999914148782,20.49999965659515,20,0.49875706972113637,1.0,117.49999950527655,-3.908298262710323,80.0,80.0,-3.313690666145372,-4.699999999999998,-1.199999989975919,0.0,0.0,0.0,0.0,27.0,27.0,234.9999990105532,47.99999959903677,0.572678431580588,1.0,0.007279104709818853,2.098459427137351,0.016362962890491838,3023,wide_bounds,goal
264.2682100147295,27,1,success,0.03073041762832082,0.03940227219267576,0,0,0,1.7664545053563676,1.7664545053563676,0,proxy_pcrb,1,27.0,134.9999998690654,27.499999942441615,27,0.6465997934400395,1.0,1,20.0,99.99999914148782,20.49999965659515,20,0.49875706972113637,1.0,117.49999950527655,-3.908298262710323,80.0,80.0,-3.42349123786084,-4.699999999999998,-1.199999989975919,0.0,0.0,0.0,0.0,27.0,27.0,234.9999990105532,47.99999959903677,0.572678431580588,1.0,0.007903607430364782,1.5970399389963905,0.01592222222960252,3024,wide_bounds,goal
264.3901715793094,27,1,success,0.029829971874769386,0.01559580773977174,0,0,0,1.4932715033240025,1.4932715033240025,0,proxy_pcrb,1,27.0,134.9999998690654,27.499999942441615,27,0.6465997934400395,1.0,1,20.0,99.99999914148782,20.49999965659515,20,0.49875706972113637,1.0,117.49999950527655,-3.908298262710323,80.0,80.0,-3.3015296732808443,-4.699999999999998,-1.199999989975919,0.0,0.0,0.0,0.0,27.0,27.0,234.9999990105532,47.99999959903677,0.572678431580588,1.0,0.008392075076859651,1.360871279615845,0.015837037069475087,3025,wide_bounds,goal
264.2598427999054,27,1,success,0.028773941320228882,0.022227082003070872,0,0,0,1.66202138692449,1.66202138692449,0,proxy_pcrb,1,27.0,134.9999998690654,27.499999942441615,27,0.6465997934400395,1.0,1,20.0,99.99999914148782,20.49999965659515,20,0.49875706972113637,1.0,117.49999950527655,-3.908298262710323,80.0,80.0,-3.4318584526848985,-4.699999999999998,-1.199999989975919,0.0,0.0,0.0,0.0,27.0,27.0,234.9999990105532,47.99999959903677,0.572678431580588,1.0,0.008572985920641608,2.08312749738358,0.016396296241846693,3026,wide_bounds,goal
264.1777692065343,27,1,success,0.0329017588391121,0.0335224591261907,0,0,0,1.7082922428930742,1.7082922428930742,0,proxy_pcrb,1,27.0,134.9999998690654,27.499999942441615,27,0.6465997934400395,1.0,1,20.0,99.99999914148782,20.49999965659515,20,0.49875706972113637,1.0,117.49999950527655,-3.908298262710323,80.0,80.0,-3.5139320460560137,-4.699999999999998,-1.199999989975919,0.0,0.0,0.0,0.0,27.0,27.0,234.9999990105532,47.99999959903677,0.572678431580588,1.0,0.012334498549458978,1.7291700352134116,0.01592592579308311,3027,wide_bounds,goal
264.0497344023381,27,1,success,0.037243130237712585,0.02378841803113254,0,0,0,1.5505908344349515,1.5505908344349515,0,proxy_pcrb,1,27.0,134.9999998690654,27.499999942441615,27,0.6465997934400395,1.0,1,20.0,99.99999914148782,20.49999965659515,20,0.49875706972113637,1.0,117.49999950527655,-3.908298262710323,80.0,80.0,-3.641966850252201,-4.699999999999998,-1.199999989975919,0.0,0.0,0.0,0.0,27.0,27.0,234.9999990105532,47.99999959903677,0.572678431580588,1.0,0.00934146999654587,1.4136548086711234,0.01595185184905185,3028,wide_bounds,goal
264.31155018203765,27,1,success,0.025307633869524147,0.015315405810228002,0,0,0,1.6430108753721608,1.6430108753721608,0,proxy_pcrb,1,27.0,134.9999998690654,27.499999942441615,27,0.6465997934400395,1.0,1,20.0,99.99999914148782,20.49999965659515,20,0.49875706972113637,1.0,117.49999950527655,-3.908298262710323,80.0,80.0,-3.3801510705526363,-4.699999999999998,-1.199999989975919,0.0,0.0,0.0,0.0,27.0,27.0,234.9999990105532,47.99999959903677,0.572678431580588,1.0,0.009506091640323386,1.8417463142940822,0.017144444394000823,3029,wide_bounds,goal
264.1917632391601,27,1,success,0.03508454679933289,0.03652824443495474,0,0,0,1.883545831003199,1.883545831003199,0,proxy_pcrb,1,27.0,134.9999998690654,27.499999942441615,27,0.6465997934400395,1.0,1,20.0,99.99999914148782,20.49999965659515,20,0.49875706972113637,1.0,117.49999950527655,-3.908298262710323,80.0,80.0,-3.4999380134301705,-4.699999999999998,-1.199999989975919,0.0,0.0,0.0,0.0,27.0,27.0,234.9999990105532,47.99999959903677,0.572678431580588,1.0,0.007834287369472791,1.8297473624673584,0.016085185220786283,3030,wide_bounds,goal
264.30842450111106,27,1,success,0.030249728028611603,0.014422830114857767,0,0,0,1.681160089683244,1.681160089683244,0,proxy_pcrb,1,27.0,134.9999998690654,27.499999942441615,27,0.6465997934400395,1.0,1,20.0,99.99999914148782,20.49999965659515,20,0.49875706972113637,1.0,117.49999950527655,-3.908298262710323,80.0,80.0,-3.383276751479246,-4.699999999999998,-1.199999989975919,0.0,0.0,0.0,0.0,27.0,27.0,234.9999990105532,47.99999959903677,0.572678431580588,1.0,0.006686251749625044,1.4328518819243488,0.01591481483316144,3031,wide_bounds,goal
264.31103640591584,27,1,success,0.02736645539957041,0.012132233785344752,0,0,0,1.9185378109056763,1.9185378109056763,0,proxy_pcrb,1,27.0,134.9999998690654,27.499999942441615,27,0.6465997934400395,1.0,1,20.0,99.99999914148782,20.49999965659515,20,0.49875706972113637,1.0,117.49999950527655,-3.908298262710323,80.0,80.0,-3.380664846674459,-4.699999999999998,-1.199999989975919,0.0,0.0,0.0,0.0,27.0,27.0,234.9999990105532,47.99999959903677,0.572678431580588,1.0,0.008661618640554383,1.6414833693348,0.016066666797053552,3032,wide_bounds,goal
264.19761877671203,27,1,success,0.037861463043197076,0.01318862018357717,0,0,0,1.5167539868500761,1.5167539868500761,0,proxy_pcrb,1,27.0,134.9999998690654,27.499999942441615,27,0.6465997934400395,1.0,1,20.0,99.99999914148782,20.49999965659515,20,0.49875706972113637,1.0,117.49999950527655,-3.908298262710323,80.0,80.0,-3.494082475878242,-4.699999999999998,-1.199999989975919,0.0,0.0,0.0,0.0,27.0,27.0,234.9999990105532,47.99999959903677,0.572678431580588,1.0,0.006607246336075294,1.3607200550669927,0.015870370353459968,3033,wide_bounds,goal
264.2154732452865,27,1,success,0.028822316616013883,0.03573509618325155,0,0,0,2.0173810709308366,2.0173810709308366,0,proxy_pcrb,1,27.0,134.9999998690654,27.499999942441615,27,0.6465997934400395,1.0,1,20.0,99.99999914148782,20.49999965659515,20,0.49875706972113637,1.0,117.49999950527655,-3.908298262710323,80.0,80.0,-3.476228007303824,-4.699999999999998,-1.199999989975919,0.0,0.0,0.0,0.0,27.0,27.0,234.9999990105532,47.99999959903677,0.572678431580588,1.0,0.00951848954186263,1.8434310750186602,0.016762962870955193,3034,wide_bounds,goal
264.1818111400638,27,1,success,0.032280964833971144,0.058689744818311976,0,0,0,1.5787151836498965,1.5787151836498965,0,proxy_pcrb,1,27.0,134.9999998690654,27.499999942441615,27,0.6465997934400395,1.0,1,20.0,99.99999914148782,20.49999965659515,20,0.49875706972113637,1.0,117.49999950527655,-3.908298262710323,80.0,80.0,-3.5098901125264548,-4.699999999999998,-1.199999989975919,0.0,0.0,0.0,0.0,27.0,27.0,234.9999990105532,47.99999959903677,0.572678431580588,1.0,0.008386194372121061,1.6621664811603976,0.016218518558835732,3035,wide_bounds,goal
264.32872480986975,27,1,success,0.03511854400114853,0.032914262889557844,0,0,0,1.7968161347476963,1.7968161347476965,0,proxy_pcrb,1,27.0,134.9999998690654,27.499999942441615,27,0.6465997934400395,1.0,1,20.0,99.99999914148782,20.49999965659515,20,0.49875706972113637,1.0,117.49999950527655,-3.908298262710323,80.0,80.0,-3.3629764427204965,-4.699999999999998,-1.199999989975919,0.0,0.0,0.0,0.0,27.0,27.0,234.9999990105532,47.99999959903677,0.572678431580588,1.0,0.011437080007930117,1.6179501424871068,0.016288888791341043,3036,wide_bounds,goal
264.1341473281866,27,1,success,0.030896734981592892,0.03277327509558152,0,0,0,1.5183876306400907,1.5183876306400903,0,proxy_pcrb,1,27.0,134.9999998690654,27.499999942441615,27,0.6465997934400395,1.0,1,20.0,99.99999914148782,20.49999965659515,20,0.49875706972113637,1.0,117.49999950527655,-3.908298262710323,80.0,80.0,-3.557553924403687,-4.699999999999998,-1.199999989975919,0.0,0.0,0.0,0.0,27.0,27.0,234.9999990105532,47.99999959903677,0.572678431580588,1.0,0.008477694282663933,1.4736673871144743,0.016155555453291594,3037,wide_bounds,goal
264.3947056204013,27,1,success,0.029818924693018483,0.012030646612527809,0,0,0,1.7813855518166894,1.7813855518166894,0,proxy_pcrb,1,27.0,134.9999998690654,27.499999942441615,27,0.6465997934400395,1.0,1,20.0,99.99999914148782,20.49999965659515,20,0.49875706972113637,1.0,117.49999950527655,-3.908298262710323,80.0,80.0,-3.2969956321890725,-4.699999999999998,-1.199999989975919,0.0,0.0,0.0,0.0,27.0,27.0,234.9999990105532,47.99999959903677,0.572678431580588,1.0,0.007646967221076939,1.98853573835456,0.01678518516133341,3038,wide_bounds,goal
264.10752329428374,27,1,success,0.03723810892350068,0.021956139785209446,0,0,0,1.8855343134498952,1.8855343134498952,0,proxy_pcrb,1,27.0,134.9999998690654,27.499999942441615,27,0.6465997934400395,1.0,1,20.0,99.99999914148782,20.49999965659515,20,0.49875706972113637,1.0,117.49999950527655,-3.908298262710323,80.0,80.0,-3.584177958306576,-4.699999999999998,-1.199999989975919,0.0,0.0,0.0,0.0,27.0,27.0,234.9999990105532,47.99999959903677,0.572678431580588,1.0,0.010827601808266803,2.1034336548286516,0.017237037085309298,3039,wide_bounds,goal
264.22635943954435,27,1,success,0.03176177557850183,0.026399320236595275,0,0,0,1.7114527089063079,1.7114527089063079,0,proxy_pcrb,1,27.0,134.9999998690654,27.499999942441615,27,0.6465997934400395,1.0,1,20.0,99.99999914148782,20.49999965659515,20,0.49875706972113637,1.0,117.49999950527655,-3.908298262710323,80.0,80.0,-3.465341813045939,-4.699999999999998,-1.199999989975919,0.0,0.0,0.0,0.0,27.0,27.0,234.9999990105532,47.99999959903677,0.572678431580588,1.0,0.009002776613794825,1.4499813221838551,0.01678148142942788,3040,wide_bounds,goal
264.22925647149304,27,1,success,0.031276734821553374,0.014646119914418538,0,0,0,1.7879208624963876,1.7879208624963878,0,proxy_pcrb,1,27.0,134.9999998690654,27.499999942441615,27,0.6465997934400395,1.0,1,20.0,99.99999914148782,20.49999965659515,20,0.49875706972113637,1.0,117.49999950527655,-3.908298262710323,80.0,80.0,-3.46244478109728,-4.699999999999998,-1.199999989975919,0.0,0.0,0.0,0.0,27.0,27.0,234.9999990105532,47.99999959903677,0.572678431580588,1.0,0.011347839192455864,1.6508626026954443,0.016299999919687655,3041,wide_bounds,goal
264.3194353763993,27,1,success,0.028257560093119114,0.018427697488892655,0,0,0,1.9885009078209956,1.9885009078209954,0,proxy_pcrb,1,27.0,134.9999998690654,27.499999942441615,27,0.6465997934400395,1.0,1,20.0,99.99999914148782,20.49999965659515,20,0.49875706972113637,1.0,117.49999950527655,-3.908298262710323,80.0,80.0,-3.3722658761909425,-4.699999999999998,-1.199999989975919,0.0,0.0,0.0,0.0,27.0,27.0,234.9999990105532,47.99999959903677,0.572678431580588,1.0,0.0085691381679034,1.9445247842277906,0.01665185192433893,3042,wide_bounds,goal
264.2005613557931,27,1,success,0.03195605260990474,0.03853952209747552,0,0,0,2.3002907783673434,2.3002907783673434,0,proxy_pcrb,1,27.0,134.9999998690654,27.499999942441615,27,0.6465997934400395,1.0,1,20.0,99.99999914148782,20.49999965659515,20,0.49875706972113637,1.0,117.49999950527655,-3.908298262710323,80.0,80.0,-3.491139896797186,-4.699999999999998,-1.199999989975919,0.0,0.0,0.0,0.0,27.0,27.0,234.9999990105532,47.99999959903677,0.572678431580588,1.0,0.00891055767612906,2.195480803851802,0.015959259110752976,3043,wide_bounds,goal
264.12144737529457,27,1,success,0.033434550822333924,0.014193444134563806,0,0,0,1.916682570274553,1.916682570274553,0,proxy_pcrb,1,27.0,134.9999998690654,27.499999942441615,27,0.6465997934400395,1.0,1,20.0,99.99999914148782,20.49999965659515,20,0.49875706972113637,1.0,117.49999950527655,-3.908298262710323,80.0,80.0,-3.5702538772957646,-4.699999999999998,-1.199999989975919,0.0,0.0,0.0,0.0,27.0,27.0,234.9999990105532,47.99999959903677,0.572678431580588,1.0,0.011261597513261074,1.5053532241093495,0.01674074064794695,3044,wide_bounds,goal
264.31034629276445,27,1,success,0.03026566249069853,0.01215848830263056,0,0,0,1.6365497147328585,1.6365497147328585,0,proxy_pcrb,1,27.0,134.9999998690654,27.499999942441615,27,0.6465997934400395,1.0,1,20.0,99.99999914148782,20.49999965659515,20,0.49875706972113637,1.0,117.49999950527655,-3.908298262710323,80.0,80.0,-3.3813549598258406,-4.699999999999998,-1.199999989975919,0.0,0.0,0.0,0.0,27.0,27.0,234.9999990105532,47.99999959903677,0.572678431580588,1.0,0.007300516942982303,1.8238381429871187,0.01889629634711633,3045,wide_bounds,goal
264.2885710633874,27,1,success,0.029334423952854263,0.03173607292190435,0,0,0,1.6806594677427105,1.6806594677427105,0,proxy_pcrb,1,27.0,134.9999998690654,27.499999942441615,27,0.6465997934400395,1.0,1,20.0,99.99999914148782,20.49999965659515,20,0.49875706972113637,1.0,117.49999950527655,-3.908298262710323,80.0,80.0,-3.403130189202873,-4.699999999999998,-1.199999989975919,0.0,0.0,0.0,0.0,27.0,27.0,234.9999990105532,47.99999959903677,0.572678431580588,1.0,0.01056033992051616,1.4331403741097433,0.016792592557774495,3046,wide_bounds,goal
264.2896026694063,27,1,success,0.03234915406713358,0.018045173426596176,0,0,0,1.7908121638900705,1.7908121638900705,0,proxy_pcrb,1,27.0,134.9999998690654,27.499999942441615,27,0.6465997934400395,1.0,1,20.0,99.99999914148782,20.49999965659515,20,0.49875706972113637,1.0,117.49999950527655,-3.908298262710323,80.0,80.0,-3.402098583184005,-4.699999999999998,-1.199999989975919,0.0,0.0,0.0,0.0,27.0,27.0,234.9999990105532,47.99999959903677,0.572678431580588,1.0,0.008161248735546568,1.627068228474707,0.016670370280701684,3047,wide_bounds,goal
264.1327403259099,27,1,success,0.03544811696393699,0.028670275627149674,0,0,0,1.793035649309642,1.793035649309642,0,proxy_pcrb,1,27.0,134.9999998690654,27.499999942441615,27,0.6465997934400395,1.0,1,20.0,99.99999914148782,20.49999965659515,20,0.49875706972113637,1.0,117.49999950527655,-3.908298262710323,80.0,80.0,-3.5589609266804136,-4.699999999999998,-1.199999989975919,0.0,0.0,0.0,0.0,27.0,27.0,234.9999990105532,47.99999959903677,0.572678431580588,1.0,0.007961232657230546,1.690045306934585,0.017581481592464518,3048,wide_bounds,goal
264.30065121778074,27,1,success,0.03231343677776833,0.013270688478661394,0,0,0,1.570208031959627,1.570208031959627,0,proxy_pcrb,1,27.0,134.9999998690654,27.499999942441615,27,0.6465997934400395,1.0,1,20.0,99.99999914148782,20.49999965659515,20,0.49875706972113637,1.0,117.49999950527655,-3.908298262710323,80.0,80.0,-3.3910500348095662,-4.699999999999998,-1.199999989975919,0.0,0.0,0.0,0.0,27.0,27.0,234.9999990105532,47.99999959903677,0.572678431580588,1.0,0.009540687267288614,1.463193812066629,0.016129629599432788,3049,wide_bounds,goal
264.2073483702105,27,1,success,0.03460491498611009,0.021878122307605028,0,0,0,1.5880598338724443,1.5880598338724443,0,proxy_pcrb,1,27.0,134.9999998690654,27.499999942441615,27,0.6465997934400395,1.0,1,20.0,99.99999914148782,20.49999965659515,20,0.49875706972113637,1.0,117.49999950527655,-3.908298262710323,80.0,80.0,-3.4843528823797705,-4.699999999999998,-1.199999989975919,0.0,0.0,0.0,0.0,27.0,27.0,234.9999990105532,47.99999959903677,0.572678431580588,1.0,0.009359257578082519,1.6581824347913292,0.01633333337209748,3050,wide_bounds,goal
264.336843927215,27,1,success,0.03714362707744228,0.049700408577690355,0,0,0,2.033571540447323,2.033571540447323,0,proxy_pcrb,1,27.0,134.99999997407724,27.49999998444634,27,0.6465996884410672,1.0,1,20.0,99.99999999948821,20.499999999795307,20,0.49875621172140444,1.0,117.49999998677589,-3.908298248291433,80.0,80.0,-3.3548578116634498,-4.699999999999998,-1.1999999996060413,0.0,0.0,0.0,0.0,27.0,27.0,234.99999997356545,47.99999998424165,0.5726779500812358,1.0,0.005635603202114631,2.538900312931336,4.507607407302,3001,wide_bounds,sa
264.19278100641833,27,1,success,0.030909480343899776,0.029207265335587148,0,0,0,2.2485374487006444,2.2485374487006444,0,proxy_pcrb,1,27.0,134.99999997407724,27.49999998444634,27,0.6465996884410672,1.0,1,20.0,99.99999999948821,20.499999999795307,20,0.49875621172140444,1.0,117.49999998677589,-3.908298248291433,80.0,80.0,-3.498920732460108,-4.699999999999998,-1.1999999996060413,0.0,0.0,0.0,0.0,27.0,27.0,234.99999997356545,47.99999998424165,0.5726779500812358,1.0,0.008807019424360841,2.2533514488956987,4.345174074101292,3002,wide_bounds,sa
264.2494763489051,27,1,success,0.0348697488684835,0.029114296450921093,0,0,0,1.5611975766598647,1.5611975766598647,0,proxy_pcrb,1,27.0,134.99999997407724,27.49999998444634,27,0.6465996884410672,1.0,1,20.0,99.99999999948821,20.499999999795307,20,0.49875621172140444,1.0,117.49999998677589,-3.908298248291433,80.0,80.0,-3.442225389973351,-4.699999999999998,-1.1999999996060413,0.0,0.0,0.0,0.0,27.0,27.0,234.99999997356545,47.99999998424165,0.5726779500812358,1.0,0.006176528656199579,1.5069295411970747,4.351444444452041,3003,wide_bounds,sa
264.2494242598328,27,1,success,0.029517175387286973,0.014056482885292355,0,0,0,1.5304985191827718,1.5304985191827718,0,proxy_pcrb,1,27.0,134.99999997407724,27.49999998444634,27,0.6465996884410672,1.0,1,20.0,99.99999999948821,20.499999999795307,20,0.49875621172140444,1.0,117.49999998677589,-3.908298248291433,80.0,80.0,-3.4422774790456767,-4.699999999999998,-1.1999999996060413,0.0,0.0,0.0,0.0,27.0,27.0,234.99999997356545,47.99999998424165,0.5726779500812358,1.0,0.010385413066067096,1.618825699996357,4.424300000007658,3004,wide_bounds,sa
264.31626760939866,27,1,success,0.03358061745316124,0.019961947524266558,0,0,0,1.6575794184452566,1.6575794184452566,0,proxy_pcrb,1,27.0,134.99999997407724,27.49999998444634,27,0.6465996884410672,1.0,1,20.0,99.99999999948821,20.499999999795307,20,0.49875621172140444,1.0,117.49999998677589,-3.908298248291433,80.0,80.0,-3.375434129479744,-4.699999999999998,-1.1999999996060413,0.0,0.0,0.0,0.0,27.0,27.0,234.99999997356545,47.99999998424165,0.5726779500812358,1.0,0.006236294720717038,1.8248534570246866,4.431799999952933,3005,wide_bounds,sa
264.280774891239,27,1,success,0.028169505064035264,0.03523451123906876,0,0,0,1.6078736846563915,1.6078736846563912,0,proxy_pcrb,1,27.0,134.99999997407724,27.49999998444634,27,0.6465996884410672,1.0,1,20.0,99.99999999948821,20.499999999795307,20,0.49875621172140444,1.0,117.49999998677589,-3.908298248291433,80.0,80.0,-3.4109268476394594,-4.699999999999998,-1.1999999996060413,0.0,0.0,0.0,0.0,27.0,27.0,234.99999997356545,47.99999998424165,0.5726779500812358,1.0,0.007859600245240109,1.5224145569345215,4.409203703660212,3006,wide_bounds,sa
264.117815608887,27,1,success,0.03775273244382031,0.03018387861941319,0,0,0,1.9985976271241552,1.9985976271241552,0,proxy_pcrb,1,27.0,134.99999997407724,27.49999998444634,27,0.6465996884410672,1.0,1,20.0,99.99999999948821,20.499999999795307,20,0.49875621172140444,1.0,117.49999998677589,-3.908298248291433,80.0,80.0,-3.5738861299914113,-4.699999999999998,-1.1999999996060413,0.0,0.0,0.0,0.0,27.0,27.0,234.99999997356545,47.99999998424165,0.5726779500812358,1.0,0.008185586208991425,2.0175290653868525,4.459959259326785,3007,wide_bounds,sa
264.33466616373863,27,1,success,0.030531927135377605,0.028381858172869444,0,0,0,1.8409297908770952,1.8409297908770952,0,proxy_pcrb,1,27.0,134.99999997407724,27.49999998444634,27,0.6465996884410672,1.0,1,20.0,99.99999999948821,20.499999999795307,20,0.49875621172140444,1.0,117.49999998677589,-3.908298248291433,80.0,80.0,-3.3570355751397916,-4.699999999999998,-1.1999999996060413,0.0,0.0,0.0,0.0,27.0,27.0,234.99999997356545,47.99999998424165,0.5726779500812358,1.0,0.007351713206508098,1.7712733650918249,4.436425925902127,3008,wide_bounds,sa
264.2585659057508,27,1,success,0.03134777640528262,0.023687746086748757,0,0,0,1.8835132067949416,1.8835132067949416,0,proxy_pcrb,1,27.0,134.99999997407724,27.49999998444634,27,0.6465996884410672,1.0,1,20.0,99.99999999948821,20.499999999795307,20,0.49875621172140444,1.0,117.49999998677589,-3.908298248291433,80.0,80.0,-3.4331358331276016,-4.699999999999998,-1.1999999996060413,0.0,0.0,0.0,0.0,27.0,27.0,234.99999997356545,47.99999998424165,0.5726779500812358,1.0,0.008012201567990571,2.230149044670731,4.40250740747514,3009,wide_bounds,sa
264.37526294075315,27,1,success,0.02669013036400684,0.018141180883591543,0,0,0,1.7542988590148407,1.7542988590148407,0,proxy_pcrb,1,27.0,134.99999997407724,27.49999998444634,27,0.6465996884410672,1.0,1,20.0,99.99999999948821,20.499999999795307,20,0.49875621172140444,1.0,117.49999998677589,-3.908298248291433,80.0,80.0,-3.316438798125332,-4.699999999999998,-1.1999999996060413,0.0,0.0,0.0,0.0,27.0,27.0,234.99999997356545,47.99999998424165,0.5726779500812358,1.0,0.0073125458522839745,1.7463374735221768,4.402737036966924,3010,wide_bounds,sa
264.4563327795059,27,1,success,0.023592226819660618,0.013821663188683293,0,0,0,1.4126066108493887,1.4126066108493887,0,proxy_pcrb,1,27.0,134.99999997407724,27.49999998444634,27,0.6465996884410672,1.0,1,20.0,99.99999999948821,20.499999999795307,20,0.49875621172140444,1.0,117.49999998677589,-3.908298248291433,80.0,80.0,-3.235368959372511,-4.699999999999998,-1.1999999996060413,0.0,0.0,0.0,0.0,27.0,27.0,234.99999997356545,47.99999998424165,0.5726779500812358,1.0,0.006798945603847618,1.4170049936263756,4.371096296381438,3011,wide_bounds,sa
264.2177443021583,27,1,success,0.03190880297845458,0.034937935630353356,0,0,0,1.8215138453427,1.8215138453426998,0,proxy_pcrb,1,27.0,134.99999997407724,27.49999998444634,27,0.6465996884410672,1.0,1,20.0,99.99999999948821,20.499999999795307,20,0.49875621172140444,1.0,117.49999998677589,-3.908298248291433,80.0,80.0,-3.4739574367200787,-4.699999999999998,-1.1999999996060413,0.0,0.0,0.0,0.0,27.0,27.0,234.99999997356545,47.99999998424165,0.5726779500812358,1.0,0.007303558105997641,1.618681413548028,4.2717074074297905,3012,wide_bounds,sa
264.18341497766306,27,1,success,0.029167882635216504,0.02320529240230687,0,0,0,1.7689175801474533,1.7689175801474533,0,proxy_pcrb,1,27.0,134.99999997407724,27.49999998444634,27,0.6465996884410672,1.0,1,20.0,99.99999999948821,20.499999999795307,20,0.49875621172140444,1.0,117.49999998677589,-3.908298248291433,80.0,80.0,-3.508286761215337,-4.699999999999998,-1.1999999996060413,0.0,0.0,0.0,0.0,27.0,27.0,234.99999997356545,47.99999998424165,0.5726779500812358,1.0,0.008361712277299413,2.0641154350793793,4.220762962951859,3013,wide_bounds,sa
264.2658362959959,27,1,success,0.030759541830252177,0.05029102324373511,0,0,0,1.8057294142489848,1.8057294142489848,0,proxy_pcrb,1,27.0,134.99999997407724,27.49999998444634,27,0.6465996884410672,1.0,1,20.0,99.99999999948821,20.499999999795307,20,0.49875621172140444,1.0,117.49999998677589,-3.908298248291433,80.0,80.0,-3.4258654428824515,-4.699999999999998,-1.1999999996060413,0.0,0.0,0.0,0.0,27.0,27.0,234.99999997356545,47.99999998424165,0.5726779500812358,1.0,0.007130207602193362,1.5158029645873206,4.230696296266008,3014,wide_bounds,sa
264.2141333444347,27,1,success,0.03228355732193628,0.03155307132306667,0,0,0,1.8930502987084685,1.8930502987084685,0,proxy_pcrb,1,27.0,134.99999997407724,27.49999998444634,27,0.6465996884410672,1.0,1,20.0,99.99999999948821,20.499999999795307,20,0.49875621172140444,1.0,117.49999998677589,-3.908298248291433,80.0,80.0,-3.477568394443672,-4.699999999999998,-1.1999999996060413,0.0,0.0,0.0,0.0,27.0,27.0,234.99999997356545,47.99999998424165,0.5726779500812358,1.0,0.008496052665799754,1.6348227137064257,4.3953925925827075,3015,wide_bounds,sa
264.2190182317612,27,1,success,0.030738038401625006,0.009897106166962853,0,0,0,1.6086181672059683,1.6086181672059683,0,proxy_pcrb,1,27.0,134.99999997407724,27.49999998444634,27,0.6465996884410672,1.0,1,20.0,99.99999999948821,20.499999999795307,20,0.49875621172140444,1.0,117.49999998677589,-3.908298248291433,80.0,80.0,-3.472683507117251,-4.699999999999998,-1.1999999996060413,0.0,0.0,0.0,0.0,27.0,27.0,234.99999997356545,47.99999998424165,0.5726779500812358,1.0,0.009487943979056206,1.620638637234327,4.411929629693784,3016,wide_bounds,sa
264.3083782699558,27,1,success,0.03158167297877302,0.030154965231888254,0,0,0,1.6086545347454784,1.6086545347454784,0,proxy_pcrb,1,27.0,134.99999997407724,27.49999998444634,27,0.6465996884410672,1.0,1,20.0,99.99999999948821,20.499999999795307,20,0.49875621172140444,1.0,117.49999998677589,-3.908298248291433,80.0,80.0,-3.3833234689225624,-4.699999999999998,-1.1999999996060413,0.0,0.0,0.0,0.0,27.0,27.0,234.99999997356545,47.99999998424165,0.5726779500812358,1.0,0.005710477582433584,1.6969877564680627,4.429811111212648,3017,wide_bounds,sa
264.30309915572093,27,1,success,0.03165877296289359,0.0197026011873285,0,0,0,1.8121356447449248,1.8121356447449248,0,proxy_pcrb,1,27.0,134.99999997407724,27.49999998444634,27,0.6465996884410672,1.0,1,20.0,99.99999999948821,20.499999999795307,20,0.49875621172140444,1.0,117.49999998677589,-3.908298248291433,80.0,80.0,-3.388602583157513,-4.699999999999998,-1.1999999996060413,0.0,0.0,0.0,0.0,27.0,27.0,234.99999997356545,47.99999998424165,0.5726779500812358,1.0,0.007396594112982513,1.5261764986120832,4.408774074060299,3018,wide_bounds,sa
264.2320952224865,27,1,success,0.027113505951932643,0.048305615854919486,0,0,0,1.7513030162589116,1.7513030162589116,0,proxy_pcrb,1,27.0,134.99999997407724,27.49999998444634,27,0.6465996884410672,1.0,1,20.0,99.99999999948821,20.499999999795307,20,0.49875621172140444,1.0,117.49999998677589,-3.908298248291433,80.0,80.0,-3.4596065163918985,-4.699999999999998,-1.1999999996060413,0.0,0.0,0.0,0.0,27.0,27.0,234.99999997356545,47.99999998424165,0.5726779500812358,1.0,0.008904662960584456,1.96136294091221,4.40864074078962,3019,wide_bounds,sa
264.1776738026167,27,1,success,0.03490989338027036,0.028053630315379895,0,0,0,1.603356057265073,1.603356057265073,0,proxy_pcrb,1,27.0,134.99999997407724,27.49999998444634,27,0.6465996884410672,1.0,1,20.0,99.99999999948821,20.499999999795307,20,0.49875621172140444,1.0,117.49999998677589,-3.908298248291433,80.0,80.0,-3.51402793626175,-4.699999999999998,-1.1999999996060413,0.0,0.0,0.0,0.0,27.0,27.0,234.99999997356545,47.99999998424165,0.5726779500812358,1.0,0.00925456758926861,1.460525287067054,4.421900000091194,3020,wide_bounds,sa
264.2367802364417,27,1,success,0.03699736327919359,0.013357392728854774,0,0,0,1.6706592577363566,1.6706592577363566,0,proxy_pcrb,1,27.0,134.99999997407724,27.49999998444634,27,0.6465996884410672,1.0,1,20.0,99.99999999948821,20.499999999795307,20,0.49875621172140444,1.0,117.49999998677589,-3.908298248291433,80.0,80.0,-3.454921502436744,-4.699999999999998,-1.1999999996060413,0.0,0.0,0.0,0.0,27.0,27.0,234.99999997356545,47.99999998424165,0.5726779500812358,1.0,0.006253893869585164,1.4194728096732883,4.575429629497834,3021,wide_bounds,sa
264.3420824305915,27,1,success,0.02451670963068362,0.02947441346255092,0,0,0,1.8460136490769172,1.8460136490769172,0,proxy_pcrb,1,27.0,134.99999997407724,27.49999998444634,27,0.6465996884410672,1.0,1,20.0,99.99999999948821,20.499999999795307,20,0.49875621172140444,1.0,117.49999998677589,-3.908298248291433,80.0,80.0,-3.349619308286911,-4.699999999999998,-1.1999999996060413,0.0,0.0,0.0,0.0,27.0,27.0,234.99999997356545,47.99999998424165,0.5726779500812358,1.0,0.008859245336855495,1.9878056375912712,4.3821592592023615,3022,wide_bounds,sa
263.79493087559825,27,1,success,0.03464176335400034,0.03359298510888921,0,0,0,1.7286134085867502,1.7286134085867502,0,proxy_pcrb,1,27.0,134.99999984446333,27.4999999326008,27,0.6465998180530044,1.0,1,22.0,109.9999999735026,22.91720829199774,22,0.013333766907296558,1.0,117.74271114437698,-4.131398059507938,80.0,80.0,-3.6559520036558184,-4.8999999999999995,-1.2604302056149637,0.0,0.0,0.0,0.0,27.0,27.0,244.99999981796594,50.41720822459854,0.3299667924801505,1.0,0.0113122062537405,2.098459427137351,4.390640740792959,3023,wide_bounds,sa
264.2682104964642,27,1,success,0.030730417856897344,0.03940227369081078,0,0,0,1.7664545053563676,1.7664545053563676,0,proxy_pcrb,1,27.0,134.99999997407724,27.49999998444634,27,0.6465996884410672,1.0,1,20.0,99.99999999948821,20.499999999795307,20,0.49875621172140444,1.0,117.49999998677589,-3.908298248291433,80.0,80.0,-3.4234912424142085,-4.699999999999998,-1.1999999996060413,0.0,0.0,0.0,0.0,27.0,27.0,234.99999997356545,47.99999998424165,0.5726779500812358,1.0,0.007903607434906371,1.5970399389963905,4.4249814815244735,3024,wide_bounds,sa
264.3901720579739,27,1,success,0.02982997208487706,0.015595808668119701,0,0,0,1.4932715033240025,1.4932715033240025,0,proxy_pcrb,1,27.0,134.99999997407724,27.49999998444634,27,0.6465996884410672,1.0,1,20.0,99.99999999948821,20.499999999795307,20,0.49875621172140444,1.0,117.49999998677589,-3.908298248291433,80.0,80.0,-3.3015296809044585,-4.699999999999998,-1.1999999996060413,0.0,0.0,0.0,0.0,27.0,27.0,234.99999997356545,47.99999998424165,0.5726779500812358,1.0,0.008392075126816168,1.360871279615845,4.370062962893657,3025,wide_bounds,sa
264.25984328001994,27,1,success,0.028773941500135895,0.02222708319988507,0,0,0,1.66202138692449,1.66202138692449,0,proxy_pcrb,1,27.0,134.99999997407724,27.49999998444634,27,0.6465996884410672,1.0,1,20.0,99.99999999948821,20.499999999795307,20,0.49875621172140444,1.0,117.49999998677589,-3.908298248291433,80.0,80.0,-3.4318584588585073,-4.699999999999998,-1.1999999996060413,0.0,0.0,0.0,0.0,27.0,27.0,234.99999997356545,47.99999998424165,0.5726779500812358,1.0,0.008572985919813838,2.08312749738358,4.388011111216286,3026,wide_bounds,sa
264.1777696858144,27,1,success,0.03290175903822218,0.03352246034240159,0,0,0,1.7082922428930742,1.7082922428930742,0,proxy_pcrb,1,27.0,134.99999997407724,27.49999998444634,27,0.6465996884410672,1.0,1,20.0,99.99999999948821,20.499999999795307,20,0.49875621172140444,1.0,117.49999998677589,-3.908298248291433,80.0,80.0,-3.51393205306409,-4.699999999999998,-1.1999999996060413,0.0,0.0,0.0,0.0,27.0,27.0,234.99999997356545,47.99999998424165,0.5726779500812358,1.0,0.012334498594297128,1.7291700352134116,4.322985185084421,3027,wide_bounds,sa
264.0497348824508,27,1,success,0.03724313047353593,0.023788419310967326,0,0,0,1.5505908344349515,1.5505908344349515,0,proxy_pcrb,1,27.0,134.99999997407724,27.49999998444634,27,0.6465996884410672,1.0,1,20.0,99.99999999948821,20.499999999795307,20,0.49875621172140444,1.0,117.49999998677589,-3.908298248291433,80.0,80.0,-3.6419668564276244,-4.699999999999998,-1.1999999996060413,0.0,0.0,0.0,0.0,27.0,27.0,234.99999997356545,47.99999998424165,0.5726779500812358,1.0,0.00934147000356397,1.4136548086711234,4.235274074104651,3028,wide_bounds,sa
264.31155066234885,27,1,success,0.025307633993650405,0.015315406821432228,0,0,0,1.6430108753721608,1.6430108753721608,0,proxy_pcrb,1,27.0,134.99999997407724,27.49999998444634,27,0.6465996884410672,1.0,1,20.0,99.99999999948821,20.499999999795307,20,0.49875621172140444,1.0,117.49999998677589,-3.908298248291433,80.0,80.0,-3.380151076529587,-4.699999999999998,-1.1999999996060413,0.0,0.0,0.0,0.0,27.0,27.0,234.99999997356545,47.99999998424165,0.5726779500812358,1.0,0.00950609165470748,1.8417463142940822,4.240925926010446,3029,wide_bounds,sa
264.1917637210987,27,1,success,0.0350845470346374,0.036528245822527186,0,0,0,1.883545831003199,1.883545831003199,0,proxy_pcrb,1,27.0,134.99999997407724,27.49999998444634,27,0.6465996884410672,1.0,1,20.0,99.99999999948821,20.499999999795307,20,0.49875621172140444,1.0,117.49999998677589,-3.908298248291433,80.0,80.0,-3.4999380177797015,-4.699999999999998,-1.1999999996060413,0.0,0.0,0.0,0.0,27.0,27.0,234.99999997356545,47.99999998424165,0.5726779500812358,1.0,0.007834287369189657,1.8297473624673584,4.753744444348774,3030,wide_bounds,sa
264.308424980706,27,1,success,0.030249728199039636,0.01442283116550919,0,0,0,1.681160089683244,1.681160089683244,0,proxy_pcrb,1,27.0,134.99999997407724,27.49999998444634,27,0.6465996884410672,1.0,1,20.0,99.99999999948821,20.499999999795307,20,0.49875621172140444,1.0,117.49999998677589,-3.908298248291433,80.0,80.0,-3.383276758172452,-4.699999999999998,-1.1999999996060413,0.0,0.0,0.0,0.0,27.0,27.0,234.99999997356545,47.99999998424165,0.5726779500812358,1.0,0.006686251754444717,1.4328518819243488,4.4396407406397715,3031,wide_bounds,sa
264.31103688410377,27,1,success,0.027366455592014404,0.0121322348284338,0,0,0,1.9185378109056763,1.9185378109056763,0,proxy_pcrb,1,27.0,134.99999997407724,27.49999998444634,27,0.6465996884410672,1.0,1,20.0,99.99999999948821,20.499999999795307,20,0.49875621172140444,1.0,117.49999998677589,-3.908298248291433,80.0,80.0,-3.3806648547746887,-4.699999999999998,-1.1999999996060413,0.0,0.0,0.0,0.0,27.0,27.0,234.99999997356545,47.99999998424165,0.5726779500812358,1.0,0.008661618671398962,1.6414833693348,4.548655555616413,3032,wide_bounds,sa
264.1976192575067,27,1,success,0.037861463279874594,0.013188621156128472,0,0,0,1.5167539868500761,1.5167539868500761,0,proxy_pcrb,1,27.0,134.99999997407724,27.49999998444634,27,0.6465996884410672,1.0,1,20.0,99.99999999948821,20.499999999795307,20,0.49875621172140444,1.0,117.49999998677589,-3.908298248291433,80.0,80.0,-3.4940824813716858,-4.699999999999998,-1.1999999996060413,0.0,0.0,0.0,0.0,27.0,27.0,234.99999997356545,47.99999998424165,0.5726779500812358,1.0,0.006607246325253724,1.3607200550669927,5.127748148071179,3033,wide_bounds,sa
264.2154737277974,27,1,success,0.02882231675841054,0.0357350974812643,0,0,0,2.0173810709308366,2.0173810709308366,0,proxy_pcrb,1,27.0,134.99999997407724,27.49999998444634,27,0.6465996884410672,1.0,1,20.0,99.99999999948821,20.499999999795307,20,0.49875621172140444,1.0,117.49999998677589,-3.908298248291433,80.0,80.0,-3.4762280110810164,-4.699999999999998,-1.1999999996060413,0.0,0.0,0.0,0.0,27.0,27.0,234.99999997356545,47.99999998424165,0.5726779500812358,1.0,0.009518489578230836,1.8434310750186602,4.465233333407754,3034,wide_bounds,sa
264.1818116248834,27,1,success,0.03228096506771907,0.05868974655429193,0,0,0,1.5787151836498965,1.5787151836498965,0,proxy_pcrb,1,27.0,134.99999997407724,27.49999998444634,27,0.6465996884410672,1.0,1,20.0,99.99999999948821,20.499999999795307,20,0.49875621172140444,1.0,117.49999998677589,-3.908298248291433,80.0,80.0,-3.509890113995047,-4.699999999999998,-1.1999999996060413,0.0,0.0,0.0,0.0,27.0,27.0,234.99999997356545,47.99999998424165,0.5726779500812358,1.0,0.008386194376225493,1.6621664811603976,4.43777777780741,3035,wide_bounds,sa
264.32872528913583,27,1,success,0.03511854425566486,0.03291426423241106,0,0,0,1.7968161347476963,1.7968161347476965,0,proxy_pcrb,1,27.0,134.99999997407724,27.49999998444634,27,0.6465996884410672,1.0,1,20.0,99.99999999948821,20.499999999795307,20,0.49875621172140444,1.0,117.49999998677589,-3.908298248291433,80.0,80.0,-3.36297644974254,-4.699999999999998,-1.1999999996060413,0.0,0.0,0.0,0.0,27.0,27.0,234.99999997356545,47.99999998424165,0.5726779500812358,1.0,0.011437080006345869,1.6179501424871068,4.562818518462774,3036,wide_bounds,sa
264.134147809881,27,1,success,0.030896735196462737,0.03277327639273294,0,0,0,1.5183876306400907,1.5183876306400903,0,proxy_pcrb,1,27.0,134.99999997407724,27.49999998444634,27,0.6465996884410672,1.0,1,20.0,99.99999999948821,20.499999999795307,20,0.49875621172140444,1.0,117.49999998677589,-3.908298248291433,80.0,80.0,-3.557553928997472,-4.699999999999998,-1.1999999996060413,0.0,0.0,0.0,0.0,27.0,27.0,234.99999997356545,47.99999998424165,0.5726779500812358,1.0,0.00847769428598711,1.4736673871144743,4.379340740679591,3037,wide_bounds,sa
264.39470609935324,27,1,success,0.029818924870455517,0.012030647577599675,0,0,0,1.7813855518166894,1.7813855518166894,0,proxy_pcrb,1,27.0,134.99999997407724,27.49999998444634,27,0.6465996884410672,1.0,1,20.0,99.99999999948821,20.499999999795307,20,0.49875621172140444,1.0,117.49999998677589,-3.908298248291433,80.0,80.0,-3.296995639525168,-4.699999999999998,-1.1999999996060413,0.0,0.0,0.0,0.0,27.0,27.0,234.99999997356545,47.99999998424165,0.5726779500812358,1.0,0.007646967215563666,1.98853573835456,4.234970370480032,3038,wide_bounds,sa
264.10752377643905,27,1,success,0.03723810916759179,0.021956141090276018,0,0,0,1.8855343134498952,1.8855343134498952,0,proxy_pcrb,1,27.0,134.99999997407724,27.49999998444634,27,0.6465996884410672,1.0,1,20.0,99.99999999948821,20.499999999795307,20,0.49875621172140444,1.0,117.49999998677589,-3.908298248291433,80.0,80.0,-3.584177962439349,-4.699999999999998,-1.1999999996060413,0.0,0.0,0.0,0.0,27.0,27.0,234.99999997356545,47.99999998424165,0.5726779500812358,1.0,0.010827601852613269,2.1034336548286516,4.2274703703663326,3039,wide_bounds,sa
264.22635991982094,27,1,success,0.031761775805499846,0.02639932152811212,0,0,0,1.7114527089063079,1.7114527089063079,0,proxy_pcrb,1,27.0,134.99999997407724,27.49999998444634,27,0.6465996884410672,1.0,1,20.0,99.99999999948821,20.499999999795307,20,0.49875621172140444,1.0,117.49999998677589,-3.908298248291433,80.0,80.0,-3.4653418190574676,-4.699999999999998,-1.1999999996060413,0.0,0.0,0.0,0.0,27.0,27.0,234.99999997356545,47.99999998424165,0.5726779500812358,1.0,0.00900277660541712,1.4499813221838551,4.241674074061545,3040,wide_bounds,sa
264.22925694906303,27,1,success,0.03127673507852791,0.014646120966052376,0,0,0,1.7879208624963876,1.7879208624963878,0,proxy_pcrb,1,27.0,134.99999997407724,27.49999998444634,27,0.6465996884410672,1.0,1,20.0,99.99999999948821,20.499999999795307,20,0.49875621172140444,1.0,117.49999998677589,-3.908298248291433,80.0,80.0,-3.462444789815367,-4.699999999999998,-1.1999999996060413,0.0,0.0,0.0,0.0,27.0,27.0,234.99999997356545,47.99999998424165,0.5726779500812358,1.0,0.011347839215834625,1.6508626026954443,4.224688888825767,3041,wide_bounds,sa
264.31943585565676,27,1,success,0.02825756028730753,0.018427698582843457,0,0,0,1.9885009078209956,1.9885009078209954,0,proxy_pcrb,1,27.0,134.99999997407724,27.49999998444634,27,0.6465996884410672,1.0,1,20.0,99.99999999948821,20.499999999795307,20,0.49875621172140444,1.0,117.49999998677589,-3.908298248291433,80.0,80.0,-3.372265883221615,-4.699999999999998,-1.1999999996060413,0.0,0.0,0.0,0.0,27.0,27.0,234.99999997356545,47.99999998424165,0.5726779500812358,1.0,0.008569138207963397,1.9445247842277906,4.235144444363767,3042,wide_bounds,sa
264.20056183618647,27,1,success,0.03195605285840744,0.03853952341180526,0,0,0,2.3002907783673434,2.3002907783673434,0,proxy_pcrb,1,27.0,134.99999997407724,27.49999998444634,27,0.6465996884410672,1.0,1,20.0,99.99999999948821,20.499999999795307,20,0.49875621172140444,1.0,117.49999998677589,-3.908298248291433,80.0,80.0,-3.4911399026919807,-4.699999999999998,-1.1999999996060413,0.0,0.0,0.0,0.0,27.0,27.0,234.99999997356545,47.99999998424165,0.5726779500812358,1.0,0.008910557680686514,2.195480803851802,4.21528518513191,3043,wide_bounds,sa
264.12144785463965,27,1,success,0.0334345510049802,0.014193445243770782,0,0,0,1.916682570274553,1.916682570274553,0,proxy_pcrb,1,27.0,134.99999997407724,27.49999998444634,27,0.6465996884410672,1.0,1,20.0,99.99999999948821,20.499999999795307,20,0.49875621172140444,1.0,117.49999998677589,-3.908298248291433,80.0,80.0,-3.570253884238764,-4.699999999999998,-1.1999999996060413,0.0,0.0,0.0,0.0,27.0,27.0,234.99999997356545,47.99999998424165,0.5726779500812358,1.0,0.011261597521498194,1.5053532241093495,4.3460851850425195,3044,wide_bounds,sa
264.3103467704913,27,1,success,0.03026566268614836,0.012158489192990236,0,0,0,1.6365497147328585,1.6365497147328585,0,proxy_pcrb,1,27.0,134.99999997407724,27.49999998444634,27,0.6465996884410672,1.0,1,20.0,99.99999999948821,20.499999999795307,20,0.49875621172140444,1.0,117.49999998677589,-3.908298248291433,80.0,80.0,-3.381354968387134,-4.699999999999998,-1.1999999996060413,0.0,0.0,0.0,0.0,27.0,27.0,234.99999997356545,47.99999998424165,0.5726779500812358,1.0,0.007300516946934954,1.8238381429871187,4.381577777739612,3045,wide_bounds,sa
264.28857154493414,27,1,success,0.029334424172821224,0.0317360743716439,0,0,0,1.6806594677427105,1.6806594677427105,0,proxy_pcrb,1,27.0,134.99999997407724,27.49999998444634,27,0.6465996884410672,1.0,1,20.0,99.99999999948821,20.499999999795307,20,0.49875621172140444,1.0,117.49999998677589,-3.908298248291433,80.0,80.0,-3.4031301939442846,-4.699999999999998,-1.1999999996060413,0.0,0.0,0.0,0.0,27.0,27.0,234.99999997356545,47.99999998424165,0.5726779500812358,1.0,0.010560339978733922,1.4331403741097433,4.380455555561908,3046,wide_bounds,sa
264.28960314982686,27,1,success,0.03234915431496891,0.01804517456477493,0,0,0,1.7908121638900705,1.7908121638900705,0,proxy_pcrb,1,27.0,134.99999997407724,27.49999998444634,27,0.6465996884410672,1.0,1,20.0,99.99999999948821,20.499999999795307,20,0.49875621172140444,1.0,117.49999998677589,-3.908298248291433,80.0,80.0,-3.402098589051564,-4.699999999999998,-1.1999999996060413,0.0,0.0,0.0,0.0,27.0,27.0,234.99999997356545,47.99999998424165,0.5726779500812358,1.0,0.008161248756189062,1.627068228474707,4.344833333393412,3047,wide_bounds,sa
264.1327408071709,27,1,success,0.035448117193156096,0.028670277030262373,0,0,0,1.793035649309642,1.793035649309642,0,proxy_pcrb,1,27.0,134.99999997407724,27.49999998444634,27,0.6465996884410672,1.0,1,20.0,99.99999999948821,20.499999999795307,20,0.49875621172140444,1.0,117.49999998677589,-3.908298248291433,80.0,80.0,-3.5589609317075745,-4.699999999999998,-1.1999999996060413,0.0,0.0,0.0,0.0,27.0,27.0,234.99999997356545,47.99999998424165,0.5726779500812358,1.0,0.007961232674607997,1.690045306934585,4.382285185245025,3048,wide_bounds,sa
264.3006516987841,27,1,success,0.03231343699026235,0.013270689501029723,0,0,0,1.570208031959627,1.570208031959627,0,proxy_pcrb,1,27.0,134.99999997407724,27.49999998444634,27,0.6465996884410672,1.0,1,20.0,99.99999999948821,20.499999999795307,20,0.49875621172140444,1.0,117.49999998677589,-3.908298248291433,80.0,80.0,-3.39105004009435,-4.699999999999998,-1.1999999996060413,0.0,0.0,0.0,0.0,27.0,27.0,234.99999997356545,47.99999998424165,0.5726779500812358,1.0,0.009540687315187136,1.463193812066629,4.376577777663813,3049,wide_bounds,sa
264.2073488505144,27,1,success,0.03460491514014696,0.021878123396447353,0,0,0,1.5880598338724443,1.5880598338724443,0,proxy_pcrb,1,27.0,134.99999997407724,27.49999998444634,27,0.6465996884410672,1.0,1,20.0,99.99999999948821,20.499999999795307,20,0.49875621172140444,1.0,117.49999998677589,-3.908298248291433,80.0,80.0,-3.4843528883640813,-4.699999999999998,-1.1999999996060413,0.0,0.0,0.0,0.0,27.0,27.0,234.99999997356545,47.99999998424165,0.5726779500812358,1.0,0.009359257621712722,1.6581824347913292,4.345133333252441,3050,wide_bounds,sa
-20.274890118771292,100,0,deadline,0.04539940326991978,0.6960507344999828,0,0,60,1.820447569041892,1.820447569041892,0,proxy_pcrb,0,,227.85719945593283,81.69648522251337,100,60.92435936266071,1.0,1,20.0,100.00000000000001,29.232212998499985,20,1.071403147619987,1.0,87.0747966817168,-10.4325483925814,40.0,0.0,-12.143920952381308,-11.999999999999973,-2.773217455525333,0.0,0.0,-60.0,-50.0,100.0,,327.85719945593286,110.92869822101336,30.99788125514035,1.0,0.005237261711953038,2.538900312931336,0.16653899997436383,3001,wide_bounds,mappo
-20.3554585078601,100,0,deadline,0.03731720811795047,0.40443485603678225,0,0,60,1.8845561837147067,1.8845561837147067,0,proxy_pcrb,0,,226.77006589602664,81.36468075124886,100,60.85969564850166,1.0,1,20.0,99.99999999999999,29.28218917597942,20,1.0963030058483465,1.0,87.09467860968218,-10.431268173211267,40.0,0.0,-12.252697196150258,-11.999999999999973,-2.7661717481807067,0.0,0.0,-60.0,-50.0,100.0,,326.7700658960266,110.64686992722827,30.977999327175006,1.0,0.008654818856752521,2.2533514488956987,0.165255999963847,3002,wide_bounds,mappo
260.834849772771,28,1,success,0.031116136001711148,0.04656417179507767,0,0,0,1.552843279127282,1.552843279127282,0,proxy_pcrb,1,28.0,140.0,41.987204628941136,28,4.928770405689073,1.0,1,20.0,100.00000000000001,29.299944539461745,20,1.2019768868685874,1.0,115.0073042905783,-4.033213333213622,80.0,80.0,-3.5570624553835732,-4.799999999999998,-1.7821787292100724,0.0,0.0,0.0,0.0,28.0,28.0,240.0,71.28714916840288,3.06537364627883,1.0,0.006451408426506525,1.5069295411970747,0.2096464285321937,3003,wide_bounds,mappo
-20.734933262256106,100,0,deadline,0.04687310708539078,0.2023192251000963,0,0,60,1.8133079137242392,1.8133079137242392,0,proxy_pcrb,0,,227.4385629845402,82.11576968270546,100,60.87622973595262,1.0,1,20.0,100.0,29.335609711739806,20,1.1182844063056567,1.0,87.07542086572796,-10.433448885211227,40.0,0.0,-12.590620757911806,-11.999999999999973,-2.786284484861132,0.0,0.0,-60.0,-50.0,100.0,,327.4385629845402,111.45137939444527,30.997257071129138,1.0,0.011253385854732146,1.618825699996357,0.16806599995106808,3004,wide_bounds,mappo
-20.45376488345506,100,0,deadline,0.04595991103332715,0.20122800579678587,0,0,60,1.7250607405335738,1.7250607405335738,0,proxy_pcrb,0,,228.00053348849798,81.83182613837684,100,60.89889807339403,1.0,1,20.0,100.0,29.226783393376927,20,1.1686282926053244,1.0,87.03891475385747,-10.432715868367486,40.0,0.0,-12.283498530651194,-11.999999999999973,-2.7764652382938446,0.0,0.0,-60.0,-50.0,100.0,,328.000533488498,111.05860953175377,31.033763182999678,1.0,0.006530456591470767,1.8248534570246866,0.16211499995733902,3005,wide_bounds,mappo
-20.25843151507624,100,0,deadline,0.03709720293669883,0.1986348563919946,0,0,60,1.5664331715227295,1.5664331715227295,0,proxy_pcrb,0,,226.6846633915036,81.40333893121415,100,60.852576618342084,1.0,1,20.0,100.0,29.2797816608481,20,1.1312984549142435,1.0,87.08074040022898,-10.43337509526882,40.0,0.0,-12.138718805234799,-11.999999999999973,-2.7670780148015566,0.0,0.0,-60.0,-50.0,100.0,,326.6846633915036,110.68312059206225,30.991937536628164,1.0,0.007585927256584457,1.5224145569345215,0.16294299997753114,3006,wide_bounds,mappo
-20.442128029787394,100,0,deadline,0.04147845686357466,0.27857639367600295,0,0,60,1.7527970359763119,1.7527970359763116,0,proxy_pcrb,0,,227.31131246613282,81.38739269117934,100,60.874851713358694,1.0,1,20.0,100.0,29.248348928247395,20,1.1315940630130508,1.0,87.06945504867124,-10.432009676205503,40.0,0.0,-12.31367986176761,-11.999999999999973,-2.7658935404856693,0.0,0.0,-60.0,-50.0,100.0,,327.3113124661328,110.63574161942674,31.003222888185874,1.0,0.00795922228048862,2.0175290653868525,0.1629549999233859,3007,wide_bounds,mappo
261.07852957824554,28,1,success,0.02577341915226859,0.008418555318403896,0,0,0,1.8107042308913004,1.8107042308913004,0,proxy_pcrb,1,28.0,140.0,41.965925038301854,28,4.92867881232262,1.0,1,20.0,99.99999999999999,29.25739672713453,20,1.1199998411823735,1.0,115.04833861010464,-4.034383073085384,80.0,80.0,-3.3548429146378203,-4.799999999999998,-1.780583044135909,0.0,0.0,0.0,0.0,28.0,28.0,240.0,71.22332176543638,3.024339326752497,1.0,0.007378776351029815,1.7712733650918249,0.20363214285420586,3008,wide_bounds,mappo
-20.326855635181204,100,0,deadline,0.03705843190403991,0.312349130294919,0,0,60,1.701669055614114,1.701669055614114,0,proxy_pcrb,0,,226.69675558348078,81.35187271621423,100,60.8468944406541,1.0,1,20.0,100.00000000000003,29.278316430260183,20,1.132495495568232,1.0,87.08298296874605,-10.431497445324194,40.0,0.0,-12.2125864299411,-11.999999999999973,-2.7657547286618596,0.0,0.0,-60.0,-50.0,100.0,,326.6967555834808,110.63018914647441,30.989694968111163,1.0,0.0076168763718081015,2.230149044670731,0.16264099997897574,3009,wide_bounds,mappo
-20.55856954667316,100,0,deadline,0.03618385194873985,0.29283464742615156,0,0,60,1.8826993367943154,1.8826993367943154,0,proxy_pcrb,0,,227.72054379662902,81.8782947286618,100,60.91326794705282,1.0,1,20.0,100.0,29.3045877274223,20,1.267052360564166,1.0,86.9825177830486,-10.433845084539815,40.0,0.0,-12.327670183779862,-11.999999999999973,-2.7795720614021024,0.0,0.0,-60.0,-50.0,100.0,,327.72054379662904,111.1828824560841,31.090160153808494,1.0,0.007148051170536782,1.7463374735221768,0.17063799999050389,3010,wide_bounds,mappo
-19.947579872677792,100,0,deadline,0.037798949573970696,0.3326537822756994,0,0,60,1.6216542030287777,1.6216542030287777,0,proxy_pcrb,0,,227.98834773475022,81.09784746698591,100,60.89768646046845,1.0,1,20.0,99.99999999999999,29.316010995159786,20,1.2302229170040406,1.0,87.00872324812086,-10.434546740017984,40.0,0.0,-11.76140991922706,-11.999999999999973,-2.760346461553642,0.0,0.0,-60.0,-50.0,100.0,,327.9883477347502,110.4138584621457,31.063954688736246,1.0,0.0064604271440046,1.4170049936263756,0.16149799997037917,3011,wide_bounds,mappo
260.8314539229951,28,1,success,0.028321946874025356,0.037404889008124595,0,0,0,1.8310003968879183,1.8310003968879183,0,proxy_pcrb,1,28.0,140.0,41.98352602133927,28,4.885001476214139,1.0,1,20.0,100.0,29.402186783657847,20,1.217119132840943,1.0,115.0216176323296,-4.0346147211838215,80.0,80.0,-3.5709061680257763,-4.799999999999998,-1.7846428201249278,0.0,0.0,0.0,0.0,28.0,28.0,240.0,71.38571280499713,3.051060304527541,1.0,0.007489846662375016,1.618681413548028,0.20487500004102394,3012,wide_bounds,mappo
-20.80736232542464,100,0,deadline,0.04099210168804286,0.3961339955139968,0,0,60,1.7242239533583217,1.7242239533583217,0,proxy_pcrb,0,,227.42456842703362,81.5919979465747,100,60.927774157703716,1.0,1,20.0,99.99999999999997,29.24999424557676,20,1.4602197924326934,1.0,86.87868096178892,-10.433294473980052,40.0,0.0,-12.481699008429688,-11.999999999999973,-2.771049804803788,0.0,0.0,-60.0,-50.0,100.0,,327.4245684270336,110.84199219215145,31.193996975068206,1.0,0.008830246341045424,2.0641154350793793,0.1641889999700652,3013,wide_bounds,mappo
-21.185523543574465,100,0,deadline,0.04595445079418359,0.4416903871367219,0,0,60,1.8278703291815874,1.8278703291815874,0,proxy_pcrb,0,,227.73448694514738,82.8584007734988,100,60.94047210431958,1.0,1,20.0,99.99999999999997,29.340893926346382,20,1.108850258477106,1.0,87.04801675545879,-10.433315683698366,40.0,0.0,-12.995242247838746,-11.999999999999973,-2.804982367496128,0.0,0.0,-60.0,-50.0,100.0,,327.73448694514735,112.19929469984518,31.024661181398344,1.0,0.007099877819351943,1.5158029645873206,0.15904399990176898,3014,wide_bounds,mappo
260.76596487979293,28,1,success,0.029414904680036463,0.06417280568098678,0,0,0,1.865828968527247,1.865828968527247,0,proxy_pcrb,1,28.0,140.0,41.97717324739295,28,4.989883513085338,1.0,1,20.0,100.00000000000001,29.288851013200574,20,1.2486035818098962,1.0,114.95343438940954,-4.033195202237931,80.0,80.0,-3.5726237008638244,-4.799999999999998,-1.781650606514838,0.0,0.0,0.0,0.0,28.0,28.0,240.0,71.26602426059353,3.119243547447617,1.0,0.00857897910297741,1.6348227137064257,0.20634285721955944,3015,wide_bounds,mappo
-20.79532794743001,100,0,deadline,0.05090576464334141,0.478233085027388,0,0,60,1.6047021145734772,1.6047021145734774,0,proxy_pcrb,0,,227.87744408568344,82.05914167418753,100,60.87662884251321,1.0,1,20.0,100.00000000000003,29.2765479246873,20,1.1685807755573532,1.0,87.0500731278218,-10.432183819739262,40.0,0.0,-12.62982501554082,-11.999999999999973,-2.7833922399718722,0.0,0.0,-60.0,-50.0,100.0,,327.87744408568346,111.33568959887484,31.022604809035283,1.0,0.009626828664367695,1.620638637234327,0.1609619999453571,3016,wide_bounds,mappo
261.082206427418,28,1,success,0.026577354607818324,0.012222267018614029,0,0,0,1.5816839675475505,1.5816839675475505,0,proxy_pcrb,1,28.0,140.0,41.99742948740554,28,4.9412892005032205,1.0,1,20.0,99.99999999999999,29.18751189132104,20,1.045009196684888,1.0,115.07952873826305,-4.034604703904679,80.0,80.0,-3.383094072472238,-4.799999999999998,-1.7796235344681643,0.0,0.0,0.0,0.0,28.0,28.0,240.0,71.18494137872658,2.9931491985940544,1.0,0.005559836780927372,1.6969877564680627,0.2217607142743613,3017,wide_bounds,mappo
260.99713237196227,28,1,success,0.026880136924859025,0.011435379996784054,0,0,0,1.8089008816988381,1.8089008816988381,0,proxy_pcrb,1,28.0,140.00000000000003,41.96436880295169,28,4.975777685140699,1.0,1,20.0,99.99999999999999,29.238069981180153,20,1.0638240645052572,1.0,115.05287706203418,-4.033527441007502,80.0,80.0,-3.4421562794610585,-4.799999999999998,-1.7800609696032954,0.0,0.0,0.0,0.0,28.0,28.0,240.0,71.20243878413184,3.019800874822978,1.0,0.007741582125179769,1.5261764986120832,0.21226071424150308,3018,wide_bounds,mappo
260.83580457604154,28,1,success,0.022967032344135,0.015560968643967098,0,0,0,1.735949967410726,1.735949967410726,0,proxy_pcrb,1,28.0,140.00000000000003,41.99945847954601,28,4.977265880003993,1.0,1,20.0,100.0,29.255814651797994,20,1.328170806736564,1.0,114.91995959348688,-4.033416151602604,80.0,80.0,-3.4693570375590967,-4.799999999999998,-1.7813818282836,0.0,0.0,0.0,0.0,28.0,28.0,240.00000000000003,71.255273131344,3.1527183433702786,1.0,0.009155636836365303,1.96136294091221,0.2155535714466948,3019,wide_bounds,mappo
-20.839261667577084,100,0,deadline,0.04207678084521639,0.3825726174387006,0,0,60,1.7729623706340147,1.772962370634015,0,proxy_pcrb,0,,227.61363868213266,81.98733340269268,100,60.89460241970923,1.0,1,20.0,100.00000000000003,29.486114318677657,20,1.2833306270662157,1.0,86.98371141346941,-10.435080376882535,40.0,0.0,-12.601056511129682,-11.999999999999973,-2.7868361930342584,0.0,0.0,-60.0,-50.0,100.0,,327.61363868213266,111.47344772137035,31.08896652338772,1.0,0.009658692623220463,1.460525287067054,0.16280899994853826,3020,wide_bounds,mappo
260.8713985406341,28,1,success,0.03474711079803631,0.09904012202258805,0,0,0,1.672550154608572,1.672550154608572,0,proxy_pcrb,1,28.0,139.99999999999997,41.96765732266081,28,4.974011684487906,1.0,1,20.0,100.0,29.295015871840647,20,1.0387123610682718,1.0,115.06631591407906,-4.033384137969711,80.0,80.0,-3.5799664056126534,-4.799999999999998,-1.7815668298625371,0.0,0.0,0.0,0.0,28.0,28.0,239.99999999999997,71.26267319450146,3.006362022778089,1.0,0.0061594229372697405,1.4194728096732883,0.21603928576041653,3021,wide_bounds,mappo
-20.82009208891492,100,0,deadline,0.04122791651302153,0.3517005640137403,0,0,60,1.7653730732638568,1.7653730732638568,0,proxy_pcrb,0,,227.96231836649758,82.24459572983722,100,60.89730190105387,1.0,1,20.0,100.0,29.332011719587758,20,1.348739830969276,1.0,86.9496570708455,-10.433522832802256,40.0,0.0,-12.546811140722614,-11.999999999999973,-2.7894151862356233,0.0,0.0,-60.0,-50.0,100.0,,327.9623183664976,111.57660744942497,31.123020866011576,1.0,0.009028241866795425,1.9878056375912712,0.1651890000084677,3022,wide_bounds,mappo
-20.688837824227026,100,0,deadline,0.038498591661449436,0.1586582485952972,0,0,60,1.7594304989510374,1.7594304989510374,0,proxy_pcrb,0,,227.80179620797892,82.41727043816573,100,60.902905712790336,1.0,1,20.0,100.00000000000001,29.29219830686787,20,1.0854998513050143,1.0,87.07847515480951,-10.43345948442503,40.0,0.0,-12.541116775985573,-11.999999999999973,-2.792736718625838,0.0,0.0,-60.0,-50.0,100.0,,327.80179620797895,111.7094687450336,30.994202782047676,1.0,0.007378827623197165,2.098459427137351,0.16398100002334104,3023,wide_bounds,mappo
260.87267665612137,28,1,success,0.027496803324227527,0.048841199157724675,0,0,0,1.7499244921588817,1.7499244921588815,0,proxy_pcrb,1,28.0,140.0,41.977006622499886,28,4.921951742016438,1.0,1,20.0,100.0,29.399117423170463,20,1.2716998048227084,1.0,114.97585216343757,-4.035289551911448,80.0,80.0,-3.4834828542629164,-4.799999999999998,-1.7844031011417594,0.0,0.0,0.0,0.0,28.0,28.0,240.0,71.37612404567035,3.0968257734195728,1.0,0.008036865790234122,1.5970399389963905,0.20870714281175293,3024,wide_bounds,mappo
-21.213402832965233,100,0,deadline,0.052480433196008765,0.2309192848107134,0,0,60,1.7445173753081424,1.7445173753081424,0,proxy_pcrb,0,,227.97626857288753,82.92112828208036,100,60.870044182783396,1.0,1,20.0,99.99999999999999,29.354185831026975,20,1.4625237817833552,1.0,86.90639395457377,-10.432991801395564,40.0,0.0,-12.879922133315773,-11.999999999999973,-2.806882852827684,0.0,0.0,-60.0,-50.0,100.0,,327.97626857288753,112.27531411310733,31.166283982283375,1.0,0.008218192887615964,1.360871279615845,0.16604900000857015,3025,wide_bounds,mappo
-20.539451757120787,100,0,deadline,0.03673542990383986,0.20527022188149457,0,0,60,1.6705969833044967,1.6705969833044967,0,proxy_pcrb,0,,227.03593510218687,81.9144234923431,100,60.878364088182884,1.0,1,20.0,99.99999999999997,29.21558954641558,20,1.0230305031358826,1.0,87.12198064119777,-10.432488919248495,40.0,0.0,-12.450693153101072,-11.999999999999973,-2.7782503259689677,0.0,0.0,-60.0,-50.0,100.0,,327.03593510218684,111.13001303875868,30.950697295659385,1.0,0.008758577166960718,2.08312749738358,0.16583200004788523,3026,wide_bounds,mappo
-20.385949072905618,100,0,deadline,0.03202217470768865,0.16219294752678826,0,0,60,1.7401479675558442,1.7401479675558442,0,proxy_pcrb,0,,227.48833859545957,81.20167360148412,100,60.86115104914847,1.0,1,20.0,100.00000000000003,29.302281552750877,20,1.1683419298459337,1.0,87.05793144735992,-10.432831747282327,40.0,0.0,-12.248449894127312,-11.999999999999973,-2.762598878855876,0.0,0.0,-60.0,-50.0,100.0,,327.4883385954596,110.503955154235,31.014746489497202,1.0,0.012746087512755966,1.7291700352134116,0.16559500007133465,3027,wide_bounds,mappo
260.6620888448874,28,1,success,0.033227115941860653,0.03623497826063274,0,0,0,1.5760565588788658,1.5760565588788658,0,proxy_pcrb,1,28.0,140.0,41.99438662815524,28,4.954991189393626,1.0,1,20.0,99.99999999999999,29.301479341993026,20,1.1118697740417383,1.0,115.03924745513945,-4.03240677478322,80.0,80.0,-3.762355186215052,-4.799999999999998,-1.782396649253707,0.0,0.0,0.0,0.0,28.0,28.0,240.0,71.29586597014827,3.033430481717682,1.0,0.009975692666350854,1.4136548086711234,0.215232142896379,3028,wide_bounds,mappo
-20.91206860929957,100,0,deadline,0.03440006511843393,0.17352933452397876,0,0,60,1.7790302518313563,1.7790302518313563,0,proxy_pcrb,0,,227.818989712497,82.08030603899918,100,60.93391652247602,1.0,1,20.0,100.0,29.295940166020138,20,1.5606159780639293,1.0,86.82541168658724,-10.435060340599433,40.0,0.0,-12.518013800161864,-11.999999999999973,-2.7844061551254855,0.0,0.0,-60.0,-50.0,100.0,,327.818989712497,111.37624620501933,31.247266250269973,1.0,0.009632060168906173,1.8417463142940822,0.16368600003261236,3029,wide_bounds,mappo
-20.698329307098962,100,0,deadline,0.04605010513641576,0.5265127081387039,0,0,60,1.7881146457229085,1.7881146457229085,0,proxy_pcrb,0,,227.1542680815079,81.79541260846861,100,60.86255492109321,1.0,1,20.0,100.00000000000001,29.28612925350715,20,1.1949684948793107,1.0,87.04391622887096,-10.432164009848025,40.0,0.0,-12.533042979572409,-11.999999999999973,-2.777038546549393,0.0,0.0,-60.0,-50.0,100.0,,327.1542680815079,111.08154186197575,31.028761707986263,1.0,0.007585405098382253,1.8297473624673584,0.16407799997978145,3030,wide_bounds,mappo
-20.234627034198322,100,0,deadline,0.040559812020760797,0.29665540272955276,0,0,60,1.8357027680503206,1.8357027680503206,0,proxy_pcrb,0,,228.15276125752635,81.58402324150659,100,60.93033741034525,1.0,1,20.0,99.99999999999999,29.285470797187468,20,1.0679661481304967,1.0,87.07352615761931,-10.432064795813284,40.0,0.0,-12.104351045036934,-11.999999999999973,-2.7717373509673524,0.0,0.0,-60.0,-50.0,100.0,,328.1527612575263,110.86949403869406,30.999151779237874,1.0,0.006498350132800082,1.4328518819243488,0.16977099998257472,3031,wide_bounds,mappo
-20.561074337901722,100,0,deadline,0.04740812564394245,0.19408703171153951,0,0,60,1.8307565807961228,1.8307565807961228,0,proxy_pcrb,0,,228.50526221142712,81.68642298658669,100,60.905439497687055,1.0,1,20.0,100.00000000000003,29.325976019389454,20,1.3526299718480534,1.0,86.94364320208956,-10.43311295850285,40.0,0.0,-12.296294606339087,-11.999999999999973,-2.7753099751494035,0.0,0.0,-60.0,-50.0,100.0,,328.5052622114272,111.01239900597615,31.129034734767554,1.0,0.008213343163420355,1.6414833693348,0.16663399998833484,3032,wide_bounds,mappo
260.9343184952289,28,1,success,0.035087846609246166,0.08730394213771502,0,0,0,1.5042078666511611,1.5042078666511611,0,proxy_pcrb,1,28.0,140.0,41.97308193555017,28,4.878468089015106,1.0,1,20.0,99.99999999999999,29.22792384778406,20,0.9777292149329677,1.0,115.1445792848831,-4.032785167773961,80.0,80.0,-3.597450477296875,-4.799999999999998,-1.7800251445833561,0.0,0.0,0.0,0.0,28.0,28.0,240.0,71.20100578333422,2.928098651974037,1.0,0.006437378659802822,1.3607200550669927,0.20852142857360637,3033,wide_bounds,mappo
260.6318164659165,28,1,success,0.0257138199298988,0.048333947086908594,0,0,0,1.9925995811927102,1.9925995811927102,0,proxy_pcrb,1,28.0,140.00000000000003,41.997452083683505,28,4.978706174634278,1.0,1,20.0,99.99999999999997,29.270021137388408,20,1.557889258735297,1.0,114.80438022017236,-4.035403921875385,80.0,80.0,-3.5554730018537333,-4.799999999999998,-1.7816868305267979,0.0,0.0,0.0,0.0,28.0,28.0,240.0,71.26747322107191,3.2682977166847875,1.0,0.009469723348666076,1.8434310750186602,0.21052500005680486,3034,wide_bounds,mappo
-20.824560405702783,100,0,deadline,0.04201698931512446,0.29411399747269384,0,0,60,1.765181536098523,1.765181536098523,0,proxy_pcrb,0,,226.89588444700252,81.96677533309654,100,60.88170663210788,1.0,1,20.0,100.00000000000001,29.441989837238477,20,1.3814124763346192,1.0,86.94111838263588,-10.433985382317816,40.0,0.0,-12.546474276762448,-11.999999999999973,-2.785219129258373,0.0,0.0,-60.0,-50.0,100.0,,326.8958844470025,111.40876517033502,31.131559554221248,1.0,0.008056344647480533,1.6621664811603976,0.1626150000083726,3035,wide_bounds,mappo
261.0159004494683,28,1,success,0.030094851582300502,0.027703087495294664,0,0,0,1.8049079586236672,1.8049079586236672,0,proxy_pcrb,1,28.0,139.99999999999997,41.988810934069114,28,4.9487388453280765,1.0,1,20.0,99.99999999999999,29.24892436567873,20,1.146759385098854,1.0,115.02492882164368,-4.035913743207276,80.0,80.0,-3.392171246474381,-4.799999999999998,-1.7809433824936962,0.0,0.0,0.0,0.0,28.0,28.0,239.99999999999994,71.23773529974784,3.047749115213465,1.0,0.010929309734429472,1.6179501424871068,0.20839642862873525,3036,wide_bounds,mappo
-20.6765118290653,100,0,deadline,0.043113129283791365,0.4259858266752039,0,0,60,1.687884951590245,1.687884951590245,0,proxy_pcrb,0,,227.11148952093856,81.99788865619384,100,60.857580854959515,1.0,1,20.0,100.0,29.203402804010747,20,1.0829943062266894,1.0,87.10239035626407,-10.432749997746022,40.0,0.0,-12.56611990107821,-11.999999999999973,-2.7800322865051164,0.0,0.0,-60.0,-50.0,100.0,,327.11148952093856,111.20129146020459,30.9702875805931,1.0,0.008677775561760007,1.4736673871144743,0.16703899993444793,3037,wide_bounds,mappo
261.04593280388815,28,1,success,0.02566044287762787,0.013129249379784165,0,0,0,1.771086417388012,1.771086417388012,0,proxy_pcrb,1,28.0,140.00000000000003,41.94773438766347,28,4.963098152887249,1.0,1,20.0,100.0,29.306922761703074,20,1.2298658386647467,1.0,114.97619594108113,-4.035343314554273,80.0,80.0,-3.3135533939045696,-4.799999999999998,-1.7813664287341637,0.0,0.0,0.0,0.0,28.0,28.0,240.00000000000003,71.25465714936655,3.096481995775998,1.0,0.007669358157709215,1.98853573835456,0.21140000006068607,3038,wide_bounds,mappo
260.85792621122704,28,1,success,0.03180990538131745,0.009239857281899673,0,0,0,1.9533809935653228,1.9533809935653228,0,proxy_pcrb,1,28.0,139.99999999999997,41.99094392589292,28,4.868587930511868,1.0,1,20.0,100.0,29.29913190683838,20,1.162149086646582,1.0,115.0573094282779,-4.034276742591407,80.0,80.0,-3.582854578641187,-4.799999999999998,-1.7822518958182823,0.0,0.0,0.0,0.0,28.0,28.0,239.99999999999997,71.2900758327313,3.015368508579225,1.0,0.010813297742352502,2.1034336548286516,0.2118607143789372,3039,wide_bounds,mappo
-20.497134892716232,100,0,deadline,0.034741522811729354,0.13975192463117736,0,0,60,1.7681353528823702,1.7681353528823702,0,proxy_pcrb,0,,226.62930481414486,81.58348742761807,100,60.88137044155109,1.0,1,20.0,99.99999999999999,29.306546954284077,20,1.146845272485613,1.0,87.05857007983877,-10.432242857625864,40.0,0.0,-12.351211255381575,-11.999999999999973,-2.7722508595475537,0.0,0.0,-60.0,-50.0,100.0,,326.62930481414486,110.89003438190214,31.014107857018352,1.0,0.009599131475120311,1.4499813221838551,0.16513399998984823,3040,wide_bounds,mappo
-20.67776193872159,100,0,deadline,0.037269000626710694,0.3011915043207899,0,0,60,1.7849652432984198,1.7849652432984198,0,proxy_pcrb,0,,227.12831880915755,81.72135018202665,100,60.86145801640196,1.0,1,20.0,99.99999999999999,29.516103915795327,20,1.3249488987816782,1.0,86.97947447926532,-10.433523420374268,40.0,0.0,-12.442776645167108,-11.999999999999973,-2.78093635244555,0.0,0.0,-60.0,-50.0,100.0,,327.1283188091575,111.23745409782198,31.09320345759182,1.0,0.011100276995197111,1.6508626026954443,0.16771000001426728,3041,wide_bounds,mappo
-20.77700569989048,100,0,deadline,0.03695751273518974,0.10160433967384144,0,0,60,1.8918389526748114,1.8918389526748112,0,proxy_pcrb,0,,228.2158303009197,82.28289239746088,100,60.94079995335018,1.0,1,20.0,99.99999999999999,29.470374699027168,20,1.2873088833851876,1.0,86.95862351848949,-10.436308279004718,40.0,0.0,-12.50548926196296,-11.999999999999973,-2.7938316774121996,0.0,0.0,-60.0,-50.0,100.0,,328.21583030091966,111.75326709648806,31.114054418367683,1.0,0.008415742217310201,1.9445247842277906,0.16595099996266072,3042,wide_bounds,mappo
-20.93279286818928,100,0,deadline,0.04778727781338105,0.3130282041352299,0,0,60,1.9600984843625806,1.9600984843625804,0,proxy_pcrb,0,,227.1499870149559,82.30436259234065,100,60.83766371369921,1.0,1,20.0,100.00000000000001,29.284224613953334,20,1.0631918635803892,1.0,87.12225014821736,-10.431957665782697,40.0,0.0,-12.8333706704666,-11.999999999999973,-2.7897146801573487,0.0,0.0,-60.0,-50.0,100.0,,327.1499870149559,111.588587206294,30.9504277886398,1.0,0.009404103292839281,2.195480803851802,0.16435499998806335,3043,wide_bounds,mappo
-20.89675843580578,100,0,deadline,0.051234108344470536,0.3251533798269661,0,0,60,1.7366662443629055,1.7366662443629055,0,proxy_pcrb,0,,227.74016942318386,81.99023294174606,100,60.93926181639537,1.0,1,20.0,100.0,29.309266762216485,20,1.2972241169658083,1.0,86.95443497017654,-10.43461094461674,40.0,0.0,-12.634094968766494,-11.999999999999973,-2.7824874925990644,0.0,0.0,-60.0,-50.0,100.0,,327.74016942318383,111.29949970396254,31.11824296668059,1.0,0.01159244610010749,1.5053532241093495,0.16841199994814815,3044,wide_bounds,mappo
261.0141243002065,28,1,success,0.02571722067003273,0.013130954222551647,0,0,0,1.6484965867602939,1.6484965867602939,0,proxy_pcrb,1,28.0,140.00000000000003,41.93710484458145,28,4.990536034607642,1.0,1,20.0,100.0,29.222065620108744,20,1.0759749259939624,1.0,115.03942245655632,-4.034552420906491,80.0,80.0,-3.411766473826055,-4.799999999999998,-1.7789792616172544,0.0,0.0,0.0,0.0,28.0,28.0,240.00000000000003,71.15917046469019,3.0332554803008023,1.0,0.007302722440813233,1.8238381429871187,0.2192535714259845,3045,wide_bounds,mappo
260.776000019852,28,1,success,0.02577425319476903,0.03514782875417177,0,0,0,1.6636884178980995,1.6636884178980995,0,proxy_pcrb,1,28.0,140.0,41.998917627322754,28,4.928374952557652,1.0,1,20.0,100.0,29.327697146505955,20,1.497109826778781,1.0,114.8599355471889,-4.034250594282852,80.0,80.0,-3.4665195637083945,-4.799999999999998,-1.7831653693457175,0.0,0.0,0.0,0.0,28.0,28.0,240.0,71.32661477382871,3.2127423896682163,1.0,0.01067619713823021,1.4331403741097433,0.2234892857749011,3046,wide_bounds,mappo
260.9995779574852,28,1,success,0.027772096864193463,0.015632309127359405,0,0,0,1.8296353378760775,1.8296353378760775,0,proxy_pcrb,1,28.0,140.0,41.97623014999926,28,4.973165148967245,1.0,1,20.0,100.00000000000001,29.263567121253963,20,1.1309011548971712,1.0,115.02064478492491,-4.035354298678029,80.0,80.0,-3.404717596980313,-4.799999999999998,-1.780994931781331,0.0,0.0,0.0,0.0,28.0,28.0,240.0,71.23979727125322,3.052033151932208,1.0,0.007693380869574528,1.627068228474707,0.21664642849827942,3047,wide_bounds,mappo
260.804008332655,28,1,success,0.03145366639693348,0.04603551976445735,0,0,0,1.7674278702076545,1.7674278702076545,0,proxy_pcrb,1,28.0,140.00000000000006,41.99692273123072,28,4.973694680852216,1.0,1,20.0,99.99999999999999,29.23693998967547,20,1.0501899684882343,1.0,115.0607356121869,-4.0331268267996965,80.0,80.0,-3.6427538847095975,-4.799999999999998,-1.7808465680226553,0.0,0.0,0.0,0.0,28.0,28.0,240.00000000000006,71.23386272090619,3.0119423246702253,1.0,0.007802606506691298,1.690045306934585,0.21222142852041412,3048,wide_bounds,mappo
261.00955484520296,28,1,success,0.027584645808347647,0.012819298323338453,0,0,0,1.5873874516865834,1.5873874516865834,0,proxy_pcrb,1,28.0,139.99999999999997,41.971820840048,28,4.951377707334058,1.0,1,20.0,100.00000000000001,29.241646028893886,20,1.147343448791621,1.0,115.02331735879429,-4.034731281070944,80.0,80.0,-3.398694560796865,-4.799999999999998,-1.7803366717235474,0.0,0.0,0.0,0.0,28.0,28.0,240.0,71.21346686894188,3.0493605780628394,1.0,0.009329183503015736,1.463193812066629,0.2111571428226203,3049,wide_bounds,mappo
-20.802452600541365,100,0,deadline,0.03826283115900928,0.267562996390943,0,0,60,1.7193714044886743,1.7193714044886743,0,proxy_pcrb,0,,227.09730175248652,82.27895679831595,100,60.87484857696935,1.0,1,20.0,100.00000000000001,29.266544633731613,20,1.0293325873764452,1.0,87.12058735468429,-10.43318259054306,40.0,0.0,-12.701219828881403,-11.999999999999973,-2.7886375358011897,0.0,0.0,-60.0,-50.0,100.0,,327.09730175248654,111.54550143204756,30.952090582172897,1.0,0.00940816966806342,1.6581824347913292,0.16402600003857515,3050,wide_bounds,mappo
224.631893542951,17,1,success,0.03921939168615794,0.027605195756841873,0,0,0,2.2705958158349677,2.2705958158349677,0,proxy_pcrb,1,17.0,132.99999884203265,17.091658175733823,17,2.709923431139068,1.0,1,13.0,100.56430204634387,12.99052824811873,13,2.757510331111275e-07,1.0,72.94857255213253,-2.4946802962257473,80.0,80.0,-2.069944052359485,-3.0000000000000004,-0.7520546605963139,0.0,0.0,0.0,0.0,17.0,17.0,233.56430088837652,30.082186423852555,1.3549618534450505,1.0,0.010980109032884381,2.538900312931336,0.017117646968793396,3001,fast_speed,goal
224.52322409444048,17,1,success,0.04148454368211835,0.022725050451076784,0,0,0,1.9693472898422646,1.9693472898422648,0,proxy_pcrb,1,17.0,132.99999884203265,17.091658175733823,17,2.709923431139068,1.0,1,13.0,100.56430204634387,12.99052824811873,13,2.757510331111275e-07,1.0,72.94857255213253,-2.4946802962257473,80.0,80.0,-2.178613500870011,-3.0000000000000004,-0.7520546605963139,0.0,0.0,0.0,0.0,17.0,17.0,233.56430088837652,30.082186423852555,1.3549618534450505,1.0,0.02197564179079515,2.2533514488956987,0.017447058887816693,3002,fast_speed,goal
224.53019357169774,17,1,success,0.03851243942239362,0.023046779959572175,0,0,0,1.6300730260684353,1.6300730260684353,0,proxy_pcrb,1,17.0,132.99999884203265,17.091658175733823,17,2.709923431139068,1.0,1,13.0,100.56430204634387,12.99052824811873,13,2.757510331111275e-07,1.0,72.94857255213253,-2.4946802962257473,80.0,80.0,-2.17164402361276,-3.0000000000000004,-0.7520546605963139,0.0,0.0,0.0,0.0,17.0,17.0,233.56430088837652,30.082186423852555,1.3549618534450505,1.0,0.013206160435773547,1.5069295411970747,0.016352941041558926,3003,fast_speed,goal
224.45829105313146,17,1,success,0.042286801543962395,0.06423190551522681,0,0,0,1.6467969352669714,1.6467969352669714,0,proxy_pcrb,1,17.0,132.99999884203265,17.091658175733823,17,2.709923431139068,1.0,1,13.0,100.56430204634387,12.99052824811873,13,2.757510331111275e-07,1.0,72.94857255213253,-2.4946802962257473,80.0,80.0,-2.2435465421790117,-3.0000000000000004,-0.7520546605963139,0.0,0.0,0.0,0.0,17.0,17.0,233.56430088837652,30.082186423852555,1.3549618534450505,1.0,0.024075093213841194,1.618825699996357,0.01600588230383651,3004,fast_speed,goal
224.53967244471752,17,1,success,0.035153047703513074,0.019203413683563784,0,0,0,1.779953018389989,1.779953018389989,0,proxy_pcrb,1,17.0,132.99999884203265,17.091658175733823,17,2.709923431139068,1.0,1,13.0,100.56430204634387,12.99052824811873,13,2.757510331111275e-07,1.0,72.94857255213253,-2.4946802962257473,80.0,80.0,-2.1621651505929744,-3.0000000000000004,-0.7520546605963139,0.0,0.0,0.0,0.0,17.0,17.0,233.56430088837652,30.082186423852555,1.3549618534450505,1.0,0.014345027754739092,1.8248534570246866,0.01631176479242961,3005,fast_speed,goal
224.51181943222653,17,1,success,0.0381894664676922,0.07926994916588015,0,0,0,1.4338550956786575,1.4338550956786575,0,proxy_pcrb,1,17.0,132.99999884203265,17.091658175733823,17,2.709923431139068,1.0,1,13.0,100.56430204634387,12.99052824811873,13,2.757510331111275e-07,1.0,72.94857255213253,-2.4946802962257473,80.0,80.0,-2.190018163083967,-3.0000000000000004,-0.7520546605963139,0.0,0.0,0.0,0.0,17.0,17.0,233.56430088837652,30.082186423852555,1.3549618534450505,1.0,0.02053104465325673,1.5224145569345215,0.01604705892746364,3006,fast_speed,goal
224.44832502040288,17,1,success,0.03863208311855532,0.031226479765141778,0,0,0,1.8175475193801756,1.8175475193801756,0,proxy_pcrb,1,17.0,132.99999884203265,17.091658175733823,17,2.709923431139068,1.0,1,13.0,100.56430204634387,12.99052824811873,13,2.757510331111275e-07,1.0,72.94857255213253,-2.4946802962257473,80.0,80.0,-2.2535125749076332,-3.0000000000000004,-0.7520546605963139,0.0,0.0,0.0,0.0,17.0,17.0,233.56430088837652,30.082186423852555,1.3549618534450505,1.0,0.020980244765834977,2.0175290653868525,0.01667058832561666,3007,fast_speed,goal
224.55624082237182,17,1,success,0.03531649141346691,0.01829356383149598,0,0,0,1.8944311988032478,1.8944311988032478,0,proxy_pcrb,1,17.0,132.99999884203265,17.091658175733823,17,2.709923431139068,1.0,1,13.0,100.56430204634387,12.99052824811873,13,2.757510331111275e-07,1.0,72.94857255213253,-2.4946802962257473,80.0,80.0,-2.1455967729386534,-3.0000000000000004,-0.7520546605963139,0.0,0.0,0.0,0.0,17.0,17.0,233.56430088837652,30.082186423852555,1.3549618534450505,1.0,0.017388867911654483,1.7712733650918249,0.01621764707070885,3008,fast_speed,goal
224.62261455107023,17,1,success,0.03646648019990301,0.03301565012073211,0,0,0,1.9045860733205542,1.9045860733205542,0,proxy_pcrb,1,17.0,132.99999884203265,17.091658175733823,17,2.709923431139068,1.0,1,13.0,100.56430204634387,12.99052824811873,13,2.757510331111275e-07,1.0,72.94857255213253,-2.4946802962257473,80.0,80.0,-2.079223044240263,-3.0000000000000004,-0.7520546605963139,0.0,0.0,0.0,0.0,17.0,17.0,233.56430088837652,30.082186423852555,1.3549618534450505,1.0,0.022188483793915664,2.230149044670731,0.016547058882732765,3009,fast_speed,goal
224.5721595634921,17,1,success,0.035454802860850745,0.02504444675032471,0,0,0,1.7439769187851173,1.7439769187851173,0,proxy_pcrb,1,17.0,132.99999884203265,17.091658175733823,17,2.709923431139068,1.0,1,13.0,100.56430204634387,12.99052824811873,13,2.757510331111275e-07,1.0,72.94857255213253,-2.4946802962257473,80.0,80.0,-2.1296780318183672,-3.0000000000000004,-0.7520546605963139,0.0,0.0,0.0,0.0,17.0,17.0,233.56430088837652,30.082186423852555,1.3549618534450505,1.0,0.016125756115483416,1.7463374735221768,0.0166058824320584,3010,fast_speed,goal
224.5919376921097,17,1,success,0.03200050522988115,0.033148911240975576,0,0,0,1.393068289386337,1.393068289386337,0,proxy_pcrb,1,17.0,132.99999884203265,17.091658175733823,17,2.709923431139068,1.0,1,13.0,100.56430204634387,12.99052824811873,13,2.757510331111275e-07,1.0,72.94857255213253,-2.4946802962257473,80.0,80.0,-2.1098999032008123,-3.0000000000000004,-0.7520546605963139,0.0,0.0,0.0,0.0,17.0,17.0,233.56430088837652,30.082186423852555,1.3549618534450505,1.0,0.01583971782157879,1.4170049936263756,0.016088235230092646,3011,fast_speed,goal
224.55712687620704,17,1,success,0.034527374066428564,0.01685806327029729,0,0,0,1.6394941037655542,1.639494103765554,0,proxy_pcrb,1,17.0,132.99999884203265,17.091658175733823,17,2.709923431139068,1.0,1,13.0,100.56430204634387,12.99052824811873,13,2.757510331111275e-07,1.0,72.94857255213253,-2.4946802962257473,80.0,80.0,-2.1447107191034673,-3.0000000000000004,-0.7520546605963139,0.0,0.0,0.0,0.0,17.0,17.0,233.56430088837652,30.082186423852555,1.3549618534450505,1.0,0.018084205846578685,1.618681413548028,0.01616470597261522,3012,fast_speed,goal
224.49742004589848,17,1,success,0.041752593451123976,0.03964315712964789,0,0,0,1.9722512832552341,1.9722512832552341,0,proxy_pcrb,1,17.0,132.99999884203265,17.091658175733823,17,2.709923431139068,1.0,1,13.0,100.56430204634387,12.99052824811873,13,2.757510331111275e-07,1.0,72.94857255213253,-2.4946802962257473,80.0,80.0,-2.2044175494119935,-3.0000000000000004,-0.7520546605963139,0.0,0.0,0.0,0.0,17.0,17.0,233.56430088837652,30.082186423852555,1.3549618534450505,1.0,0.021815135067848927,2.0641154350793793,0.016223529414941474,3013,fast_speed,goal
224.5032451589217,17,1,success,0.04987991660283532,0.2602560882602062,0,0,0,1.55687721467968,1.55687721467968,0,proxy_pcrb,1,17.0,132.99999884203265,17.091658175733823,17,2.709923431139068,1.0,1,13.0,100.56430204634387,12.99052824811873,13,2.757510331111275e-07,1.0,72.94857255213253,-2.4946802962257473,80.0,80.0,-2.1985924363888314,-3.0000000000000004,-0.7520546605963139,0.0,0.0,0.0,0.0,17.0,17.0,233.56430088837652,30.082186423852555,1.3549618534450505,1.0,0.017048299477961548,1.5158029645873206,0.016594117529594395,3014,fast_speed,goal
224.5234346994248,17,1,success,0.033965760920078955,0.013885803020633431,0,0,0,1.6452572222269954,1.6452572222269954,0,proxy_pcrb,1,17.0,132.99999884203265,17.091658175733823,17,2.709923431139068,1.0,1,13.0,100.56430204634387,12.99052824811873,13,2.757510331111275e-07,1.0,72.94857255213253,-2.4946802962257473,80.0,80.0,-2.1784028958857156,-3.0000000000000004,-0.7520546605963139,0.0,0.0,0.0,0.0,17.0,17.0,233.56430088837652,30.082186423852555,1.3549618534450505,1.0,0.020939656589353622,1.6348227137064257,0.016023529443533763,3015,fast_speed,goal
224.50749426729539,17,1,success,0.033456710754694356,0.08600321087304312,0,0,0,1.6843984960023475,1.6843984960023475,0,proxy_pcrb,1,17.0,132.99999884203265,17.091658175733823,17,2.709923431139068,1.0,1,13.0,100.56430204634387,12.99052824811873,13,2.757510331111275e-07,1.0,72.94857255213253,-2.4946802962257473,80.0,80.0,-2.1943433280151066,-3.0000000000000004,-0.7520546605963139,0.0,0.0,0.0,0.0,17.0,17.0,233.56430088837652,30.082186423852555,1.3549618534450505,1.0,0.021995638829529714,1.620638637234327,0.015994117668870947,3016,fast_speed,goal
224.60365041077392,17,1,success,0.02919046172203134,0.06848943078693712,0,0,0,1.5711270707975815,1.5711270707975815,0,proxy_pcrb,1,17.0,132.99999884203265,17.091658175733823,17,2.709923431139068,1.0,1,13.0,100.56430204634387,12.99052824811873,13,2.757510331111275e-07,1.0,72.94857255213253,-2.4946802962257473,80.0,80.0,-2.0981871845365827,-3.0000000000000004,-0.7520546605963139,0.0,0.0,0.0,0.0,17.0,17.0,233.56430088837652,30.082186423852555,1.3549618534450505,1.0,0.013749665369465754,1.6969877564680627,0.016458823665743694,3017,fast_speed,goal
224.4932675536362,17,1,success,0.03892768257359253,0.02784719317045317,0,0,0,1.8265852303948047,1.8265852303948047,0,proxy_pcrb,1,17.0,132.99999884203265,17.091658175733823,17,2.709923431139068,1.0,1,13.0,100.56430204634387,12.99052824811873,13,2.757510331111275e-07,1.0,72.94857255213253,-2.4946802962257473,80.0,80.0,-2.208570041674286,-3.0000000000000004,-0.7520546605963139,0.0,0.0,0.0,0.0,17.0,17.0,233.56430088837652,30.082186423852555,1.3549618534450505,1.0,0.018543341871842575,1.5261764986120832,0.01639411761168637,3018,fast_speed,goal
224.48976395766172,17,1,success,0.028704880514195535,0.01856659379991978,0,0,0,1.7550339469532235,1.7550339469532235,0,proxy_pcrb,1,17.0,132.99999884203265,17.091658175733823,17,2.709923431139068,1.0,1,13.0,100.56430204634387,12.99052824811873,13,2.757510331111275e-07,1.0,72.94857255213253,-2.4946802962257473,80.0,80.0,-2.212073637648777,-3.0000000000000004,-0.7520546605963139,0.0,0.0,0.0,0.0,17.0,17.0,233.56430088837652,30.082186423852555,1.3549618534450505,1.0,0.021929415666682953,1.96136294091221,0.018264705966644482,3019,fast_speed,goal
224.4549611626212,17,1,success,0.044923984817485094,0.03769633554275309,0,0,0,1.6743737362032445,1.6743737362032445,0,proxy_pcrb,1,17.0,132.99999884203265,17.091658175733823,17,2.709923431139068,1.0,1,13.0,100.56430204634387,12.99052824811873,13,2.757510331111275e-07,1.0,72.94857255213253,-2.4946802962257473,80.0,80.0,-2.2468764326893047,-3.0000000000000004,-0.7520546605963139,0.0,0.0,0.0,0.0,17.0,17.0,233.56430088837652,30.082186423852555,1.3549618534450505,1.0,0.02389124414511602,1.460525287067054,0.0164294117840815,3020,fast_speed,goal
224.57791662283785,17,1,success,0.035160093809902676,0.03045967735062344,0,0,0,1.356900970703851,1.356900970703851,0,proxy_pcrb,1,17.0,132.99999884203265,17.091658175733823,17,2.709923431139068,1.0,1,13.0,100.56430204634387,12.99052824811873,13,2.757510331111275e-07,1.0,72.94857255213253,-2.4946802962257473,80.0,80.0,-2.1239209724726416,-3.0000000000000004,-0.7520546605963139,0.0,0.0,0.0,0.0,17.0,17.0,233.56430088837652,30.082186423852555,1.3549618534450505,1.0,0.015616014474462741,1.4194728096732883,0.016841176468861865,3021,fast_speed,goal
224.54923858754483,17,1,success,0.031245258913824986,0.030131739571611724,0,0,0,1.8825457559081658,1.8825457559081655,0,proxy_pcrb,1,17.0,132.99999884203265,17.091658175733823,17,2.709923431139068,1.0,1,13.0,100.56430204634387,12.99052824811873,13,2.757510331111275e-07,1.0,72.94857255213253,-2.4946802962257473,80.0,80.0,-2.1525990077656365,-3.0000000000000004,-0.7520546605963139,0.0,0.0,0.0,0.0,17.0,17.0,233.56430088837652,30.082186423852555,1.3549618534450505,1.0,0.021084770095580234,1.9878056375912712,0.016029411787766387,3022,fast_speed,goal
224.58065142431323,17,1,success,0.03372364137089053,0.0949692697334449,0,0,0,1.9264117913797831,1.9264117913797831,0,proxy_pcrb,1,17.0,132.99999884203265,17.091658175733823,17,2.709923431139068,1.0,1,13.0,100.56430204634387,12.99052824811873,13,2.757510331111275e-07,1.0,72.94857255213253,-2.4946802962257473,80.0,80.0,-2.1211861709972584,-3.0000000000000004,-0.7520546605963139,0.0,0.0,0.0,0.0,17.0,17.0,233.56430088837652,30.082186423852555,1.3549618534450505,1.0,0.01664890659837403,2.098459427137351,0.016658823476652342,3023,fast_speed,goal
224.481834318209,17,1,success,0.04104039271131547,0.05113351330983991,0,0,0,1.608155703890511,1.608155703890511,0,proxy_pcrb,1,17.0,132.99999884203265,17.091658175733823,17,2.709923431139068,1.0,1,13.0,100.56430204634387,12.99052824811873,13,2.757510331111275e-07,1.0,72.94857255213253,-2.4946802962257473,80.0,80.0,-2.2200032771014855,-3.0000000000000004,-0.7520546605963139,0.0,0.0,0.0,0.0,17.0,17.0,233.56430088837652,30.082186423852555,1.3549618534450505,1.0,0.01704505637570458,1.5970399389963905,0.01594117651727763,3024,fast_speed,goal
224.59636491808797,17,1,success,0.03859930411193207,0.043656951498164474,0,0,0,1.3931207302011093,1.3931207302011093,0,proxy_pcrb,1,17.0,132.99999884203265,17.091658175733823,17,2.709923431139068,1.0,1,13.0,100.56430204634387,12.99052824811873,13,2.757510331111275e-07,1.0,72.94857255213253,-2.4946802962257473,80.0,80.0,-2.1054726772225205,-3.0000000000000004,-0.7520546605963139,0.0,0.0,0.0,0.0,17.0,17.0,233.56430088837652,30.082186423852555,1.3549618534450505,1.0,0.019520947220288618,1.360871279615845,0.016182353005313094,3025,fast_speed,goal
224.43601038431504,17,1,success,0.034637117261194575,0.11681028177949426,0,0,0,1.8379776287441043,1.8379776287441043,0,proxy_pcrb,1,17.0,132.99999884203265,17.091658175733823,17,2.709923431139068,1.0,1,13.0,100.56430204634387,12.99052824811873,13,2.757510331111275e-07,1.0,72.94857255213253,-2.4946802962257473,80.0,80.0,-2.265827210995456,-3.0000000000000004,-0.7520546605963139,0.0,0.0,0.0,0.0,17.0,17.0,233.56430088837652,30.082186423852555,1.3549618534450505,1.0,0.017025671368255724,2.08312749738358,0.016423529439848875,3026,fast_speed,goal
224.43330485144836,17,1,success,0.04655740710111534,0.020754546899899595,0,0,0,1.81242717747169,1.81242717747169,0,proxy_pcrb,1,17.0,132.99999884203265,17.091658175733823,17,2.709923431139068,1.0,1,13.0,100.56430204634387,12.99052824811873,13,2.757510331111275e-07,1.0,72.94857255213253,-2.4946802962257473,80.0,80.0,-2.2685327438621496,-3.0000000000000004,-0.7520546605963139,0.0,0.0,0.0,0.0,17.0,17.0,233.56430088837652,30.082186423852555,1.3549618534450505,1.0,0.028824534571627848,1.7291700352134116,0.016035294131999014,3027,fast_speed,goal
224.36286155948085,17,1,success,0.04203641495765088,0.029201841166514912,0,0,0,1.484270218634939,1.484270218634939,0,proxy_pcrb,1,17.0,132.99999884203265,17.091658175733823,17,2.709923431139068,1.0,1,13.0,100.56430204634387,12.99052824811873,13,2.757510331111275e-07,1.0,72.94857255213253,-2.4946802962257473,80.0,80.0,-2.3389760358296177,-3.0000000000000004,-0.7520546605963139,0.0,0.0,0.0,0.0,17.0,17.0,233.56430088837652,30.082186423852555,1.3549618534450505,1.0,0.025669908680176812,1.4136548086711234,0.016088235176592955,3028,fast_speed,goal
224.5036807176237,17,1,success,0.03665244140792834,0.029186108875925876,0,0,0,1.7130693923197564,1.7130693923197564,0,proxy_pcrb,1,17.0,132.99999884203265,17.091658175733823,17,2.709923431139068,1.0,1,13.0,100.56430204634387,12.99052824811873,13,2.757510331111275e-07,1.0,72.94857255213253,-2.4946802962257473,80.0,80.0,-2.198156877686794,-3.0000000000000004,-0.7520546605963139,0.0,0.0,0.0,0.0,17.0,17.0,233.56430088837652,30.082186423852555,1.3549618534450505,1.0,0.021258867218195608,1.8417463142940822,0.016088235230092646,3029,fast_speed,goal
224.46899225401387,17,1,success,0.04531900584430125,0.033831129901394474,0,0,0,1.783584493401767,1.7835844934017668,0,proxy_pcrb,1,17.0,132.99999884203265,17.091658175733823,17,2.709923431139068,1.0,1,13.0,100.56430204634387,12.99052824811873,13,2.757510331111275e-07,1.0,72.94857255213253,-2.4946802962257473,80.0,80.0,-2.232845341296616,-3.0000000000000004,-0.7520546605963139,0.0,0.0,0.0,0.0,17.0,17.0,233.56430088837652,30.082186423852555,1.3549618534450505,1.0,0.020695635974343846,1.8297473624673584,0.01601764699230176,3030,fast_speed,goal
224.54715941935976,17,1,success,0.0393841006468074,0.014943157655688582,0,0,0,1.7334614633234209,1.7334614633234209,0,proxy_pcrb,1,17.0,132.99999884203265,17.091658175733823,17,2.709923431139068,1.0,1,13.0,100.56430204634387,12.99052824811873,13,2.757510331111275e-07,1.0,72.94857255213253,-2.4946802962257473,80.0,80.0,-2.1546781759507474,-3.0000000000000004,-0.7520546605963139,0.0,0.0,0.0,0.0,17.0,17.0,233.56430088837652,30.082186423852555,1.3549618534450505,1.0,0.017040999477175172,1.4328518819243488,0.01615294117715059,3031,fast_speed,goal
224.49347045123085,17,1,success,0.03878423486886652,0.050748076020254995,0,0,0,1.6374256254136257,1.6374256254136255,0,proxy_pcrb,1,17.0,132.99999884203265,17.091658175733823,17,2.709923431139068,1.0,1,13.0,100.56430204634387,12.99052824811873,13,2.757510331111275e-07,1.0,72.94857255213253,-2.4946802962257473,80.0,80.0,-2.2083671440796575,-3.0000000000000004,-0.7520546605963139,0.0,0.0,0.0,0.0,17.0,17.0,233.56430088837652,30.082186423852555,1.3549618534450505,1.0,0.022657894092127463,1.6414833693348,0.015964705840708443,3032,fast_speed,goal
224.51026139169375,17,1,success,0.03870401973989558,0.03396509003190021,0,0,0,1.6638897810726545,1.6638897810726543,0,proxy_pcrb,1,17.0,132.99999884203265,17.091658175733823,17,2.709923431139068,1.0,1,13.0,100.56430204634387,12.99052824811873,13,2.757510331111275e-07,1.0,72.94857255213253,-2.4946802962257473,80.0,80.0,-2.19157620361676,-3.0000000000000004,-0.7520546605963139,0.0,0.0,0.0,0.0,17.0,17.0,233.56430088837652,30.082186423852555,1.3549618534450505,1.0,0.017394312090305057,1.3607200550669927,0.016382353083720186,3033,fast_speed,goal
224.45925943785312,17,1,success,0.04229336733548755,0.0955845837963955,0,0,0,2.00118266668647,2.00118266668647,0,proxy_pcrb,1,17.0,132.99999884203265,17.091658175733823,17,2.709923431139068,1.0,1,13.0,100.56430204634387,12.99052824811873,13,2.757510331111275e-07,1.0,72.94857255213253,-2.4946802962257473,80.0,80.0,-2.242578157457348,-3.0000000000000004,-0.7520546605963139,0.0,0.0,0.0,0.0,17.0,17.0,233.56430088837652,30.082186423852555,1.3549618534450505,1.0,0.02542770550500358,1.8434310750186602,0.01671764686547891,3034,fast_speed,goal
224.57406394934486,17,1,success,0.036423411841162226,0.0420664736749775,0,0,0,1.5360430342454647,1.5360430342454647,0,proxy_pcrb,1,17.0,132.99999884203265,17.091658175733823,17,2.709923431139068,1.0,1,13.0,100.56430204634387,12.99052824811873,13,2.757510331111275e-07,1.0,72.94857255213253,-2.4946802962257473,80.0,80.0,-2.127773645965647,-3.0000000000000004,-0.7520546605963139,0.0,0.0,0.0,0.0,17.0,17.0,233.56430088837652,30.082186423852555,1.3549618534450505,1.0,0.0198983964121767,1.6621664811603976,0.015982353033905383,3035,fast_speed,goal
224.7117295951308,17,1,success,0.03313790130523779,0.07345107943154064,0,0,0,1.7018740488873683,1.7018740488873683,0,proxy_pcrb,1,17.0,132.99999884203265,17.091658175733823,17,2.709923431139068,1.0,1,13.0,100.56430204634387,12.99052824811873,13,2.757510331111275e-07,1.0,72.94857255213253,-2.4946802962257473,80.0,80.0,-1.9901080001796698,-3.0000000000000004,-0.7520546605963139,0.0,0.0,0.0,0.0,17.0,17.0,233.56430088837652,30.082186423852555,1.3549618534450505,1.0,0.017642012777656892,1.6179501424871068,0.01626470587806954,3036,fast_speed,goal
224.39332469778657,17,1,success,0.037694785510472235,0.05229008148946518,0,0,0,1.4293927407587002,1.4293927407587,0,proxy_pcrb,1,17.0,132.99999884203265,17.091658175733823,17,2.709923431139068,1.0,1,13.0,100.56430204634387,12.99052824811873,13,2.757510331111275e-07,1.0,72.94857255213253,-2.4946802962257473,80.0,80.0,-2.3085128975239138,-3.0000000000000004,-0.7520546605963139,0.0,0.0,0.0,0.0,17.0,17.0,233.56430088837652,30.082186423852555,1.3549618534450505,1.0,0.017627309245885823,1.4736673871144743,0.016005882357336198,3037,fast_speed,goal
224.5725067331674,17,1,success,0.031088741338065946,0.033201222531847416,0,0,0,1.8905537809142352,1.8905537809142352,0,proxy_pcrb,1,17.0,132.99999884203265,17.091658175733823,17,2.709923431139068,1.0,1,13.0,100.56430204634387,12.99052824811873,13,2.757510331111275e-07,1.0,72.94857255213253,-2.4946802962257473,80.0,80.0,-2.12933086214309,-3.0000000000000004,-0.7520546605963139,0.0,0.0,0.0,0.0,17.0,17.0,233.56430088837652,30.082186423852555,1.3549618534450505,1.0,0.015538942764528472,1.98853573835456,0.016323529373895487,3038,fast_speed,goal
224.53033729833572,17,1,success,0.04062549028976802,0.030574079802960716,0,0,0,1.9513919296323787,1.9513919296323787,0,proxy_pcrb,1,17.0,132.99999884203265,17.091658175733823,17,2.709923431139068,1.0,1,13.0,100.56430204634387,12.99052824811873,13,2.757510331111275e-07,1.0,72.94857255213253,-2.4946802962257473,80.0,80.0,-2.1715002969747816,-3.0000000000000004,-0.7520546605963139,0.0,0.0,0.0,0.0,17.0,17.0,233.56430088837652,30.082186423852555,1.3549618534450505,1.0,0.026312930786672857,2.1034336548286516,0.01621764701720916,3039,fast_speed,goal
224.46899434578575,17,1,success,0.041266167103181206,0.0310213636120082,0,0,0,1.563458922244608,1.5634589222446085,0,proxy_pcrb,1,17.0,132.99999884203265,17.091658175733823,17,2.709923431139068,1.0,1,13.0,100.56430204634387,12.99052824811873,13,2.757510331111275e-07,1.0,72.94857255213253,-2.4946802962257473,80.0,80.0,-2.232843249524724,-3.0000000000000004,-0.7520546605963139,0.0,0.0,0.0,0.0,17.0,17.0,233.56430088837652,30.082186423852555,1.3549618534450505,1.0,0.021920504585509648,1.4499813221838551,0.01617058810284909,3040,fast_speed,goal
224.39620280249525,17,1,success,0.0432843882918644,0.07819708879353582,0,0,0,2.0528063014954347,2.0528063014954347,0,proxy_pcrb,1,17.0,132.99999884203265,17.091658175733823,17,2.709923431139068,1.0,1,13.0,100.56430204634387,12.99052824811873,13,2.757510331111275e-07,1.0,72.94857255213253,-2.4946802962257473,80.0,80.0,-2.3056347928152117,-3.0000000000000004,-0.7520546605963139,0.0,0.0,0.0,0.0,17.0,17.0,233.56430088837652,30.082186423852555,1.3549618534450505,1.0,0.026725370710978746,1.6508626026954443,0.016652941132419715,3041,fast_speed,goal
224.5344319433196,17,1,success,0.03955892508213528,0.025697628058052018,0,0,0,2.0784680883188282,2.0784680883188282,0,proxy_pcrb,1,17.0,132.99999884203265,17.091658175733823,17,2.709923431139068,1.0,1,13.0,100.56430204634387,12.99052824811873,13,2.757510331111275e-07,1.0,72.94857255213253,-2.4946802962257473,80.0,80.0,-2.167405651990899,-3.0000000000000004,-0.7520546605963139,0.0,0.0,0.0,0.0,17.0,17.0,233.56430088837652,30.082186423852555,1.3549618534450505,1.0,0.022294539175959614,1.9445247842277906,0.01718235296935103,3042,fast_speed,goal
224.42406772883425,17,1,success,0.04139874834885257,0.05162372637698383,0,0,0,2.2179002758374335,2.2179002758374335,0,proxy_pcrb,1,17.0,132.99999884203265,17.091658175733823,17,2.709923431139068,1.0,1,13.0,100.56430204634387,12.99052824811873,13,2.757510331111275e-07,1.0,72.94857255213253,-2.4946802962257473,80.0,80.0,-2.2777698664762394,-3.0000000000000004,-0.7520546605963139,0.0,0.0,0.0,0.0,17.0,17.0,233.56430088837652,30.082186423852555,1.3549618534450505,1.0,0.020939884970887425,2.195480803851802,0.017217647141746163,3043,fast_speed,goal
224.41232509579385,17,1,success,0.0442500849208098,0.03441623939400995,0,0,0,1.737687871935236,1.737687871935236,0,proxy_pcrb,1,17.0,132.99999884203265,17.091658175733823,17,2.709923431139068,1.0,1,13.0,100.56430204634387,12.99052824811873,13,2.757510331111275e-07,1.0,72.94857255213253,-2.4946802962257473,80.0,80.0,-2.289512499516631,-3.0000000000000004,-0.7520546605963139,0.0,0.0,0.0,0.0,17.0,17.0,233.56430088837652,30.082186423852555,1.3549618534450505,1.0,0.022713559763349,1.5053532241093495,0.016035294131999014,3044,fast_speed,goal
224.56655155691573,17,1,success,0.03383244278670216,0.01267990189949338,0,0,0,1.7339145039964272,1.7339145039964272,0,proxy_pcrb,1,17.0,132.99999884203265,17.091658175733823,17,2.709923431139068,1.0,1,13.0,100.56430204634387,12.99052824811873,13,2.757510331111275e-07,1.0,72.94857255213253,-2.4946802962257473,80.0,80.0,-2.1352860383947334,-3.0000000000000004,-0.7520546605963139,0.0,0.0,0.0,0.0,17.0,17.0,233.56430088837652,30.082186423852555,1.3549618534450505,1.0,0.017531276043339768,1.8238381429871187,0.016099999918557897,3045,fast_speed,goal
224.55934797783118,17,1,success,0.04060587044603216,0.03567094672164878,0,0,0,1.3668311810101479,1.366831181010148,0,proxy_pcrb,1,17.0,132.99999884203265,17.091658175733823,17,2.709923431139068,1.0,1,13.0,100.56430204634387,12.99052824811873,13,2.757510331111275e-07,1.0,72.94857255213253,-2.4946802962257473,80.0,80.0,-2.1424896174792876,-3.0000000000000004,-0.7520546605963139,0.0,0.0,0.0,0.0,17.0,17.0,233.56430088837652,30.082186423852555,1.3549618534450505,1.0,0.025234994441709485,1.4331403741097433,0.016094117734824335,3046,fast_speed,goal
224.5480887188271,17,1,success,0.036098519584263314,0.08392862698165612,0,0,0,1.9490814802915575,1.9490814802915575,0,proxy_pcrb,1,17.0,132.99999884203265,17.091658175733823,17,2.709923431139068,1.0,1,13.0,100.56430204634387,12.99052824811873,13,2.757510331111275e-07,1.0,72.94857255213253,-2.4946802962257473,80.0,80.0,-2.1537488764833954,-3.0000000000000004,-0.7520546605963139,0.0,0.0,0.0,0.0,17.0,17.0,233.56430088837652,30.082186423852555,1.3549618534450505,1.0,0.020973295506406815,1.627068228474707,0.016070588250894455,3047,fast_speed,goal
224.53619558177044,17,1,success,0.04021325284517296,0.050893987546972996,0,0,0,1.8470328657505177,1.8470328657505177,0,proxy_pcrb,1,17.0,132.99999884203265,17.091658175733823,17,2.709923431139068,1.0,1,13.0,100.56430204634387,12.99052824811873,13,2.757510331111275e-07,1.0,72.94857255213253,-2.4946802962257473,80.0,80.0,-2.165642013540044,-3.0000000000000004,-0.7520546605963139,0.0,0.0,0.0,0.0,17.0,17.0,233.56430088837652,30.082186423852555,1.3549618534450505,1.0,0.018616887309170833,1.690045306934585,0.016317647136662238,3048,fast_speed,goal
224.69977873575235,17,1,success,0.03183957040902216,0.03422511219626216,0,0,0,1.477980339792623,1.477980339792623,0,proxy_pcrb,1,17.0,132.99999884203265,17.091658175733823,17,2.709923431139068,1.0,1,13.0,100.56430204634387,12.99052824811873,13,2.757510331111275e-07,1.0,72.94857255213253,-2.4946802962257473,80.0,80.0,-2.0020588595581583,-3.0000000000000004,-0.7520546605963139,0.0,0.0,0.0,0.0,17.0,17.0,233.56430088837652,30.082186423852555,1.3549618534450505,1.0,0.020081332171239023,1.463193812066629,0.016311764738929924,3049,fast_speed,goal
224.51316659645641,17,1,success,0.041947652590089125,0.05494105863818072,0,0,0,1.7411248078587989,1.7411248078587989,0,proxy_pcrb,1,17.0,132.99999884203265,17.091658175733823,17,2.709923431139068,1.0,1,13.0,100.56430204634387,12.99052824811873,13,2.757510331111275e-07,1.0,72.94857255213253,-2.4946802962257473,80.0,80.0,-2.1886709988540525,-3.0000000000000004,-0.7520546605963139,0.0,0.0,0.0,0.0,17.0,17.0,233.56430088837652,30.082186423852555,1.3549618534450505,1.0,0.024514899666745735,1.6581824347913292,0.0162294117591741,3050,fast_speed,goal
224.4969837627939,17,1,success,0.03929452258277925,0.027608851537314766,0,0,0,2.2705958158349677,2.2705958158349677,0,proxy_pcrb,1,17.0,132.99999997407704,17.07062500706128,17,2.646599688429258,1.0,1,13.0,100.99999999999999,13.070625018192336,13,0.5012437887935568,1.0,72.81172262390358,-2.4938149909314817,80.0,80.0,-2.0673926195468586,-3.0000000000000004,-0.7535312506313407,0.0,0.0,0.0,0.0,17.0,17.0,233.999999974077,30.14125002525362,1.5739217386114075,1.0,0.01095574939641884,2.538900312931336,4.404541176400551,3001,fast_speed,sa
224.39004259391618,17,1,success,0.04156350838333302,0.022728605525882017,0,0,0,1.9693472898422646,1.9693472898422648,0,proxy_pcrb,1,17.0,132.99999997407704,17.07062500706128,17,2.646599688429258,1.0,1,13.0,100.99999999999999,13.070625018192336,13,0.5012437887935568,1.0,72.81172262390358,-2.4938149909314817,80.0,80.0,-2.1743337884245673,-3.0000000000000004,-0.7535312506313407,0.0,0.0,0.0,0.0,17.0,17.0,233.999999974077,30.14125002525362,1.5739217386114075,1.0,0.021973935811401522,2.2533514488956987,4.43967647071772,3002,fast_speed,sa
224.39898897923536,17,1,success,0.03854086435876792,0.02304716731590615,0,0,0,1.6300730260684353,1.6300730260684353,0,proxy_pcrb,1,17.0,132.99999997407704,17.07062500706128,17,2.646599688429258,1.0,1,13.0,100.99999999999999,13.070625018192336,13,0.5012437887935568,1.0,72.81172262390358,-2.4938149909314817,80.0,80.0,-2.165387403105425,-3.0000000000000004,-0.7535312506313407,0.0,0.0,0.0,0.0,17.0,17.0,233.999999974077,30.14125002525362,1.5739217386114075,1.0,0.01313610090804947,1.5069295411970747,4.414347058841753,3003,fast_speed,sa
224.32434552037364,17,1,success,0.04231245652912626,0.06426834429644412,0,0,0,1.6467969352669714,1.6467969352669714,0,proxy_pcrb,1,17.0,132.99999997407704,17.07062500706128,17,2.646599688429258,1.0,1,13.0,100.99999999999999,13.070625018192336,13,0.5012437887935568,1.0,72.81172262390358,-2.4938149909314817,80.0,80.0,-2.240030861967111,-3.0000000000000004,-0.7535312506313407,0.0,0.0,0.0,0.0,17.0,17.0,233.999999974077,30.14125002525362,1.5739217386114075,1.0,0.02396854523161547,1.618825699996357,4.946576470608895,3004,fast_speed,sa
224.40835918032286,17,1,success,0.035158131183084924,0.01920697838737965,0,0,0,1.779953018389989,1.779953018389989,0,proxy_pcrb,1,17.0,132.99999997407704,17.07062500706128,17,2.646599688429258,1.0,1,13.0,100.99999999999999,13.070625018192336,13,0.5012437887935568,1.0,72.81172262390358,-2.4938149909314817,80.0,80.0,-2.1560172020178676,-3.0000000000000004,-0.7535312506313407,0.0,0.0,0.0,0.0,17.0,17.0,233.999999974077,30.14125002525362,1.5739217386114075,1.0,0.014245563968776704,1.8248534570246866,4.407182352973477,3005,fast_speed,sa
224.37816246995303,17,1,success,0.038256324485939394,0.07929363616796983,0,0,0,1.4338550956786575,1.4338550956786575,0,proxy_pcrb,1,17.0,132.99999997407704,17.07062500706128,17,2.646599688429258,1.0,1,13.0,100.99999999999999,13.070625018192336,13,0.5012437887935568,1.0,72.81172262390358,-2.4938149909314817,80.0,80.0,-2.186213912387721,-3.0000000000000004,-0.7535312506313407,0.0,0.0,0.0,0.0,17.0,17.0,233.999999974077,30.14125002525362,1.5739217386114075,1.0,0.02052037175536826,1.5224145569345215,4.674376470682225,3006,fast_speed,sa
224.31515033403986,17,1,success,0.03872305842785139,0.03123258230588034,0,0,0,1.8175475193801756,1.8175475193801756,0,proxy_pcrb,1,17.0,132.99999997407704,17.07062500706128,17,2.646599688429258,1.0,1,13.0,100.99999999999999,13.070625018192336,13,0.5012437887935568,1.0,72.81172262390358,-2.4938149909314817,80.0,80.0,-2.2492260483009177,-3.0000000000000004,-0.7535312506313407,0.0,0.0,0.0,0.0,17.0,17.0,233.999999974077,30.14125002525362,1.5739217386114075,1.0,0.02096941160918299,2.0175290653868525,4.422288235272229,3007,fast_speed,sa
224.42144996419418,17,1,success,0.03539085753631455,0.018294616029527734,0,0,0,1.8944311988032478,1.8944311988032478,0,proxy_pcrb,1,17.0,132.99999997407704,17.07062500706128,17,2.646599688429258,1.0,1,13.0,100.99999999999999,13.070625018192336,13,0.5012437887935568,1.0,72.81172262390358,-2.4938149909314817,80.0,80.0,-2.1429264181465673,-3.0000000000000004,-0.7535312506313407,0.0,0.0,0.0,0.0,17.0,17.0,233.999999974077,30.14125002525362,1.5739217386114075,1.0,0.01730517921730782,1.7712733650918249,4.463147058820194,3008,fast_speed,sa
224.48700542562784,17,1,success,0.03656366340103029,0.03303169108819523,0,0,0,1.9045860733205542,1.9045860733205542,0,proxy_pcrb,1,17.0,132.99999997407704,17.07062500706128,17,2.646599688429258,1.0,1,13.0,100.99999999999999,13.070625018192336,13,0.5012437887935568,1.0,72.81172262390358,-2.4938149909314817,80.0,80.0,-2.0773709567129246,-3.0000000000000004,-0.7535312506313407,0.0,0.0,0.0,0.0,17.0,17.0,233.999999974077,30.14125002525362,1.5739217386114075,1.0,0.022200114461599724,2.230149044670731,4.949270588333413,3009,fast_speed,sa
224.43778605539708,17,1,success,0.03553599375949916,0.02504722457594953,0,0,0,1.7439769187851173,1.7439769187851173,0,proxy_pcrb,1,17.0,132.99999997407704,17.07062500706128,17,2.646599688429258,1.0,1,13.0,100.99999999999999,13.070625018192336,13,0.5012437887935568,1.0,72.81172262390358,-2.4938149909314817,80.0,80.0,-2.1265903269436626,-3.0000000000000004,-0.7535312506313407,0.0,0.0,0.0,0.0,17.0,17.0,233.999999974077,30.14125002525362,1.5739217386114075,1.0,0.016111169638047436,1.7463374735221768,4.424864705898097,3010,fast_speed,sa
224.45632617560148,17,1,success,0.03206489742370663,0.03315742276652449,0,0,0,1.393068289386337,1.393068289386337,0,proxy_pcrb,1,17.0,132.99999997407704,17.07062500706128,17,2.646599688429258,1.0,1,13.0,100.99999999999999,13.070625018192336,13,0.5012437887935568,1.0,72.81172262390358,-2.4938149909314817,80.0,80.0,-2.1080502067392586,-3.0000000000000004,-0.7535312506313407,0.0,0.0,0.0,0.0,17.0,17.0,233.999999974077,30.14125002525362,1.5739217386114075,1.0,0.01584304540703646,1.4170049936263756,4.4137705881439615,3011,fast_speed,sa
224.42558409323712,17,1,success,0.03455606720423993,0.016859233396007083,0,0,0,1.6394941037655542,1.639494103765554,0,proxy_pcrb,1,17.0,132.99999997407704,17.07062500706128,17,2.646599688429258,1.0,1,13.0,100.99999999999999,13.070625018192336,13,0.5012437887935568,1.0,72.81172262390358,-2.4938149909314817,80.0,80.0,-2.1387922891036317,-3.0000000000000004,-0.7535312506313407,0.0,0.0,0.0,0.0,17.0,17.0,233.999999974077,30.14125002525362,1.5739217386114075,1.0,0.01805454031779753,1.618681413548028,4.438758823465939,3012,fast_speed,sa
224.36624885080798,17,1,success,0.041804877599638295,0.03966819103902556,0,0,0,1.9722512832552341,1.9722512832552341,0,proxy_pcrb,1,17.0,132.99999997407704,17.07062500706128,17,2.646599688429258,1.0,1,13.0,100.99999999999999,13.070625018192336,13,0.5012437887935568,1.0,72.81172262390358,-2.4938149909314817,80.0,80.0,-2.1981275315327786,-3.0000000000000004,-0.7535312506313407,0.0,0.0,0.0,0.0,17.0,17.0,233.999999974077,30.14125002525362,1.5739217386114075,1.0,0.021786908450299937,2.0641154350793793,4.467194117537207,3013,fast_speed,sa
224.36878962149592,17,1,success,0.0499678616611377,0.2604973463339788,0,0,0,1.55687721467968,1.55687721467968,0,proxy_pcrb,1,17.0,132.99999997407704,17.07062500706128,17,2.646599688429258,1.0,1,13.0,100.99999999999999,13.070625018192336,13,0.5012437887935568,1.0,72.81172262390358,-2.4938149909314817,80.0,80.0,-2.195586760844823,-3.0000000000000004,-0.7535312506313407,0.0,0.0,0.0,0.0,17.0,17.0,233.999999974077,30.14125002525362,1.5739217386114075,1.0,0.017002202435992382,1.5158029645873206,4.457758823692155,3014,fast_speed,sa
224.39098145473378,17,1,success,0.03401716839950798,0.013888621065089396,0,0,0,1.6452572222269954,1.6452572222269954,0,proxy_pcrb,1,17.0,132.99999997407704,17.07062500706128,17,2.646599688429258,1.0,1,13.0,100.99999999999999,13.070625018192336,13,0.5012437887935568,1.0,72.81172262390358,-2.4938149909314817,80.0,80.0,-2.1733949276069633,-3.0000000000000004,-0.7535312506313407,0.0,0.0,0.0,0.0,17.0,17.0,233.999999974077,30.14125002525362,1.5739217386114075,1.0,0.020915767836220147,1.6348227137064257,4.449847058875842,3015,fast_speed,sa
224.37432717095234,17,1,success,0.03345591484405463,0.08602400290882789,0,0,0,1.6843984960023475,1.6843984960023475,0,proxy_pcrb,1,17.0,132.99999997407704,17.07062500706128,17,2.646599688429258,1.0,1,13.0,100.99999999999999,13.070625018192336,13,0.5012437887935568,1.0,72.81172262390358,-2.4938149909314817,80.0,80.0,-2.190049211388422,-3.0000000000000004,-0.7535312506313407,0.0,0.0,0.0,0.0,17.0,17.0,233.999999974077,30.14125002525362,1.5739217386114075,1.0,0.02192068623523294,1.620638637234327,4.427117647109673,3016,fast_speed,sa
224.4690177714557,17,1,success,0.029242023853903856,0.06850318433610425,0,0,0,1.5711270707975815,1.5711270707975815,0,proxy_pcrb,1,17.0,132.99999997407704,17.07062500706128,17,2.646599688429258,1.0,1,13.0,100.99999999999999,13.070625018192336,13,0.5012437887935568,1.0,72.81172262390358,-2.4938149909314817,80.0,80.0,-2.095358610885068,-3.0000000000000004,-0.7535312506313407,0.0,0.0,0.0,0.0,17.0,17.0,233.999999974077,30.14125002525362,1.5739217386114075,1.0,0.013723398940673726,1.6969877564680627,4.382941176332037,3017,fast_speed,sa
224.3624994871713,17,1,success,0.03894317348739971,0.027857765391221395,0,0,0,1.8265852303948047,1.8265852303948047,0,proxy_pcrb,1,17.0,132.99999997407704,17.07062500706128,17,2.646599688429258,1.0,1,13.0,100.99999999999999,13.070625018192336,13,0.5012437887935568,1.0,72.81172262390358,-2.4938149909314817,80.0,80.0,-2.201876895169463,-3.0000000000000004,-0.7535312506313407,0.0,0.0,0.0,0.0,17.0,17.0,233.999999974077,30.14125002525362,1.5739217386114075,1.0,0.01848008195030911,1.5261764986120832,4.414464705672906,3018,fast_speed,sa
224.35912084084077,17,1,success,0.0287546939410071,0.018570519547098097,0,0,0,1.7550339469532235,1.7550339469532235,0,proxy_pcrb,1,17.0,132.99999997407704,17.07062500706128,17,2.646599688429258,1.0,1,13.0,100.99999999999999,13.070625018192336,13,0.5012437887935568,1.0,72.81172262390358,-2.4938149909314817,80.0,80.0,-2.2052555414999584,-3.0000000000000004,-0.7535312506313407,0.0,0.0,0.0,0.0,17.0,17.0,233.999999974077,30.14125002525362,1.5739217386114075,1.0,0.021887659025399332,1.96136294091221,4.356194117570019,3019,fast_speed,sa
224.32233074869936,17,1,success,0.04497371179692359,0.03770606427631603,0,0,0,1.6743737362032445,1.6743737362032445,0,proxy_pcrb,1,17.0,132.99999997407704,17.07062500706128,17,2.646599688429258,1.0,1,13.0,100.99999999999999,13.070625018192336,13,0.5012437887935568,1.0,72.81172262390358,-2.4938149909314817,80.0,80.0,-2.2420456336413905,-3.0000000000000004,-0.7535312506313407,0.0,0.0,0.0,0.0,17.0,17.0,233.999999974077,30.14125002525362,1.5739217386114075,1.0,0.023838276214026045,1.460525287067054,4.859711764765962,3020,fast_speed,sa
224.4447281381012,17,1,success,0.035273795305625626,0.030462545135538498,0,0,0,1.356900970703851,1.356900970703851,0,proxy_pcrb,1,17.0,132.99999997407704,17.07062500706128,17,2.646599688429258,1.0,1,13.0,100.99999999999999,13.070625018192336,13,0.5012437887935568,1.0,72.81172262390358,-2.4938149909314817,80.0,80.0,-2.1196482442395572,-3.0000000000000004,-0.7535312506313407,0.0,0.0,0.0,0.0,17.0,17.0,233.999999974077,30.14125002525362,1.5739217386114075,1.0,0.015612257302327567,1.4194728096732883,4.758288235279906,3021,fast_speed,sa
224.41513807927134,17,1,success,0.03128100198362074,0.03013544260838349,0,0,0,1.8825457559081658,1.8825457559081655,0,proxy_pcrb,1,17.0,132.99999997407704,17.07062500706128,17,2.646599688429258,1.0,1,13.0,100.99999999999999,13.070625018192336,13,0.5012437887935568,1.0,72.81172262390358,-2.4938149909314817,80.0,80.0,-2.149238303069429,-3.0000000000000004,-0.7535312506313407,0.0,0.0,0.0,0.0,17.0,17.0,233.999999974077,30.14125002525362,1.5739217386114075,1.0,0.0210392053199425,1.9878056375912712,4.2451705883329,3022,fast_speed,sa
224.4465196623147,17,1,success,0.03374744239655652,0.0950152021223429,0,0,0,1.9264117913797831,1.9264117913797831,0,proxy_pcrb,1,17.0,132.99999997407704,17.07062500706128,17,2.646599688429258,1.0,1,13.0,100.99999999999999,13.070625018192336,13,0.5012437887935568,1.0,72.81172262390358,-2.4938149909314817,80.0,80.0,-2.1178567200260585,-3.0000000000000004,-0.7535312506313407,0.0,0.0,0.0,0.0,17.0,17.0,233.999999974077,30.14125002525362,1.5739217386114075,1.0,0.016593270548678263,2.098459427137351,4.237105882566539,3023,fast_speed,sa
224.34942725201424,17,1,success,0.041035901162997226,0.05118073754750241,0,0,0,1.608155703890511,1.608155703890511,0,proxy_pcrb,1,17.0,132.99999997407704,17.07062500706128,17,2.646599688429258,1.0,1,13.0,100.99999999999999,13.070625018192336,13,0.5012437887935568,1.0,72.81172262390358,-2.4938149909314817,80.0,80.0,-2.214949130326534,-3.0000000000000004,-0.7535312506313407,0.0,0.0,0.0,0.0,17.0,17.0,233.999999974077,30.14125002525362,1.5739217386114075,1.0,0.016920085355339735,1.5970399389963905,4.247611764666919,3024,fast_speed,sa
224.46383860207325,17,1,success,0.038673070585857824,0.04365967346054754,0,0,0,1.3931207302011093,1.3931207302011093,0,proxy_pcrb,1,17.0,132.99999997407704,17.07062500706128,17,2.646599688429258,1.0,1,13.0,100.99999999999999,13.070625018192336,13,0.5012437887935568,1.0,72.81172262390358,-2.4938149909314817,80.0,80.0,-2.1005377802674934,-3.0000000000000004,-0.7535312506313407,0.0,0.0,0.0,0.0,17.0,17.0,233.999999974077,30.14125002525362,1.5739217386114075,1.0,0.019535709983834013,1.360871279615845,4.540917647051067,3025,fast_speed,sa
224.30426758167647,17,1,success,0.03459056737079944,0.11685568510135423,0,0,0,1.8379776287441043,1.8379776287441043,0,proxy_pcrb,1,17.0,132.99999997407704,17.07062500706128,17,2.646599688429258,1.0,1,13.0,100.99999999999999,13.070625018192336,13,0.5012437887935568,1.0,72.81172262390358,-2.4938149909314817,80.0,80.0,-2.260108800664292,-3.0000000000000004,-0.7535312506313407,0.0,0.0,0.0,0.0,17.0,17.0,233.999999974077,30.14125002525362,1.5739217386114075,1.0,0.016846271022023393,2.08312749738358,4.532952941136661,3026,fast_speed,sa
224.29991102855467,17,1,success,0.04660298717864866,0.02076266274974467,0,0,0,1.81242717747169,1.81242717747169,0,proxy_pcrb,1,17.0,132.99999997407704,17.07062500706128,17,2.646599688429258,1.0,1,13.0,100.99999999999999,13.070625018192336,13,0.5012437887935568,1.0,72.81172262390358,-2.4938149909314817,80.0,80.0,-2.2644653537861035,-3.0000000000000004,-0.7535312506313407,0.0,0.0,0.0,0.0,17.0,17.0,233.999999974077,30.14125002525362,1.5739217386114075,1.0,0.028748910225251688,1.7291700352134116,4.398141176513009,3027,fast_speed,sa
224.23339161156224,17,1,success,0.04205291955351628,0.02920878715694393,0,0,0,1.484270218634939,1.484270218634939,0,proxy_pcrb,1,17.0,132.99999997407704,17.07062500706128,17,2.646599688429258,1.0,1,13.0,100.99999999999999,13.070625018192336,13,0.5012437887935568,1.0,72.81172262390358,-2.4938149909314817,80.0,80.0,-2.330984770778485,-3.0000000000000004,-0.7535312506313407,0.0,0.0,0.0,0.0,17.0,17.0,233.999999974077,30.14125002525362,1.5739217386114075,1.0,0.02559361869168521,1.4136548086711234,4.507076470605064,3028,fast_speed,sa
224.36879294710081,17,1,success,0.036660318432289764,0.029186354619215073,0,0,0,1.7130693923197564,1.7130693923197564,0,proxy_pcrb,1,17.0,132.99999997407704,17.07062500706128,17,2.646599688429258,1.0,1,13.0,100.99999999999999,13.070625018192336,13,0.5012437887935568,1.0,72.81172262390358,-2.4938149909314817,80.0,80.0,-2.1955834352399237,-3.0000000000000004,-0.7535312506313407,0.0,0.0,0.0,0.0,17.0,17.0,233.999999974077,30.14125002525362,1.5739217386114075,1.0,0.021164089856494518,1.8417463142940822,4.902735294094515,3029,fast_speed,sa
224.3375459232991,17,1,success,0.04544796397921649,0.033843816922927525,0,0,0,1.783584493401767,1.7835844934017668,0,proxy_pcrb,1,17.0,132.99999997407704,17.07062500706128,17,2.646599688429258,1.0,1,13.0,100.99999999999999,13.070625018192336,13,0.5012437887935568,1.0,72.81172262390358,-2.4938149909314817,80.0,80.0,-2.2268304590416337,-3.0000000000000004,-0.7535312506313407,0.0,0.0,0.0,0.0,17.0,17.0,233.999999974077,30.14125002525362,1.5739217386114075,1.0,0.020689975735342387,1.8297473624673584,4.448170588255059,3030,fast_speed,sa
224.41425284210294,17,1,success,0.03944847995720542,0.014943827895891292,0,0,0,1.7334614633234209,1.7334614633234209,0,proxy_pcrb,1,17.0,132.99999997407704,17.07062500706128,17,2.646599688429258,1.0,1,13.0,100.99999999999999,13.070625018192336,13,0.5012437887935568,1.0,72.81172262390358,-2.4938149909314817,80.0,80.0,-2.1501235402377894,-3.0000000000000004,-0.7535312506313407,0.0,0.0,0.0,0.0,17.0,17.0,233.999999974077,30.14125002525362,1.5739217386114075,1.0,0.01703386228216077,1.4328518819243488,4.837070588216782,3031,fast_speed,sa
224.35997021210136,17,1,success,0.038850431994629654,0.05075678127188965,0,0,0,1.6374256254136257,1.6374256254136255,0,proxy_pcrb,1,17.0,132.99999997407704,17.07062500706128,17,2.646599688429258,1.0,1,13.0,100.99999999999999,13.070625018192336,13,0.5012437887935568,1.0,72.81172262390358,-2.4938149909314817,80.0,80.0,-2.204406170239379,-3.0000000000000004,-0.7535312506313407,0.0,0.0,0.0,0.0,17.0,17.0,233.999999974077,30.14125002525362,1.5739217386114075,1.0,0.022660904608927526,1.6414833693348,4.463105882571065,3032,fast_speed,sa
224.37515234301205,17,1,success,0.038814771460212616,0.03396950166555588,0,0,0,1.6638897810726545,1.6638897810726543,0,proxy_pcrb,1,17.0,132.99999997407704,17.07062500706128,17,2.646599688429258,1.0,1,13.0,100.99999999999999,13.070625018192336,13,0.5012437887935568,1.0,72.81172262390358,-2.4938149909314817,80.0,80.0,-2.1892240393287077,-3.0000000000000004,-0.7535312506313407,0.0,0.0,0.0,0.0,17.0,17.0,233.999999974077,30.14125002525362,1.5739217386114075,1.0,0.01740325812304558,1.3607200550669927,4.449894117683203,3033,fast_speed,sa
224.32724142540349,17,1,success,0.042319968151740724,0.09562065321598755,0,0,0,2.00118266668647,2.00118266668647,0,proxy_pcrb,1,17.0,132.99999997407704,17.07062500706128,17,2.646599688429258,1.0,1,13.0,100.99999999999999,13.070625018192336,13,0.5012437887935568,1.0,72.81172262390358,-2.4938149909314817,80.0,80.0,-2.237134956937265,-3.0000000000000004,-0.7535312506313407,0.0,0.0,0.0,0.0,17.0,17.0,233.999999974077,30.14125002525362,1.5739217386114075,1.0,0.025371949277464688,1.8434310750186602,4.463529411837311,3034,fast_speed,sa
224.44069051432297,17,1,success,0.03647136087029545,0.04207262219056189,0,0,0,1.5360430342454647,1.5360430342454647,0,proxy_pcrb,1,17.0,132.99999997407704,17.07062500706128,17,2.646599688429258,1.0,1,13.0,100.99999999999999,13.070625018192336,13,0.5012437887935568,1.0,72.81172262390358,-2.4938149909314817,80.0,80.0,-2.123685868017809,-3.0000000000000004,-0.7535312506313407,0.0,0.0,0.0,0.0,17.0,17.0,233.999999974077,30.14125002525362,1.5739217386114075,1.0,0.0199045585633013,1.6621664811603976,4.456005882275349,3035,fast_speed,sa
224.5777254314475,17,1,success,0.03321009984782018,0.07348222464635148,0,0,0,1.7018740488873683,1.7018740488873683,0,proxy_pcrb,1,17.0,132.99999997407704,17.07062500706128,17,2.646599688429258,1.0,1,13.0,100.99999999999999,13.070625018192336,13,0.5012437887935568,1.0,72.81172262390358,-2.4938149909314817,80.0,80.0,-1.9866509508932713,-3.0000000000000004,-0.7535312506313407,0.0,0.0,0.0,0.0,17.0,17.0,233.999999974077,30.14125002525362,1.5739217386114075,1.0,0.017653913691848162,1.6179501424871068,4.436123529451245,3036,fast_speed,sa
224.26242194195083,17,1,success,0.03769478301658357,0.052315481183696555,0,0,0,1.4293927407587002,1.4293927407587,0,proxy_pcrb,1,17.0,132.99999997407704,17.07062500706128,17,2.646599688429258,1.0,1,13.0,100.99999999999999,13.070625018192336,13,0.5012437887935568,1.0,72.81172262390358,-2.4938149909314817,80.0,80.0,-2.3019544403899337,-3.0000000000000004,-0.7535312506313407,0.0,0.0,0.0,0.0,17.0,17.0,233.999999974077,30.14125002525362,1.5739217386114075,1.0,0.017529571958110456,1.4736673871144743,4.4780941176106674,3037,fast_speed,sa
224.43675373129307,17,1,success,0.031072392846654157,0.033204095520000566,0,0,0,1.8905537809142352,1.8905537809142352,0,proxy_pcrb,1,17.0,132.99999997407704,17.07062500706128,17,2.646599688429258,1.0,1,13.0,100.99999999999999,13.070625018192336,13,0.5012437887935568,1.0,72.81172262390358,-2.4938149909314817,80.0,80.0,-2.1276226510476897,-3.0000000000000004,-0.7535312506313407,0.0,0.0,0.0,0.0,17.0,17.0,233.999999974077,30.14125002525362,1.5739217386114075,1.0,0.015413833135084437,1.98853573835456,4.392141176621783,3038,fast_speed,sa
224.39784261666222,17,1,success,0.040673038279954575,0.030576303421914475,0,0,0,1.9513919296323787,1.9513919296323787,0,proxy_pcrb,1,17.0,132.99999997407704,17.07062500706128,17,2.646599688429258,1.0,1,13.0,100.99999999999999,13.070625018192336,13,0.5012437887935568,1.0,72.81172262390358,-2.4938149909314817,80.0,80.0,-2.166533765678544,-3.0000000000000004,-0.7535312506313407,0.0,0.0,0.0,0.0,17.0,17.0,233.999999974077,30.14125002525362,1.5739217386114075,1.0,0.026191455912453154,2.1034336548286516,4.401747058877578,3039,fast_speed,sa
224.3362153141657,17,1,success,0.04129073939558614,0.031026317759942752,0,0,0,1.563458922244608,1.5634589222446085,0,proxy_pcrb,1,17.0,132.99999997407704,17.07062500706128,17,2.646599688429258,1.0,1,13.0,100.99999999999999,13.070625018192336,13,0.5012437887935568,1.0,72.81172262390358,-2.4938149909314817,80.0,80.0,-2.2281610681750514,-3.0000000000000004,-0.7535312506313407,0.0,0.0,0.0,0.0,17.0,17.0,233.999999974077,30.14125002525362,1.5739217386114075,1.0,0.021885409385495706,1.4499813221838551,4.452199999939373,3040,fast_speed,sa
224.26335482206883,17,1,success,0.04331175842964931,0.07824170653539887,0,0,0,2.0528063014954347,2.0528063014954347,0,proxy_pcrb,1,17.0,132.99999997407704,17.07062500706128,17,2.646599688429258,1.0,1,13.0,100.99999999999999,13.070625018192336,13,0.5012437887935568,1.0,72.81172262390358,-2.4938149909314817,80.0,80.0,-2.301021560271946,-3.0000000000000004,-0.7535312506313407,0.0,0.0,0.0,0.0,17.0,17.0,233.999999974077,30.14125002525362,1.5739217386114075,1.0,0.02667949115751291,1.6508626026954443,4.388358823395238,3041,fast_speed,sa
224.40078419486304,17,1,success,0.0395926917448573,0.025702985563894182,0,0,0,2.0784680883188282,2.0784680883188282,0,proxy_pcrb,1,17.0,132.99999997407704,17.07062500706128,17,2.646599688429258,1.0,1,13.0,100.99999999999999,13.070625018192336,13,0.5012437887935568,1.0,72.81172262390358,-2.4938149909314817,80.0,80.0,-2.163592187477749,-3.0000000000000004,-0.7535312506313407,0.0,0.0,0.0,0.0,17.0,17.0,233.999999974077,30.14125002525362,1.5739217386114075,1.0,0.022228403869370104,1.9445247842277906,4.396252941125353,3042,fast_speed,sa
224.29152885499974,17,1,success,0.04144453603568909,0.05163702459124302,0,0,0,2.2179002758374335,2.2179002758374335,0,proxy_pcrb,1,17.0,132.99999997407704,17.07062500706128,17,2.646599688429258,1.0,1,13.0,100.99999999999999,13.070625018192336,13,0.5012437887935568,1.0,72.81172262390358,-2.4938149909314817,80.0,80.0,-2.2728475273410065,-3.0000000000000004,-0.7535312506313407,0.0,0.0,0.0,0.0,17.0,17.0,233.999999974077,30.14125002525362,1.5739217386114075,1.0,0.020869475759351486,2.195480803851802,4.416341176425597,3043,fast_speed,sa
224.27792734594823,17,1,success,0.04425502581695012,0.034419215442561255,0,0,0,1.737687871935236,1.737687871935236,0,proxy_pcrb,1,17.0,132.99999997407704,17.07062500706128,17,2.646599688429258,1.0,1,13.0,100.99999999999999,13.070625018192336,13,0.5012437887935568,1.0,72.81172262390358,-2.4938149909314817,80.0,80.0,-2.286449036392539,-3.0000000000000004,-0.7535312506313407,0.0,0.0,0.0,0.0,17.0,17.0,233.999999974077,30.14125002525362,1.5739217386114075,1.0,0.022532164095094964,1.5053532241093495,4.545117646932126,3044,fast_speed,sa
224.43532317492605,17,1,success,0.0338972659489956,0.012679939737374812,0,0,0,1.7339145039964272,1.7339145039964272,0,proxy_pcrb,1,17.0,132.99999997407704,17.07062500706128,17,2.646599688429258,1.0,1,13.0,100.99999999999999,13.070625018192336,13,0.5012437887935568,1.0,72.81172262390358,-2.4938149909314817,80.0,80.0,-2.129053207414711,-3.0000000000000004,-0.7535312506313407,0.0,0.0,0.0,0.0,17.0,17.0,233.999999974077,30.14125002525362,1.5739217386114075,1.0,0.01748045676837212,1.8238381429871187,4.700805882481184,3045,fast_speed,sa
224.42714765265498,17,1,success,0.040698419780166965,0.03567967408950717,0,0,0,1.3668311810101479,1.366831181010148,0,proxy_pcrb,1,17.0,132.99999997407704,17.07062500706128,17,2.646599688429258,1.0,1,13.0,100.99999999999999,13.070625018192336,13,0.5012437887935568,1.0,72.81172262390358,-2.4938149909314817,80.0,80.0,-2.137228729685777,-3.0000000000000004,-0.7535312506313407,0.0,0.0,0.0,0.0,17.0,17.0,233.999999974077,30.14125002525362,1.5739217386114075,1.0,0.025236914916609864,1.4331403741097433,4.373205882289125,3046,fast_speed,sa
224.41232549748548,17,1,success,0.036162323675243746,0.0839671767822019,0,0,0,1.9490814802915575,1.9490814802915575,0,proxy_pcrb,1,17.0,132.99999997407704,17.07062500706128,17,2.646599688429258,1.0,1,13.0,100.99999999999999,13.070625018192336,13,0.5012437887935568,1.0,72.81172262390358,-2.4938149909314817,80.0,80.0,-2.1520508848552824,-3.0000000000000004,-0.7535312506313407,0.0,0.0,0.0,0.0,17.0,17.0,233.999999974077,30.14125002525362,1.5739217386114075,1.0,0.02095802052812346,1.627068228474707,4.445252941128702,3047,fast_speed,sa
224.40277187432036,17,1,success,0.04029236482764999,0.05089938185417135,0,0,0,1.8470328657505177,1.8470328657505177,0,proxy_pcrb,1,17.0,132.99999997407704,17.07062500706128,17,2.646599688429258,1.0,1,13.0,100.99999999999999,13.070625018192336,13,0.5012437887935568,1.0,72.81172262390358,-2.4938149909314817,80.0,80.0,-2.1616045080204076,-3.0000000000000004,-0.7535312506313407,0.0,0.0,0.0,0.0,17.0,17.0,233.999999974077,30.14125002525362,1.5739217386114075,1.0,0.018605632202480103,1.690045306934585,4.614270588343275,3048,fast_speed,sa
224.56489880566937,17,1,success,0.03187218712368479,0.03422631942588117,0,0,0,1.477980339792623,1.477980339792623,0,proxy_pcrb,1,17.0,132.99999997407704,17.07062500706128,17,2.646599688429258,1.0,1,13.0,100.99999999999999,13.070625018192336,13,0.5012437887935568,1.0,72.81172262390358,-2.4938149909314817,80.0,80.0,-1.999477576671379,-3.0000000000000004,-0.7535312506313407,0.0,0.0,0.0,0.0,17.0,17.0,233.999999974077,30.14125002525362,1.5739217386114075,1.0,0.02006351261377732,1.463193812066629,4.586605882382976,3049,fast_speed,sa
224.38183696202736,17,1,success,0.0419965114911005,0.05494793087088062,0,0,0,1.7411248078587989,1.7411248078587989,0,proxy_pcrb,1,17.0,132.99999997407704,17.07062500706128,17,2.646599688429258,1.0,1,13.0,100.99999999999999,13.070625018192336,13,0.5012437887935568,1.0,72.81172262390358,-2.4938149909314817,80.0,80.0,-2.182539420313409,-3.0000000000000004,-0.7535312506313407,0.0,0.0,0.0,0.0,17.0,17.0,233.999999974077,30.14125002525362,1.5739217386114075,1.0,0.024476161542026302,1.6581824347913292,4.439305882282069,3050,fast_speed,sa
210.63319096809437,27,1,success,0.03798919465455497,0.039558502331812566,0,0,9,2.1091121913241517,2.1091121913241517,0,proxy_pcrb,1,27.0,149.47537198071842,30.717549518951298,27,4.895381080673784,1.0,1,13.0,100.99999999999999,18.672194639462468,13,3.580501194920983,1.0,71.14671049941236,-2.7341464539260016,80.0,80.0,-3.5446294734315917,-4.000000000000001,-1.2347436039603445,0.0,0.0,-9.0,0.0,27.0,27.0,250.47537198071842,49.38974415841376,4.2379411377973835,1.0,0.010875118991595756,2.538900312931336,0.20192962960276487,3001,fast_speed,mappo
207.024149270139,30,1,success,0.03276598528339251,0.02377054882553097,0,0,12,1.9356800814415513,1.9356800814415513,0,proxy_pcrb,1,30.0,150.47186464345936,31.804237855901885,30,4.890145768559107,1.0,1,13.0,101.0,18.647224717360825,13,3.254319196106837,1.0,71.25027840907764,-2.763535409031137,80.0,80.0,-3.901307165575944,-4.3,-1.2612865643315676,0.0,0.0,-12.0,0.0,30.0,30.0,251.47186464345936,50.45146257326271,4.072232482332972,1.0,0.02235583665086281,2.2533514488956987,0.18607666655346597,3002,fast_speed,mappo
212.1014346369672,26,1,success,0.031676452133400486,0.03659756624801522,0,0,8,1.638370064536053,1.638370064536053,0,proxy_pcrb,1,26.0,149.29417561978406,30.063265351071806,26,4.800109877765322,1.0,1,13.0,101.0,18.666202725490027,13,3.2413303917347567,1.0,71.28247362631693,-2.7145945646621046,80.0,80.0,-3.3482077227735445,-3.9000000000000012,-1.2182367019140459,0.0,0.0,-8.0,0.0,26.0,26.0,250.29417561978406,48.72946807656183,4.020720134750039,1.0,0.014309389359332686,1.5069295411970747,0.18675769234295542,3003,fast_speed,mappo
210.48534707706278,27,1,success,0.03882100691603318,0.021994796886071193,0,0,9,1.8177830342058368,1.8177830342058368,0,proxy_pcrb,1,27.0,149.16419831359693,30.679848358083227,27,4.952549567731614,1.0,1,13.0,101.0,18.70480969629503,13,3.403156943136577,1.0,71.18426542588941,-2.73022767630313,80.0,80.0,-3.734074221164024,-4.000000000000001,-1.2346164513594564,0.0,0.0,-9.0,0.0,27.0,27.0,250.16419831359693,49.38465805437826,4.177853255434096,1.0,0.02574437779883108,1.618825699996357,0.18821111118288375,3004,fast_speed,mappo
210.43219160850623,27,1,success,0.04199709726432666,0.06608603007118842,0,0,9,1.7537416578099894,1.7537416578099894,0,proxy_pcrb,1,27.0,149.44436267650457,30.735557156360713,27,4.9432631687555935,1.0,1,13.0,101.0,18.68171391589829,13,3.4268146836077933,1.0,71.17977438167217,-2.7306774330202535,80.0,80.0,-3.7814735633391803,-4.000000000000001,-1.2354317768064749,0.0,0.0,-9.0,0.0,27.0,27.0,250.44436267650457,49.417271072259,4.185038926181694,1.0,0.015689071235539576,1.8248534570246866,0.18412962954580844,3005,fast_speed,mappo
199.08278410561502,36,1,success,0.0396298992471302,0.01689653127210263,0,0,18,1.6552016228835957,1.6552016228835957,0,proxy_pcrb,1,36.0,151.4834826273707,34.60180504917791,36,4.880046715407797,1.0,1,13.0,100.99999999999999,18.759457957489023,13,3.8294002255240027,1.0,71.07372154149455,-2.8465698582389494,80.0,80.0,-4.910336002473876,-4.899999999999998,-1.334031575166674,0.0,0.0,-18.0,0.0,36.0,36.0,252.48348262737068,53.36126300666693,4.3547234704659,1.0,0.020953007259266344,1.5224145569345215,0.17111388890750984,3006,fast_speed,mappo
211.81492753559337,26,1,success,0.03921834252895369,0.02470885520952546,0,0,8,1.7467056580438154,1.7467056580438154,0,proxy_pcrb,1,26.0,149.17642115411041,30.291598510093067,26,4.958506686278562,1.0,1,13.0,101.0,18.68253544611332,13,3.130834393022265,1.0,71.26750462325418,-2.7162030616267376,80.0,80.0,-3.612020677128924,-3.9000000000000012,-1.2243533489051595,0.0,0.0,-8.0,0.0,26.0,26.0,250.17642115411041,48.97413395620639,4.044670539650413,1.0,0.02139130188859206,2.0175290653868525,0.1867692307874117,3007,fast_speed,mappo
210.75224578128967,27,1,success,0.03335932989216836,0.038900246809033534,0,0,9,1.810036836260875,1.810036836260875,0,proxy_pcrb,1,27.0,149.35814669736897,30.567195679260976,27,4.998630764122752,1.0,1,13.0,100.99999999999999,18.688427863723696,13,3.121364059194224,1.0,71.25792532824913,-2.72934604900323,80.0,80.0,-3.5449429093816174,-4.000000000000001,-1.231390588574617,0.0,0.0,-9.0,0.0,27.0,27.0,250.35814669736897,49.25562354298467,4.059997411658488,1.0,0.018212507684234575,1.7712733650918249,0.18261481488513742,3008,fast_speed,mappo
209.61280728612104,28,1,success,0.03289545927456593,0.007711313388622559,0,0,10,1.731124505114697,1.731124505114697,0,proxy_pcrb,1,28.0,149.75336602203294,31.09058503348922,28,4.9380799901147405,1.0,1,13.0,101.0,18.691807752937585,13,3.218698900056396,1.0,71.24643030735726,-2.74171299271251,80.0,80.0,-3.547350208863038,-4.1000000000000005,-1.24455981966067,0.0,0.0,-10.0,0.0,28.0,28.0,250.75336602203294,49.782392786426804,4.078389445085568,1.0,0.022851828217073062,2.230149044670731,0.20716071425600344,3009,fast_speed,mappo
209.41822053790992,28,1,success,0.03281847879296857,0.011381609322594924,0,0,10,1.6425027001914625,1.6425027001914625,0,proxy_pcrb,1,28.0,149.7188892585408,31.028042161771218,28,4.849085284092483,1.0,1,13.0,101.0,18.754059035137985,13,3.6577722827443333,1.0,71.13703072089922,-2.746642906633548,80.0,80.0,-3.6276147464330037,-4.1000000000000005,-1.2445525299227305,0.0,0.0,-10.0,0.0,28.0,28.0,250.7188892585408,49.7821011969092,4.253428783418409,1.0,0.01631972505048971,1.7463374735221768,0.20027857138822064,3010,fast_speed,mappo
209.66408511488456,28,1,success,0.02817045886101568,0.011249763706477501,0,0,10,1.474640403430621,1.474640403430621,0,proxy_pcrb,1,28.0,149.4663913080677,31.07583946029613,28,4.783308928840112,1.0,1,13.0,101.00000000000001,18.70493852364136,13,3.1041263107668837,1.0,71.3306001981585,-2.741270376227597,80.0,80.0,-3.5807252574479227,-4.1000000000000005,-1.244519449598437,0.0,0.0,-10.0,0.0,28.0,28.0,250.46639130806773,49.78077798393749,3.9437176198034978,1.0,0.016092889425800942,1.4170049936263756,0.19148214287919732,3011,fast_speed,mappo
210.71628904200676,27,1,success,0.03474600701698581,0.02755810965915137,0,0,9,1.6628932050527825,1.6628932050527825,0,proxy_pcrb,1,27.0,149.18325227481984,30.67822640977471,27,4.977066086768695,1.0,1,13.0,101.0,18.6856481268364,13,3.00233728457641,1.0,71.30186015699036,-2.7269234267783573,80.0,80.0,-3.62455082478997,-4.000000000000001,-1.234096863415278,0.0,0.0,-9.0,0.0,27.0,27.0,250.18325227481984,49.36387453661111,3.9897016856725527,1.0,0.019100478860270033,1.618681413548028,0.20941851852074722,3012,fast_speed,mappo
209.32827919871966,28,1,success,0.03739250350595857,0.03493738240142215,0,0,10,1.9730505921168109,1.9730505921168109,0,proxy_pcrb,1,28.0,149.83243196070472,31.086092342646687,28,4.91173394532539,1.0,1,13.0,100.99999999999999,18.663889267171356,13,3.292966184585752,1.0,71.23145491993849,-2.747333233907478,80.0,80.0,-3.8120929470658695,-4.1000000000000005,-1.2437495402454508,0.0,0.0,-10.0,0.0,28.0,28.0,250.8324319607047,49.74998160981804,4.102350064955571,1.0,0.023849018666365886,2.0641154350793793,0.19911071425277832,3013,fast_speed,mappo
211.9136420007088,26,1,success,0.043860828059202,0.04111786987517711,0,0,8,1.70065763460098,1.70065763460098,0,proxy_pcrb,1,26.0,149.13136855087131,30.234649030736293,26,4.9291071898387475,1.0,1,13.0,101.0,18.6478777808568,13,3.017425700716138,1.0,71.31213218223732,-2.7147383966865712,80.0,80.0,-3.561688614552123,-3.9000000000000012,-1.2220631702898275,0.0,0.0,-8.0,0.0,26.0,26.0,250.13136855087131,48.882526811593095,3.9732664452774427,1.0,0.01774446641356667,1.5158029645873206,0.20168461532403642,3014,fast_speed,mappo
210.53236270166556,27,1,success,0.03558751870164812,0.018589490250832036,0,0,9,1.6750785816539613,1.6750785816539615,0,proxy_pcrb,1,27.0,149.21681253847228,30.766867854393755,27,4.945019190071766,1.0,1,13.0,101.0,18.686164713821746,13,3.275631210795548,1.0,71.22647046026472,-2.729110747740725,80.0,80.0,-3.728671196652993,-4.000000000000001,-1.2363258142053877,0.0,0.0,-9.0,0.0,27.0,27.0,250.21681253847228,49.453032568215505,4.110325200433657,1.0,0.02180053395050981,1.6348227137064257,0.1886777778660568,3015,fast_speed,mappo
211.80002818616134,26,1,success,0.036697079398482366,0.032206936505601316,0,0,8,1.559248268923407,1.559248268923407,0,proxy_pcrb,1,26.0,148.87233359742984,30.165409901374655,26,4.973031766412745,1.0,1,13.0,101.0,18.646445096460393,13,3.438692108751749,1.0,71.1667599995468,-2.7174651404548054,80.0,80.0,-3.5289702979847455,-3.9000000000000012,-1.2202963749458764,0.0,0.0,-8.0,0.0,26.0,26.0,249.87233359742984,48.81185499783505,4.205861937582247,1.0,0.022709955016231548,1.620638637234327,0.19036923073984396,3016,fast_speed,mappo
212.02607668002366,26,1,success,0.03449754680466389,0.01641132820527251,0,0,8,1.4531167388171489,1.4531167388171489,0,proxy_pcrb,1,26.0,149.14833149462214,30.28309187328829,26,4.991591604048364,1.0,1,13.0,101.0,18.836234581369155,13,2.9349864586238867,1.0,71.31836806595064,-2.715860864015107,80.0,80.0,-3.44844736054544,-3.9000000000000012,-1.2279831613664358,0.0,0.0,-8.0,0.0,26.0,26.0,250.14833149462214,49.11932645465744,3.9632890313361253,1.0,0.014299508222168637,1.6969877564680627,0.19068076919491153,3017,fast_speed,mappo
205.5307988935446,31,1,success,0.032447266376471086,0.01747625748056835,0,0,13,1.7426929832312754,1.7426929832312754,0,proxy_pcrb,1,31.0,150.2777450592631,32.367415045580685,31,4.999538918193112,1.0,1,13.0,101.0,18.73138912555955,13,3.484252797348743,1.0,71.14423879942888,-2.7809720965289046,80.0,80.0,-4.15499770507687,-4.3999999999999995,-1.277470104278506,0.0,0.0,-13.0,0.0,31.0,31.0,251.2777450592631,51.09880417114023,4.241895857770928,1.0,0.020033012049990688,1.5261764986120832,0.18449032265174714,3018,fast_speed,mappo
211.92459236884463,26,1,success,0.02654848376430021,0.01548731407657123,0,0,8,1.9088644569739084,1.9088644569739084,0,proxy_pcrb,1,26.0,149.10093087023344,30.166731021647262,26,4.912925581645457,1.0,1,13.0,101.0,18.672423829351228,13,3.414119013121593,1.0,71.19322227467102,-2.717013945759479,80.0,80.0,-3.430637088791918,-3.9000000000000012,-1.220978871274962,0.0,0.0,-8.0,0.0,26.0,26.0,250.10093087023344,48.83915485099849,4.163522297383524,1.0,0.022687452557937242,1.96136294091221,0.19564230758707987,3019,fast_speed,mappo
209.150922728953,28,1,success,0.0404286006692438,0.027841422269567297,0,0,10,1.6145504322218547,1.6145504322218547,0,proxy_pcrb,1,28.0,149.53487884969383,31.12238237477907,28,4.930234562284881,1.0,1,13.0,101.0,18.745905296057757,13,3.6013310503319222,1.0,71.12930945659298,-2.7421844703825826,80.0,80.0,-3.889495065486441,-4.1000000000000005,-1.2467071917709214,0.0,0.0,-10.0,0.0,28.0,28.0,250.53487884969383,49.86828767083683,4.265782806308402,1.0,0.02524471971032032,1.460525287067054,0.18518571433950065,3020,fast_speed,mappo
210.68059817445032,27,1,success,0.03319514474342995,0.023363087999246246,0,0,9,1.424365272092758,1.424365272092758,0,proxy_pcrb,1,27.0,149.28606350431673,30.705392588683427,27,4.887609383757097,1.0,1,13.0,101.00000000000001,18.664464247566528,13,3.191174684098378,1.0,71.2708036893309,-2.727833212331131,80.0,80.0,-3.6281258816431685,-4.000000000000001,-1.2342464209062485,0.0,0.0,-9.0,0.0,27.0,27.0,250.28606350431676,49.36985683624995,4.039392033927737,1.0,0.01625914992985178,1.4194728096732883,0.18767037046792986,3021,fast_speed,mappo
209.35767020955296,28,1,success,0.03724576551449819,0.044203744499761555,0,0,10,1.7918146778941313,1.7918146778941313,0,proxy_pcrb,1,28.0,149.62515544242586,31.13706225970951,28,4.893660332232126,1.0,1,13.0,101.0,18.771007349186327,13,3.1065626305757,1.0,71.29535403465826,-2.7430646366667384,80.0,80.0,-3.846917448216182,-4.1000000000000005,-1.247701740222396,0.0,0.0,-10.0,0.0,28.0,28.0,250.62515544242586,49.908069608895836,4.000111481403913,1.0,0.02188341911211745,1.9878056375912712,0.1894392858048377,3022,fast_speed,mappo
210.55215170000116,27,1,success,0.03552944199440969,0.06530966023546268,0,0,9,1.936151056722935,1.936151056722935,0,proxy_pcrb,1,27.0,149.32253694636677,30.645683327573757,27,4.832746703144775,1.0,1,13.0,101.00000000000003,18.770790262164823,13,3.6776728491324064,1.0,71.13591760044909,-2.729887866974497,80.0,80.0,-3.6184661937299536,-4.000000000000001,-1.2354118397434646,0.0,0.0,-9.0,0.0,27.0,27.0,250.3225369463668,49.41647358973858,4.2552097761385905,1.0,0.017405734388411365,2.098459427137351,0.19547037037328766,3023,fast_speed,mappo
200.55105721475206,35,1,success,0.03261240726557472,0.013264973895162745,0,0,17,1.8380846439598777,1.8380846439598777,0,proxy_pcrb,1,35.0,151.37830625461288,34.076022259634435,35,4.935551789466313,1.0,1,13.0,100.99999999999999,18.75603207715185,13,3.4640004710792267,1.0,71.17056362911524,-2.8321822845298423,80.0,80.0,-4.666522771413678,-4.799999999999998,-1.3208013584196578,0.0,0.0,-17.0,0.0,35.0,35.0,252.37830625461288,52.832054336786285,4.19977613027277,1.0,0.017652324212537332,1.5970399389963905,0.19248571432919043,3024,fast_speed,mappo
210.66969378759592,27,1,success,0.0372000319392154,0.024285756372568357,0,0,9,1.5291418168032547,1.5291418168032547,0,proxy_pcrb,1,27.0,149.36969743610265,30.752186489343316,27,4.7343865142510895,1.0,1,13.0,101.0,18.759550294069424,13,3.3207359249424178,1.0,71.27819794828775,-2.727607628825448,80.0,80.0,-3.643103112281034,-4.000000000000001,-1.2377934195853189,0.0,0.0,-9.0,0.0,27.0,27.0,250.36969743610265,49.51173678341274,4.027561219596754,1.0,0.019968497960926004,1.360871279615845,0.19242962968780408,3025,fast_speed,mappo
209.34843981387306,28,1,success,0.03336401926745665,0.019162083142968946,0,0,10,1.8756071562627308,1.8756071562627308,0,proxy_pcrb,1,28.0,149.66000682608066,31.09650834684607,28,4.87480819908977,1.0,1,13.0,101.0,18.716269289114138,13,3.2281290113802013,1.0,71.26325583226385,-2.7432992938850416,80.0,80.0,-3.8261972836067533,-4.1000000000000005,-1.2453194408990054,0.0,0.0,-10.0,0.0,28.0,28.0,250.66000682608066,49.8127776359602,4.0514686052349855,1.0,0.01778587182033923,2.08312749738358,0.21330000000879018,3026,fast_speed,mappo
211.7909989196479,26,1,success,0.04470560458610121,0.038967707205162176,0,0,8,1.7416948932765401,1.7416948932765401,0,proxy_pcrb,1,26.0,149.141280129318,30.275594642871244,26,4.85298748025126,1.0,1,13.0,101.0,18.74916527280681,13,3.2046584923262778,1.0,71.27740934410521,-2.715368149046474,80.0,80.0,-3.645423277518883,-3.9000000000000012,-1.2256189978919514,0.0,0.0,-8.0,0.0,26.0,26.0,250.141280129318,49.024759915678054,4.028822986288769,1.0,0.030495425710198264,1.7291700352134116,0.18544230761108338,3027,fast_speed,mappo
210.45740395103866,27,1,success,0.03807232754931435,0.05024590990453493,0,0,9,1.7734381034541304,1.7734381034541304,0,proxy_pcrb,1,27.0,149.48477431042392,30.67984709955362,27,4.948708466111794,1.0,1,13.0,101.00000000000001,18.652635201698224,13,3.178670486566494,1.0,71.25561778782374,-2.729879987127497,80.0,80.0,-3.835021792126304,-4.000000000000001,-1.2333120575312966,0.0,0.0,-9.0,0.0,27.0,27.0,250.48477431042392,49.332482301251844,4.063689476339144,1.0,0.027485587670584795,1.4136548086711234,0.19554074074053293,3028,fast_speed,mappo
209.4165331916584,28,1,success,0.03505971871258875,0.020747011073617313,0,0,10,1.6705671587563748,1.6705671587563748,0,proxy_pcrb,1,28.0,149.3888990944939,31.151708099721237,28,4.926293340151819,1.0,1,13.0,101.0,18.667793783264617,13,3.0716382470178702,1.0,71.29607008954521,-2.7405358545696994,80.0,80.0,-3.79351349624243,-4.1000000000000005,-1.2454875470746467,0.0,0.0,-10.0,0.0,28.0,28.0,250.3888990944939,49.819501882985854,3.9989657935848446,1.0,0.022012211671465515,1.8417463142940822,0.2674428571286366,3029,fast_speed,mappo
211.9505028770675,26,1,success,0.04084314273517363,0.032427835783967685,0,0,8,1.7840511251187183,1.784051125118718,0,proxy_pcrb,1,26.0,149.29166742015732,30.29615245033679,26,4.689255573753823,1.0,1,13.0,100.99999999999997,18.650222458689125,13,3.3084219305798293,1.0,71.29614949043143,-2.711861999302429,80.0,80.0,-3.5101252413359316,-3.9000000000000012,-1.2236593727256475,0.0,0.0,-8.0,0.0,26.0,26.0,250.2916674201573,48.94637490902592,3.9988387521668263,1.0,0.021062248814847917,1.8297473624673584,0.2473076923566763,3030,fast_speed,mappo
210.7184943520744,27,1,success,0.03439884063893403,0.02905821955193719,0,0,9,1.6093026361468232,1.6093026361468228,0,proxy_pcrb,1,27.0,149.36415609297254,30.62127755419741,27,4.994282099750617,1.0,1,13.0,100.99999999999999,18.659380993552656,13,3.2051758794310006,1.0,71.23309309204144,-2.732048314090782,80.0,80.0,-3.550533962182518,-4.000000000000001,-1.2320164636937512,0.0,0.0,-9.0,0.0,27.0,27.0,250.3641560929725,49.280658547750065,4.099728989590808,1.0,0.0174620789914804,1.4328518819243488,0.21005185199437956,3031,fast_speed,mappo
208.1415563519485,29,1,success,0.035324846998518934,0.030720937752435416,0,0,11,1.6792923415759278,1.6792923415759275,0,proxy_pcrb,1,29.0,150.1571805239463,31.61788033544488,29,4.799691436149017,1.0,1,13.0,101.0,18.654921071443773,13,3.099880413685867,1.0,71.3268075074623,-2.753143989306581,80.0,80.0,-3.975287131035008,-4.2,-1.2568200351722165,0.0,0.0,-11.0,0.0,29.0,29.0,251.1571805239463,50.272801406888654,3.9497859249174416,1.0,0.022827887031990134,1.6414833693348,0.22393448288594614,3032,fast_speed,mappo
210.89984908629646,27,1,success,0.03284912659783424,0.036327263425928374,0,0,9,1.7986897660811705,1.7986897660811705,0,proxy_pcrb,1,27.0,149.51059819692566,30.511671281482563,27,4.772598742926874,1.0,1,13.0,100.99999999999999,18.680084366616978,13,2.9641629346973284,1.0,71.37768568627814,-2.728190831676874,80.0,80.0,-3.5198518771023077,-4.000000000000001,-1.2297938912024888,0.0,0.0,-9.0,0.0,27.0,27.0,250.51059819692563,49.191755648099544,3.8683808388121013,1.0,0.01779003620094226,1.3607200550669927,0.20454074072202072,3033,fast_speed,mappo
205.61771691128507,31,1,success,0.03434370682801862,0.02053019899327517,0,0,13,1.8396005772139343,1.8396005772139343,0,proxy_pcrb,1,31.0,150.470297905219,32.355364242750895,31,4.938646101217533,1.0,1,13.0,100.99999999999999,18.622219069785174,13,3.122788249072812,1.0,71.27622547606995,-2.7810544589166777,80.0,80.0,-4.203014523054867,-4.3999999999999995,-1.2744395828134023,0.0,0.0,-13.0,0.0,31.0,31.0,251.470297905219,50.97758331253607,4.030717175145172,1.0,0.02653316154581088,1.8434310750186602,0.19734516128312773,3034,fast_speed,mappo
209.30643456800559,28,1,success,0.0360180865071179,0.025003740015082786,0,0,10,1.8675683057523582,1.8675683057523582,0,proxy_pcrb,1,28.0,149.28598840627913,31.140311023955277,28,4.924837903981949,1.0,1,13.0,101.00000000000001,18.683453237300085,13,3.524223602904701,1.0,71.15509198963362,-2.740045805710596,80.0,80.0,-3.76301750938607,-4.1000000000000005,-1.2455941065313842,0.0,0.0,-10.0,0.0,28.0,28.0,250.28598840627916,49.82376426125536,4.224530753443325,1.0,0.02000592178008147,1.6621664811603976,0.24883571420884568,3035,fast_speed,mappo
212.29220524075055,26,1,success,0.029891830049544463,0.013177334682241595,0,0,8,1.798676621882242,1.798676621882242,0,proxy_pcrb,1,26.0,148.71598752121025,30.106340380694572,26,4.9185751258910235,1.0,1,13.0,100.99999999999999,18.751698555907275,13,3.0586858971124578,1.0,71.30252964084713,-2.715661536823952,80.0,80.0,-3.1732118898575696,-3.9000000000000012,-1.2214509734150458,0.0,0.0,-8.0,0.0,26.0,26.0,249.71598752121025,48.858038936601844,3.9886305115017406,1.0,0.0175983637118956,1.6179501424871068,0.3622615383322297,3036,fast_speed,mappo
209.39820247289873,28,1,success,0.033985005860046706,0.019171798193098877,0,0,10,1.5220306832499377,1.5220306832499375,0,proxy_pcrb,1,28.0,149.7419189552872,31.140060207333963,28,4.734156646490843,1.0,1,13.0,101.00000000000001,18.689930412001274,13,3.124243022332315,1.0,71.33967381402847,-2.7374324723222876,80.0,80.0,-3.858289103324035,-4.1000000000000005,-1.245749765483381,0.0,0.0,-10.0,0.0,28.0,28.0,250.7419189552872,49.829990619335234,3.9291998344115786,1.0,0.018300000421465,1.4736673871144743,0.2801535713388148,3037,fast_speed,mappo
211.9738109153307,26,1,success,0.03082637923893715,0.026584344723198032,0,0,8,1.7869691428719243,1.7869691428719243,0,proxy_pcrb,1,26.0,149.1474027578613,30.178129324836622,26,4.942041744088674,1.0,1,13.0,101.0,18.66273478103378,13,3.3063964797375163,1.0,71.21778676559002,-2.7194801381431812,80.0,80.0,-3.403474109469372,-3.9000000000000012,-1.22102160264676,0.0,0.0,-8.0,0.0,26.0,26.0,250.1474027578613,48.8408641058704,4.124219111913095,1.0,0.0163885277810137,1.98853573835456,0.18083076922546473,3038,fast_speed,mappo
210.6902332811143,27,1,success,0.035240622116837456,0.012883570536357993,0,0,9,1.885229966370167,1.885229966370167,0,proxy_pcrb,1,27.0,149.5180058782488,30.63019722662345,27,4.781410400102838,1.0,1,13.0,101.0,18.733983528734417,13,3.559089034216047,1.0,71.18901763731105,-2.731922205829676,80.0,80.0,-3.532757631483159,-4.000000000000001,-1.2341045188839466,0.0,0.0,-9.0,0.0,27.0,27.0,250.5180058782488,49.364180755357864,4.170249717159443,1.0,0.026871817504303758,2.1034336548286516,0.19852962968461388,3039,fast_speed,mappo
210.5759214272304,27,1,success,0.0335707609385403,0.027257778253868138,0,0,9,1.6674984354241003,1.6674984354241005,0,proxy_pcrb,1,27.0,149.44712763786515,30.605828634285576,27,4.766124578096786,1.0,1,13.0,101.0,18.766117869117345,13,3.808855192017838,1.0,71.1157425323749,-2.7288175591983372,80.0,80.0,-3.576704883361094,-4.000000000000001,-1.2342986625850734,0.0,0.0,-9.0,0.0,27.0,27.0,250.44712763786515,49.371946503402924,4.287489885057312,1.0,0.023451506188309202,1.4499813221838551,0.1867259260069221,3040,fast_speed,mappo
207.97175390899173,29,1,success,0.03744269588341336,0.023876182770963206,0,0,11,2.119374047483004,2.119374047483004,0,proxy_pcrb,1,29.0,149.66600756739015,31.57086837329275,29,4.902395607362971,1.0,1,13.0,101.0,18.686014754508854,13,3.2309113341358113,1.0,71.25376529131734,-2.7552508091733423,80.0,80.0,-4.070338494957219,-4.2,-1.2564220781950406,0.0,0.0,-11.0,0.0,29.0,29.0,250.66600756739015,50.2568831278016,4.066653470749391,1.0,0.026779367341774395,1.6508626026954443,0.17741724128302003,3041,fast_speed,mappo
208.20287604630562,29,1,success,0.04035370198237177,0.01098120264794732,0,0,11,1.9673855541387881,1.967385554138788,0,proxy_pcrb,1,29.0,149.88444869830593,31.438137240987942,29,4.882037299146092,1.0,1,13.0,101.0,18.680583661957776,13,3.2437941706879054,1.0,71.2561013762126,-2.7494736722112987,80.0,80.0,-3.8507836351220255,-4.2,-1.2529680225736428,0.0,0.0,-11.0,0.0,29.0,29.0,250.88444869830593,50.11872090294572,4.062915734916999,1.0,0.023114108289482273,1.9445247842277906,0.19614482745713885,3042,fast_speed,mappo
211.65307732643032,26,1,success,0.044301153816993996,0.142067895964523,0,0,8,2.0333527206540096,2.0333527206540096,0,proxy_pcrb,1,26.0,148.95852064747388,30.307199225976042,26,4.934970858786615,1.0,1,13.0,101.0,18.649745044755882,13,3.4085303948761054,1.0,71.18807956876609,-2.714675215619869,80.0,80.0,-3.696403419947627,-3.9000000000000012,-1.2239236067682984,0.0,0.0,-8.0,0.0,26.0,26.0,249.95852064747388,48.956944270731924,4.17175062683136,1.0,0.022691355725084107,2.195480803851802,0.18802692305213825,3043,fast_speed,mappo
208.21654373009545,28,1,success,0.03988001230561867,0.024738768204903054,0,0,11,1.7434025254120378,1.7434025254120376,0,proxy_pcrb,1,28.0,149.35950552026833,31.095660601898533,28,4.960499312529617,1.0,1,13.0,101.0,18.733163981397325,13,3.37807746361873,1.0,71.18961846798935,-2.737977878430293,80.0,80.0,-3.889376244881232,-4.1000000000000005,-1.2457206145823967,0.0,0.0,-11.0,0.0,28.0,28.0,250.35950552026833,49.828824583295855,4.169288388074174,1.0,0.02351066901900632,1.5053532241093495,0.18332142859175551,3044,fast_speed,mappo
210.3664456220901,27,1,success,0.03663543637180936,0.04616670963126725,0,0,9,1.9705767047158704,1.9705767047158704,0,proxy_pcrb,1,27.0,149.27839361610822,30.719943111315395,27,4.9812746666243335,1.0,1,13.0,101.0,18.780177538394504,13,3.825531193256853,1.0,71.04329687932284,-2.732088475020762,80.0,80.0,-3.707259765969236,-4.000000000000001,-1.2375030162427474,0.0,0.0,-9.0,0.0,27.0,27.0,250.27839361610822,49.5001206497099,4.403402929940594,1.0,0.018306271223773762,1.8238381429871187,0.2272703703864762,3045,fast_speed,mappo
210.53595650945715,27,1,success,0.03540690874716532,0.024167866355335063,0,0,9,1.6246612392419313,1.6246612392419313,0,proxy_pcrb,1,27.0,149.18460620070374,30.684188108199752,27,4.949963533052094,1.0,1,13.0,101.0,18.795662681270205,13,3.7256725697923634,1.0,71.08428742839679,-2.7305702839807156,80.0,80.0,-3.5807643652221746,-4.000000000000001,-1.2369962697367487,0.0,0.0,-9.0,0.0,27.0,27.0,250.18460620070374,49.47985078946996,4.337818051422229,1.0,0.026004837438330052,1.4331403741097433,0.2593148148190704,3046,fast_speed,mappo
213.11680080806377,25,1,success,0.0509376085597286,0.037381084777403276,0,0,7,1.8749294445998999,1.8749294445998999,0,proxy_pcrb,1,25.0,148.89325952829483,29.891147197628047,25,4.792924202982281,1.0,1,13.0,101.0,18.67213159848897,13,3.225390680675188,1.0,71.28970030939276,-2.701500840436832,80.0,80.0,-3.457316690989213,-3.800000000000001,-1.2140819699029257,0.0,0.0,-7.0,0.0,25.0,25.0,249.89325952829483,48.56327879611702,4.009157441828735,1.0,0.020968461898037142,1.627068228474707,0.235940000093251,3047,fast_speed,mappo
210.58063283620152,27,1,success,0.04129790188216345,0.020386577897328825,0,0,9,1.8096075480518592,1.8096075480518592,0,proxy_pcrb,1,27.0,149.2684874924207,30.741161064683276,27,4.905394720706688,1.0,1,13.0,101.0,18.69164223045328,13,3.169995596538314,1.0,71.27186423639662,-2.7276125806560585,80.0,80.0,-3.7277987371606276,-4.000000000000001,-1.2358200823784136,0.0,0.0,-9.0,0.0,27.0,27.0,250.2684874924207,49.43280329513655,4.037695158622501,1.0,0.018998251179972853,1.690045306934585,0.23922592596069012,3048,fast_speed,mappo
210.9276518133579,27,1,success,0.030606807440523704,0.03173288472627292,0,0,9,1.3647271841441069,1.3647271841441069,0,proxy_pcrb,1,27.0,149.28706824585072,30.55099674626078,27,4.858898119550952,1.0,1,13.0,101.0,18.65329102872575,13,3.233745038222906,1.0,71.26647272373137,-2.731464445089517,80.0,80.0,-3.3772492709092683,-4.000000000000001,-1.2301071943746633,0.0,0.0,-9.0,0.0,27.0,27.0,250.28706824585072,49.204287774986526,4.046321578886929,1.0,0.020268673115858678,1.463193812066629,0.197159259254544,3049,fast_speed,mappo
210.4565356572138,27,1,success,0.04311047266999829,0.014686510457531736,0,0,9,1.7443700068417005,1.7443700068417005,0,proxy_pcrb,1,27.0,148.9438046181657,30.74238797172503,27,4.984775704389528,1.0,1,13.0,101.0,18.69858914035843,13,3.420518613507655,1.0,71.16876923619283,-2.7278665960922437,80.0,80.0,-3.7483425550847196,-4.000000000000001,-1.2360244278020867,0.0,0.0,-9.0,0.0,27.0,27.0,249.9438046181657,49.44097711208346,4.202647158948592,1.0,0.02584981107808656,1.6581824347913292,0.23317407407443239,3050,fast_speed,mappo
224.631893542951,17,1,success,0.03921939168615794,0.027605195756841873,0,0,0,2.2705958158349677,2.2705958158349677,0,proxy_pcrb,1,17.0,132.99999884203265,17.091658175733823,17,2.709923431139068,1.0,1,13.0,100.56430204634387,12.99052824811873,13,2.757510331111275e-07,1.0,72.94857255213253,-2.4946802962257473,80.0,80.0,-2.069944052359485,-3.0000000000000004,-0.7520546605963139,0.0,0.0,0.0,0.0,17.0,17.0,233.56430088837652,30.082186423852555,1.3549618534450505,1.0,0.010980109032884381,2.538900312931336,0.018223529503516415,3001,wide_fast,goal
224.52322409444048,17,1,success,0.04148454368211835,0.022725050451076784,0,0,0,1.9693472898422646,1.9693472898422648,0,proxy_pcrb,1,17.0,132.99999884203265,17.091658175733823,17,2.709923431139068,1.0,1,13.0,100.56430204634387,12.99052824811873,13,2.757510331111275e-07,1.0,72.94857255213253,-2.4946802962257473,80.0,80.0,-2.178613500870011,-3.0000000000000004,-0.7520546605963139,0.0,0.0,0.0,0.0,17.0,17.0,233.56430088837652,30.082186423852555,1.3549618534450505,1.0,0.02197564179079515,2.2533514488956987,0.01725882360487423,3002,wide_fast,goal
224.53019357169774,17,1,success,0.03851243942239362,0.023046779959572175,0,0,0,1.6300730260684353,1.6300730260684353,0,proxy_pcrb,1,17.0,132.99999884203265,17.091658175733823,17,2.709923431139068,1.0,1,13.0,100.56430204634387,12.99052824811873,13,2.757510331111275e-07,1.0,72.94857255213253,-2.4946802962257473,80.0,80.0,-2.17164402361276,-3.0000000000000004,-0.7520546605963139,0.0,0.0,0.0,0.0,17.0,17.0,233.56430088837652,30.082186423852555,1.3549618534450505,1.0,0.013206160435773547,1.5069295411970747,0.01659999992732671,3003,wide_fast,goal
224.45829105313146,17,1,success,0.042286801543962395,0.06423190551522681,0,0,0,1.6467969352669714,1.6467969352669714,0,proxy_pcrb,1,17.0,132.99999884203265,17.091658175733823,17,2.709923431139068,1.0,1,13.0,100.56430204634387,12.99052824811873,13,2.757510331111275e-07,1.0,72.94857255213253,-2.4946802962257473,80.0,80.0,-2.2435465421790117,-3.0000000000000004,-0.7520546605963139,0.0,0.0,0.0,0.0,17.0,17.0,233.56430088837652,30.082186423852555,1.3549618534450505,1.0,0.024075093213841194,1.618825699996357,0.017505882383642635,3004,wide_fast,goal
224.53967244471752,17,1,success,0.035153047703513074,0.019203413683563784,0,0,0,1.779953018389989,1.779953018389989,0,proxy_pcrb,1,17.0,132.99999884203265,17.091658175733823,17,2.709923431139068,1.0,1,13.0,100.56430204634387,12.99052824811873,13,2.757510331111275e-07,1.0,72.94857255213253,-2.4946802962257473,80.0,80.0,-2.1621651505929744,-3.0000000000000004,-0.7520546605963139,0.0,0.0,0.0,0.0,17.0,17.0,233.56430088837652,30.082186423852555,1.3549618534450505,1.0,0.014345027754739092,1.8248534570246866,0.01656470596893033,3005,wide_fast,goal
224.51181943222653,17,1,success,0.0381894664676922,0.07926994916588015,0,0,0,1.4338550956786575,1.4338550956786575,0,proxy_pcrb,1,17.0,132.99999884203265,17.091658175733823,17,2.709923431139068,1.0,1,13.0,100.56430204634387,12.99052824811873,13,2.757510331111275e-07,1.0,72.94857255213253,-2.4946802962257473,80.0,80.0,-2.190018163083967,-3.0000000000000004,-0.7520546605963139,0.0,0.0,0.0,0.0,17.0,17.0,233.56430088837652,30.082186423852555,1.3549618534450505,1.0,0.02053104465325673,1.5224145569345215,0.019211764725589414,3006,wide_fast,goal
224.44832502040288,17,1,success,0.03863208311855532,0.031226479765141778,0,0,0,1.8175475193801756,1.8175475193801756,0,proxy_pcrb,1,17.0,132.99999884203265,17.091658175733823,17,2.709923431139068,1.0,1,13.0,100.56430204634387,12.99052824811873,13,2.757510331111275e-07,1.0,72.94857255213253,-2.4946802962257473,80.0,80.0,-2.2535125749076332,-3.0000000000000004,-0.7520546605963139,0.0,0.0,0.0,0.0,17.0,17.0,233.56430088837652,30.082186423852555,1.3549618534450505,1.0,0.020980244765834977,2.0175290653868525,0.018888235418297185,3007,wide_fast,goal
224.55624082237182,17,1,success,0.03531649141346691,0.01829356383149598,0,0,0,1.8944311988032478,1.8944311988032478,0,proxy_pcrb,1,17.0,132.99999884203265,17.091658175733823,17,2.709923431139068,1.0,1,13.0,100.56430204634387,12.99052824811873,13,2.757510331111275e-07,1.0,72.94857255213253,-2.4946802962257473,80.0,80.0,-2.1455967729386534,-3.0000000000000004,-0.7520546605963139,0.0,0.0,0.0,0.0,17.0,17.0,233.56430088837652,30.082186423852555,1.3549618534450505,1.0,0.017388867911654483,1.7712733650918249,0.01945294121362488,3008,wide_fast,goal
224.62261455107023,17,1,success,0.03646648019990301,0.03301565012073211,0,0,0,1.9045860733205542,1.9045860733205542,0,proxy_pcrb,1,17.0,132.99999884203265,17.091658175733823,17,2.709923431139068,1.0,1,13.0,100.56430204634387,12.99052824811873,13,2.757510331111275e-07,1.0,72.94857255213253,-2.4946802962257473,80.0,80.0,-2.079223044240263,-3.0000000000000004,-0.7520546605963139,0.0,0.0,0.0,0.0,17.0,17.0,233.56430088837652,30.082186423852555,1.3549618534450505,1.0,0.022188483793915664,2.230149044670731,0.018423529260925373,3009,wide_fast,goal
224.5721595634921,17,1,success,0.035454802860850745,0.02504444675032471,0,0,0,1.7439769187851173,1.7439769187851173,0,proxy_pcrb,1,17.0,132.99999884203265,17.091658175733823,17,2.709923431139068,1.0,1,13.0,100.56430204634387,12.99052824811873,13,2.757510331111275e-07,1.0,72.94857255213253,-2.4946802962257473,80.0,80.0,-2.1296780318183672,-3.0000000000000004,-0.7520546605963139,0.0,0.0,0.0,0.0,17.0,17.0,233.56430088837652,30.082186423852555,1.3549618534450505,1.0,0.016125756115483416,1.7463374735221768,0.016494117731139447,3010,wide_fast,goal
224.5919376921097,17,1,success,0.03200050522988115,0.033148911240975576,0,0,0,1.393068289386337,1.393068289386337,0,proxy_pcrb,1,17.0,132.99999884203265,17.091658175733823,17,2.709923431139068,1.0,1,13.0,100.56430204634387,12.99052824811873,13,2.757510331111275e-07,1.0,72.94857255213253,-2.4946802962257473,80.0,80.0,-2.1098999032008123,-3.0000000000000004,-0.7520546605963139,0.0,0.0,0.0,0.0,17.0,17.0,233.56430088837652,30.082186423852555,1.3549618534450505,1.0,0.01583971782157879,1.4170049936263756,0.016558823678197394,3011,wide_fast,goal
224.55712687620704,17,1,success,0.034527374066428564,0.01685806327029729,0,0,0,1.6394941037655542,1.639494103765554,0,proxy_pcrb,1,17.0,132.99999884203265,17.091658175733823,17,2.709923431139068,1.0,1,13.0,100.56430204634387,12.99052824811873,13,2.757510331111275e-07,1.0,72.94857255213253,-2.4946802962257473,80.0,80.0,-2.1447107191034673,-3.0000000000000004,-0.7520546605963139,0.0,0.0,0.0,0.0,17.0,17.0,233.56430088837652,30.082186423852555,1.3549618534450505,1.0,0.018084205846578685,1.618681413548028,0.01867058830719222,3012,wide_fast,goal
224.49742004589848,17,1,success,0.041752593451123976,0.03964315712964789,0,0,0,1.9722512832552341,1.9722512832552341,0,proxy_pcrb,1,17.0,132.99999884203265,17.091658175733823,17,2.709923431139068,1.0,1,13.0,100.56430204634387,12.99052824811873,13,2.757510331111275e-07,1.0,72.94857255213253,-2.4946802962257473,80.0,80.0,-2.2044175494119935,-3.0000000000000004,-0.7520546605963139,0.0,0.0,0.0,0.0,17.0,17.0,233.56430088837652,30.082186423852555,1.3549618534450505,1.0,0.021815135067848927,2.0641154350793793,0.0165529411734657,3013,wide_fast,goal
224.5032451589217,17,1,success,0.04987991660283532,0.2602560882602062,0,0,0,1.55687721467968,1.55687721467968,0,proxy_pcrb,1,17.0,132.99999884203265,17.091658175733823,17,2.709923431139068,1.0,1,13.0,100.56430204634387,12.99052824811873,13,2.757510331111275e-07,1.0,72.94857255213253,-2.4946802962257473,80.0,80.0,-2.1985924363888314,-3.0000000000000004,-0.7520546605963139,0.0,0.0,0.0,0.0,17.0,17.0,233.56430088837652,30.082186423852555,1.3549618534450505,1.0,0.017048299477961548,1.5158029645873206,0.0172235294324791,3014,wide_fast,goal
224.5234346994248,17,1,success,0.033965760920078955,0.013885803020633431,0,0,0,1.6452572222269954,1.6452572222269954,0,proxy_pcrb,1,17.0,132.99999884203265,17.091658175733823,17,2.709923431139068,1.0,1,13.0,100.56430204634387,12.99052824811873,13,2.757510331111275e-07,1.0,72.94857255213253,-2.4946802962257473,80.0,80.0,-2.1784028958857156,-3.0000000000000004,-0.7520546605963139,0.0,0.0,0.0,0.0,17.0,17.0,233.56430088837652,30.082186423852555,1.3549618534450505,1.0,0.020939656589353622,1.6348227137064257,0.016652941132419715,3015,wide_fast,goal
224.50749426729539,17,1,success,0.033456710754694356,0.08600321087304312,0,0,0,1.6843984960023475,1.6843984960023475,0,proxy_pcrb,1,17.0,132.99999884203265,17.091658175733823,17,2.709923431139068,1.0,1,13.0,100.56430204634387,12.99052824811873,13,2.757510331111275e-07,1.0,72.94857255213253,-2.4946802962257473,80.0,80.0,-2.1943433280151066,-3.0000000000000004,-0.7520546605963139,0.0,0.0,0.0,0.0,17.0,17.0,233.56430088837652,30.082186423852555,1.3549618534450505,1.0,0.021995638829529714,1.620638637234327,0.016870588404023747,3016,wide_fast,goal
224.60365041077392,17,1,success,0.02919046172203134,0.06848943078693712,0,0,0,1.5711270707975815,1.5711270707975815,0,proxy_pcrb,1,17.0,132.99999884203265,17.091658175733823,17,2.709923431139068,1.0,1,13.0,100.56430204634387,12.99052824811873,13,2.757510331111275e-07,1.0,72.94857255213253,-2.4946802962257473,80.0,80.0,-2.0981871845365827,-3.0000000000000004,-0.7520546605963139,0.0,0.0,0.0,0.0,17.0,17.0,233.56430088837652,30.082186423852555,1.3549618534450505,1.0,0.013749665369465754,1.6969877564680627,0.01648235298917451,3017,wide_fast,goal
224.4932675536362,17,1,success,0.03892768257359253,0.02784719317045317,0,0,0,1.8265852303948047,1.8265852303948047,0,proxy_pcrb,1,17.0,132.99999884203265,17.091658175733823,17,2.709923431139068,1.0,1,13.0,100.56430204634387,12.99052824811873,13,2.757510331111275e-07,1.0,72.94857255213253,-2.4946802962257473,80.0,80.0,-2.208570041674286,-3.0000000000000004,-0.7520546605963139,0.0,0.0,0.0,0.0,17.0,17.0,233.56430088837652,30.082186423852555,1.3549618534450505,1.0,0.018543341871842575,1.5261764986120832,0.016494117624140072,3018,wide_fast,goal
224.48976395766172,17,1,success,0.028704880514195535,0.01856659379991978,0,0,0,1.7550339469532235,1.7550339469532235,0,proxy_pcrb,1,17.0,132.99999884203265,17.091658175733823,17,2.709923431139068,1.0,1,13.0,100.56430204634387,12.99052824811873,13,2.757510331111275e-07,1.0,72.94857255213253,-2.4946802962257473,80.0,80.0,-2.212073637648777,-3.0000000000000004,-0.7520546605963139,0.0,0.0,0.0,0.0,17.0,17.0,233.56430088837652,30.082186423852555,1.3549618534450505,1.0,0.021929415666682953,1.96136294091221,0.016570588259663267,3019,wide_fast,goal
224.4549611626212,17,1,success,0.044923984817485094,0.03769633554275309,0,0,0,1.6743737362032445,1.6743737362032445,0,proxy_pcrb,1,17.0,132.99999884203265,17.091658175733823,17,2.709923431139068,1.0,1,13.0,100.56430204634387,12.99052824811873,13,2.757510331111275e-07,1.0,72.94857255213253,-2.4946802962257473,80.0,80.0,-2.2468764326893047,-3.0000000000000004,-0.7520546605963139,0.0,0.0,0.0,0.0,17.0,17.0,233.56430088837652,30.082186423852555,1.3549618534450505,1.0,0.02389124414511602,1.460525287067054,0.016370588288255557,3020,wide_fast,goal
224.57791662283785,17,1,success,0.035160093809902676,0.03045967735062344,0,0,0,1.356900970703851,1.356900970703851,0,proxy_pcrb,1,17.0,132.99999884203265,17.091658175733823,17,2.709923431139068,1.0,1,13.0,100.56430204634387,12.99052824811873,13,2.757510331111275e-07,1.0,72.94857255213253,-2.4946802962257473,80.0,80.0,-2.1239209724726416,-3.0000000000000004,-0.7520546605963139,0.0,0.0,0.0,0.0,17.0,17.0,233.56430088837652,30.082186423852555,1.3549618534450505,1.0,0.015616014474462741,1.4194728096732883,0.016711764735245035,3021,wide_fast,goal
224.54923858754483,17,1,success,0.031245258913824986,0.030131739571611724,0,0,0,1.8825457559081658,1.8825457559081655,0,proxy_pcrb,1,17.0,132.99999884203265,17.091658175733823,17,2.709923431139068,1.0,1,13.0,100.56430204634387,12.99052824811873,13,2.757510331111275e-07,1.0,72.94857255213253,-2.4946802962257473,80.0,80.0,-2.1525990077656365,-3.0000000000000004,-0.7520546605963139,0.0,0.0,0.0,0.0,17.0,17.0,233.56430088837652,30.082186423852555,1.3549618534450505,1.0,0.021084770095580234,1.9878056375912712,0.016752941198373103,3022,wide_fast,goal
224.58065142431323,17,1,success,0.03372364137089053,0.0949692697334449,0,0,0,1.9264117913797831,1.9264117913797831,0,proxy_pcrb,1,17.0,132.99999884203265,17.091658175733823,17,2.709923431139068,1.0,1,13.0,100.56430204634387,12.99052824811873,13,2.757510331111275e-07,1.0,72.94857255213253,-2.4946802962257473,80.0,80.0,-2.1211861709972584,-3.0000000000000004,-0.7520546605963139,0.0,0.0,0.0,0.0,17.0,17.0,233.56430088837652,30.082186423852555,1.3549618534450505,1.0,0.01664890659837403,2.098459427137351,0.017629411773026838,3023,wide_fast,goal
224.481834318209,17,1,success,0.04104039271131547,0.05113351330983991,0,0,0,1.608155703890511,1.608155703890511,0,proxy_pcrb,1,17.0,132.99999884203265,17.091658175733823,17,2.709923431139068,1.0,1,13.0,100.56430204634387,12.99052824811873,13,2.757510331111275e-07,1.0,72.94857255213253,-2.4946802962257473,80.0,80.0,-2.2200032771014855,-3.0000000000000004,-0.7520546605963139,0.0,0.0,0.0,0.0,17.0,17.0,233.56430088837652,30.082186423852555,1.3549618534450505,1.0,0.01704505637570458,1.5970399389963905,0.016576470603895894,3024,wide_fast,goal
224.59636491808797,17,1,success,0.03859930411193207,0.043656951498164474,0,0,0,1.3931207302011093,1.3931207302011093,0,proxy_pcrb,1,17.0,132.99999884203265,17.091658175733823,17,2.709923431139068,1.0,1,13.0,100.56430204634387,12.99052824811873,13,2.757510331111275e-07,1.0,72.94857255213253,-2.4946802962257473,80.0,80.0,-2.1054726772225205,-3.0000000000000004,-0.7520546605963139,0.0,0.0,0.0,0.0,17.0,17.0,233.56430088837652,30.082186423852555,1.3549618534450505,1.0,0.019520947220288618,1.360871279615845,0.016835294017629863,3025,wide_fast,goal
224.43601038431504,17,1,success,0.034637117261194575,0.11681028177949426,0,0,0,1.8379776287441043,1.8379776287441043,0,proxy_pcrb,1,17.0,132.99999884203265,17.091658175733823,17,2.709923431139068,1.0,1,13.0,100.56430204634387,12.99052824811873,13,2.757510331111275e-07,1.0,72.94857255213253,-2.4946802962257473,80.0,80.0,-2.265827210995456,-3.0000000000000004,-0.7520546605963139,0.0,0.0,0.0,0.0,17.0,17.0,233.56430088837652,30.082186423852555,1.3549618534450505,1.0,0.017025671368255724,2.08312749738358,0.016182352951813406,3026,wide_fast,goal
224.43330485144836,17,1,success,0.04655740710111534,0.020754546899899595,0,0,0,1.81242717747169,1.81242717747169,0,proxy_pcrb,1,17.0,132.99999884203265,17.091658175733823,17,2.709923431139068,1.0,1,13.0,100.56430204634387,12.99052824811873,13,2.757510331111275e-07,1.0,72.94857255213253,-2.4946802962257473,80.0,80.0,-2.2685327438621496,-3.0000000000000004,-0.7520546605963139,0.0,0.0,0.0,0.0,17.0,17.0,233.56430088837652,30.082186423852555,1.3549618534450505,1.0,0.028824534571627848,1.7291700352134116,0.01677058828457067,3027,wide_fast,goal
224.36286155948085,17,1,success,0.04203641495765088,0.029201841166514912,0,0,0,1.484270218634939,1.484270218634939,0,proxy_pcrb,1,17.0,132.99999884203265,17.091658175733823,17,2.709923431139068,1.0,1,13.0,100.56430204634387,12.99052824811873,13,2.757510331111275e-07,1.0,72.94857255213253,-2.4946802962257473,80.0,80.0,-2.3389760358296177,-3.0000000000000004,-0.7520546605963139,0.0,0.0,0.0,0.0,17.0,17.0,233.56430088837652,30.082186423852555,1.3549618534450505,1.0,0.025669908680176812,1.4136548086711234,0.016417646988616873,3028,wide_fast,goal
224.5036807176237,17,1,success,0.03665244140792834,0.029186108875925876,0,0,0,1.7130693923197564,1.7130693923197564,0,proxy_pcrb,1,17.0,132.99999884203265,17.091658175733823,17,2.709923431139068,1.0,1,13.0,100.56430204634387,12.99052824811873,13,2.757510331111275e-07,1.0,72.94857255213253,-2.4946802962257473,80.0,80.0,-2.198156877686794,-3.0000000000000004,-0.7520546605963139,0.0,0.0,0.0,0.0,17.0,17.0,233.56430088837652,30.082186423852555,1.3549618534450505,1.0,0.021258867218195608,1.8417463142940822,0.016223529521940852,3029,wide_fast,goal
224.46899225401387,17,1,success,0.04531900584430125,0.033831129901394474,0,0,0,1.783584493401767,1.7835844934017668,0,proxy_pcrb,1,17.0,132.99999884203265,17.091658175733823,17,2.709923431139068,1.0,1,13.0,100.56430204634387,12.99052824811873,13,2.757510331111275e-07,1.0,72.94857255213253,-2.4946802962257473,80.0,80.0,-2.232845341296616,-3.0000000000000004,-0.7520546605963139,0.0,0.0,0.0,0.0,17.0,17.0,233.56430088837652,30.082186423852555,1.3549618534450505,1.0,0.020695635974343846,1.8297473624673584,0.016388235267453744,3030,wide_fast,goal
224.54715941935976,17,1,success,0.0393841006468074,0.014943157655688582,0,0,0,1.7334614633234209,1.7334614633234209,0,proxy_pcrb,1,17.0,132.99999884203265,17.091658175733823,17,2.709923431139068,1.0,1,13.0,100.56430204634387,12.99052824811873,13,2.757510331111275e-07,1.0,72.94857255213253,-2.4946802962257473,80.0,80.0,-2.1546781759507474,-3.0000000000000004,-0.7520546605963139,0.0,0.0,0.0,0.0,17.0,17.0,233.56430088837652,30.082186423852555,1.3549618534450505,1.0,0.017040999477175172,1.4328518819243488,0.020617647030175087,3031,wide_fast,goal
224.49347045123085,17,1,success,0.03878423486886652,0.050748076020254995,0,0,0,1.6374256254136257,1.6374256254136255,0,proxy_pcrb,1,17.0,132.99999884203265,17.091658175733823,17,2.709923431139068,1.0,1,13.0,100.56430204634387,12.99052824811873,13,2.757510331111275e-07,1.0,72.94857255213253,-2.4946802962257473,80.0,80.0,-2.2083671440796575,-3.0000000000000004,-0.7520546605963139,0.0,0.0,0.0,0.0,17.0,17.0,233.56430088837652,30.082186423852555,1.3549618534450505,1.0,0.022657894092127463,1.6414833693348,0.017699999903818348,3032,wide_fast,goal
224.51026139169375,17,1,success,0.03870401973989558,0.03396509003190021,0,0,0,1.6638897810726545,1.6638897810726543,0,proxy_pcrb,1,17.0,132.99999884203265,17.091658175733823,17,2.709923431139068,1.0,1,13.0,100.56430204634387,12.99052824811873,13,2.757510331111275e-07,1.0,72.94857255213253,-2.4946802962257473,80.0,80.0,-2.19157620361676,-3.0000000000000004,-0.7520546605963139,0.0,0.0,0.0,0.0,17.0,17.0,233.56430088837652,30.082186423852555,1.3549618534450505,1.0,0.017394312090305057,1.3607200550669927,0.0177176470435156,3033,wide_fast,goal
224.45925943785312,17,1,success,0.04229336733548755,0.0955845837963955,0,0,0,2.00118266668647,2.00118266668647,0,proxy_pcrb,1,17.0,132.99999884203265,17.091658175733823,17,2.709923431139068,1.0,1,13.0,100.56430204634387,12.99052824811873,13,2.757510331111275e-07,1.0,72.94857255213253,-2.4946802962257473,80.0,80.0,-2.242578157457348,-3.0000000000000004,-0.7520546605963139,0.0,0.0,0.0,0.0,17.0,17.0,233.56430088837652,30.082186423852555,1.3549618534450505,1.0,0.02542770550500358,1.8434310750186602,0.017170588227386093,3034,wide_fast,goal
224.57406394934486,17,1,success,0.036423411841162226,0.0420664736749775,0,0,0,1.5360430342454647,1.5360430342454647,0,proxy_pcrb,1,17.0,132.99999884203265,17.091658175733823,17,2.709923431139068,1.0,1,13.0,100.56430204634387,12.99052824811873,13,2.757510331111275e-07,1.0,72.94857255213253,-2.4946802962257473,80.0,80.0,-2.127773645965647,-3.0000000000000004,-0.7520546605963139,0.0,0.0,0.0,0.0,17.0,17.0,233.56430088837652,30.082186423852555,1.3549618534450505,1.0,0.0198983964121767,1.6621664811603976,0.020047058837115078,3035,wide_fast,goal
224.7117295951308,17,1,success,0.03313790130523779,0.07345107943154064,0,0,0,1.7018740488873683,1.7018740488873683,0,proxy_pcrb,1,17.0,132.99999884203265,17.091658175733823,17,2.709923431139068,1.0,1,13.0,100.56430204634387,12.99052824811873,13,2.757510331111275e-07,1.0,72.94857255213253,-2.4946802962257473,80.0,80.0,-1.9901080001796698,-3.0000000000000004,-0.7520546605963139,0.0,0.0,0.0,0.0,17.0,17.0,233.56430088837652,30.082186423852555,1.3549618534450505,1.0,0.017642012777656892,1.6179501424871068,0.017558823535235954,3036,wide_fast,goal
224.39332469778657,17,1,success,0.037694785510472235,0.05229008148946518,0,0,0,1.4293927407587002,1.4293927407587,0,proxy_pcrb,1,17.0,132.99999884203265,17.091658175733823,17,2.709923431139068,1.0,1,13.0,100.56430204634387,12.99052824811873,13,2.757510331111275e-07,1.0,72.94857255213253,-2.4946802962257473,80.0,80.0,-2.3085128975239138,-3.0000000000000004,-0.7520546605963139,0.0,0.0,0.0,0.0,17.0,17.0,233.56430088837652,30.082186423852555,1.3549618534450505,1.0,0.017627309245885823,1.4736673871144743,0.016741176456408165,3037,wide_fast,goal
224.5725067331674,17,1,success,0.031088741338065946,0.033201222531847416,0,0,0,1.8905537809142352,1.8905537809142352,0,proxy_pcrb,1,17.0,132.99999884203265,17.091658175733823,17,2.709923431139068,1.0,1,13.0,100.56430204634387,12.99052824811873,13,2.757510331111275e-07,1.0,72.94857255213253,-2.4946802962257473,80.0,80.0,-2.12933086214309,-3.0000000000000004,-0.7520546605963139,0.0,0.0,0.0,0.0,17.0,17.0,233.56430088837652,30.082186423852555,1.3549618534450505,1.0,0.015538942764528472,1.98853573835456,0.017305882358735234,3038,wide_fast,goal
224.53033729833572,17,1,success,0.04062549028976802,0.030574079802960716,0,0,0,1.9513919296323787,1.9513919296323787,0,proxy_pcrb,1,17.0,132.99999884203265,17.091658175733823,17,2.709923431139068,1.0,1,13.0,100.56430204634387,12.99052824811873,13,2.757510331111275e-07,1.0,72.94857255213253,-2.4946802962257473,80.0,80.0,-2.1715002969747816,-3.0000000000000004,-0.7520546605963139,0.0,0.0,0.0,0.0,17.0,17.0,233.56430088837652,30.082186423852555,1.3549618534450505,1.0,0.026312930786672857,2.1034336548286516,0.01685294126432649,3039,wide_fast,goal
224.46899434578575,17,1,success,0.041266167103181206,0.0310213636120082,0,0,0,1.563458922244608,1.5634589222446085,0,proxy_pcrb,1,17.0,132.99999884203265,17.091658175733823,17,2.709923431139068,1.0,1,13.0,100.56430204634387,12.99052824811873,13,2.757510331111275e-07,1.0,72.94857255213253,-2.4946802962257473,80.0,80.0,-2.232843249524724,-3.0000000000000004,-0.7520546605963139,0.0,0.0,0.0,0.0,17.0,17.0,233.56430088837652,30.082186423852555,1.3549618534450505,1.0,0.021920504585509648,1.4499813221838551,0.0175235294698402,3040,wide_fast,goal
224.39620280249525,17,1,success,0.0432843882918644,0.07819708879353582,0,0,0,2.0528063014954347,2.0528063014954347,0,proxy_pcrb,1,17.0,132.99999884203265,17.091658175733823,17,2.709923431139068,1.0,1,13.0,100.56430204634387,12.99052824811873,13,2.757510331111275e-07,1.0,72.94857255213253,-2.4946802962257473,80.0,80.0,-2.3056347928152117,-3.0000000000000004,-0.7520546605963139,0.0,0.0,0.0,0.0,17.0,17.0,233.56430088837652,30.082186423852555,1.3549618534450505,1.0,0.026725370710978746,1.6508626026954443,0.017170588227386093,3041,wide_fast,goal
224.5344319433196,17,1,success,0.03955892508213528,0.025697628058052018,0,0,0,2.0784680883188282,2.0784680883188282,0,proxy_pcrb,1,17.0,132.99999884203265,17.091658175733823,17,2.709923431139068,1.0,1,13.0,100.56430204634387,12.99052824811873,13,2.757510331111275e-07,1.0,72.94857255213253,-2.4946802962257473,80.0,80.0,-2.167405651990899,-3.0000000000000004,-0.7520546605963139,0.0,0.0,0.0,0.0,17.0,17.0,233.56430088837652,30.082186423852555,1.3549618534450505,1.0,0.022294539175959614,1.9445247842277906,0.01725882360487423,3042,wide_fast,goal
224.42406772883425,17,1,success,0.04139874834885257,0.05162372637698383,0,0,0,2.2179002758374335,2.2179002758374335,0,proxy_pcrb,1,17.0,132.99999884203265,17.091658175733823,17,2.709923431139068,1.0,1,13.0,100.56430204634387,12.99052824811873,13,2.757510331111275e-07,1.0,72.94857255213253,-2.4946802962257473,80.0,80.0,-2.2777698664762394,-3.0000000000000004,-0.7520546605963139,0.0,0.0,0.0,0.0,17.0,17.0,233.56430088837652,30.082186423852555,1.3549618534450505,1.0,0.020939884970887425,2.195480803851802,0.016664705820884966,3043,wide_fast,goal
224.41232509579385,17,1,success,0.0442500849208098,0.03441623939400995,0,0,0,1.737687871935236,1.737687871935236,0,proxy_pcrb,1,17.0,132.99999884203265,17.091658175733823,17,2.709923431139068,1.0,1,13.0,100.56430204634387,12.99052824811873,13,2.757510331111275e-07,1.0,72.94857255213253,-2.4946802962257473,80.0,80.0,-2.289512499516631,-3.0000000000000004,-0.7520546605963139,0.0,0.0,0.0,0.0,17.0,17.0,233.56430088837652,30.082186423852555,1.3549618534450505,1.0,0.022713559763349,1.5053532241093495,0.016505882419604698,3044,wide_fast,goal
224.56655155691573,17,1,success,0.03383244278670216,0.01267990189949338,0,0,0,1.7339145039964272,1.7339145039964272,0,proxy_pcrb,1,17.0,132.99999884203265,17.091658175733823,17,2.709923431139068,1.0,1,13.0,100.56430204634387,12.99052824811873,13,2.757510331111275e-07,1.0,72.94857255213253,-2.4946802962257473,80.0,80.0,-2.1352860383947334,-3.0000000000000004,-0.7520546605963139,0.0,0.0,0.0,0.0,17.0,17.0,233.56430088837652,30.082186423852555,1.3549618534450505,1.0,0.017531276043339768,1.8238381429871187,0.016094117627824957,3045,wide_fast,goal
224.55934797783118,17,1,success,0.04060587044603216,0.03567094672164878,0,0,0,1.3668311810101479,1.366831181010148,0,proxy_pcrb,1,17.0,132.99999884203265,17.091658175733823,17,2.709923431139068,1.0,1,13.0,100.56430204634387,12.99052824811873,13,2.757510331111275e-07,1.0,72.94857255213253,-2.4946802962257473,80.0,80.0,-2.1424896174792876,-3.0000000000000004,-0.7520546605963139,0.0,0.0,0.0,0.0,17.0,17.0,233.56430088837652,30.082186423852555,1.3549618534450505,1.0,0.025234994441709485,1.4331403741097433,0.01646470600997632,3046,wide_fast,goal
224.5480887188271,17,1,success,0.036098519584263314,0.08392862698165612,0,0,0,1.9490814802915575,1.9490814802915575,0,proxy_pcrb,1,17.0,132.99999884203265,17.091658175733823,17,2.709923431139068,1.0,1,13.0,100.56430204634387,12.99052824811873,13,2.757510331111275e-07,1.0,72.94857255213253,-2.4946802962257473,80.0,80.0,-2.1537488764833954,-3.0000000000000004,-0.7520546605963139,0.0,0.0,0.0,0.0,17.0,17.0,233.56430088837652,30.082186423852555,1.3549618534450505,1.0,0.020973295506406815,1.627068228474707,0.01626470566407079,3047,wide_fast,goal
224.53619558177044,17,1,success,0.04021325284517296,0.050893987546972996,0,0,0,1.8470328657505177,1.8470328657505177,0,proxy_pcrb,1,17.0,132.99999884203265,17.091658175733823,17,2.709923431139068,1.0,1,13.0,100.56430204634387,12.99052824811873,13,2.757510331111275e-07,1.0,72.94857255213253,-2.4946802962257473,80.0,80.0,-2.165642013540044,-3.0000000000000004,-0.7520546605963139,0.0,0.0,0.0,0.0,17.0,17.0,233.56430088837652,30.082186423852555,1.3549618534450505,1.0,0.018616887309170833,1.690045306934585,0.017700000010817722,3048,wide_fast,goal
224.69977873575235,17,1,success,0.03183957040902216,0.03422511219626216,0,0,0,1.477980339792623,1.477980339792623,0,proxy_pcrb,1,17.0,132.99999884203265,17.091658175733823,17,2.709923431139068,1.0,1,13.0,100.56430204634387,12.99052824811873,13,2.757510331111275e-07,1.0,72.94857255213253,-2.4946802962257473,80.0,80.0,-2.0020588595581583,-3.0000000000000004,-0.7520546605963139,0.0,0.0,0.0,0.0,17.0,17.0,233.56430088837652,30.082186423852555,1.3549618534450505,1.0,0.020081332171239023,1.463193812066629,0.017370588252293494,3049,wide_fast,goal
224.51316659645641,17,1,success,0.041947652590089125,0.05494105863818072,0,0,0,1.7411248078587989,1.7411248078587989,0,proxy_pcrb,1,17.0,132.99999884203265,17.091658175733823,17,2.709923431139068,1.0,1,13.0,100.56430204634387,12.99052824811873,13,2.757510331111275e-07,1.0,72.94857255213253,-2.4946802962257473,80.0,80.0,-2.1886709988540525,-3.0000000000000004,-0.7520546605963139,0.0,0.0,0.0,0.0,17.0,17.0,233.56430088837652,30.082186423852555,1.3549618534450505,1.0,0.024514899666745735,1.6581824347913292,0.016199999877511907,3050,wide_fast,goal
224.4969837627939,17,1,success,0.03929452258277925,0.027608851537314766,0,0,0,2.2705958158349677,2.2705958158349677,0,proxy_pcrb,1,17.0,132.99999997407704,17.07062500706128,17,2.646599688429258,1.0,1,13.0,100.99999999999999,13.070625018192336,13,0.5012437887935568,1.0,72.81172262390358,-2.4938149909314817,80.0,80.0,-2.0673926195468586,-3.0000000000000004,-0.7535312506313407,0.0,0.0,0.0,0.0,17.0,17.0,233.999999974077,30.14125002525362,1.5739217386114075,1.0,0.01095574939641884,2.538900312931336,4.52150588235407,3001,wide_fast,sa
224.39004259391618,17,1,success,0.04156350838333302,0.022728605525882017,0,0,0,1.9693472898422646,1.9693472898422648,0,proxy_pcrb,1,17.0,132.99999997407704,17.07062500706128,17,2.646599688429258,1.0,1,13.0,100.99999999999999,13.070625018192336,13,0.5012437887935568,1.0,72.81172262390358,-2.4938149909314817,80.0,80.0,-2.1743337884245673,-3.0000000000000004,-0.7535312506313407,0.0,0.0,0.0,0.0,17.0,17.0,233.999999974077,30.14125002525362,1.5739217386114075,1.0,0.021973935811401522,2.2533514488956987,4.541394117682906,3002,wide_fast,sa
224.39898897923536,17,1,success,0.03854086435876792,0.02304716731590615,0,0,0,1.6300730260684353,1.6300730260684353,0,proxy_pcrb,1,17.0,132.99999997407704,17.07062500706128,17,2.646599688429258,1.0,1,13.0,100.99999999999999,13.070625018192336,13,0.5012437887935568,1.0,72.81172262390358,-2.4938149909314817,80.0,80.0,-2.165387403105425,-3.0000000000000004,-0.7535312506313407,0.0,0.0,0.0,0.0,17.0,17.0,233.999999974077,30.14125002525362,1.5739217386114075,1.0,0.01313610090804947,1.5069295411970747,4.577429411791159,3003,wide_fast,sa
224.32434552037364,17,1,success,0.04231245652912626,0.06426834429644412,0,0,0,1.6467969352669714,1.6467969352669714,0,proxy_pcrb,1,17.0,132.99999997407704,17.07062500706128,17,2.646599688429258,1.0,1,13.0,100.99999999999999,13.070625018192336,13,0.5012437887935568,1.0,72.81172262390358,-2.4938149909314817,80.0,80.0,-2.240030861967111,-3.0000000000000004,-0.7535312506313407,0.0,0.0,0.0,0.0,17.0,17.0,233.999999974077,30.14125002525362,1.5739217386114075,1.0,0.02396854523161547,1.618825699996357,4.858935294203762,3004,wide_fast,sa
224.40835918032286,17,1,success,0.035158131183084924,0.01920697838737965,0,0,0,1.779953018389989,1.779953018389989,0,proxy_pcrb,1,17.0,132.99999997407704,17.07062500706128,17,2.646599688429258,1.0,1,13.0,100.99999999999999,13.070625018192336,13,0.5012437887935568,1.0,72.81172262390358,-2.4938149909314817,80.0,80.0,-2.1560172020178676,-3.0000000000000004,-0.7535312506313407,0.0,0.0,0.0,0.0,17.0,17.0,233.999999974077,30.14125002525362,1.5739217386114075,1.0,0.014245563968776704,1.8248534570246866,5.224905882374408,3005,wide_fast,sa
224.37816246995303,17,1,success,0.038256324485939394,0.07929363616796983,0,0,0,1.4338550956786575,1.4338550956786575,0,proxy_pcrb,1,17.0,132.99999997407704,17.07062500706128,17,2.646599688429258,1.0,1,13.0,100.99999999999999,13.070625018192336,13,0.5012437887935568,1.0,72.81172262390358,-2.4938149909314817,80.0,80.0,-2.186213912387721,-3.0000000000000004,-0.7535312506313407,0.0,0.0,0.0,0.0,17.0,17.0,233.999999974077,30.14125002525362,1.5739217386114075,1.0,0.02052037175536826,1.5224145569345215,4.696999999984708,3006,wide_fast,sa
224.31515033403986,17,1,success,0.03872305842785139,0.03123258230588034,0,0,0,1.8175475193801756,1.8175475193801756,0,proxy_pcrb,1,17.0,132.99999997407704,17.07062500706128,17,2.646599688429258,1.0,1,13.0,100.99999999999999,13.070625018192336,13,0.5012437887935568,1.0,72.81172262390358,-2.4938149909314817,80.0,80.0,-2.2492260483009177,-3.0000000000000004,-0.7535312506313407,0.0,0.0,0.0,0.0,17.0,17.0,233.999999974077,30.14125002525362,1.5739217386114075,1.0,0.02096941160918299,2.0175290653868525,4.419305882359314,3007,wide_fast,sa
224.42144996419418,17,1,success,0.03539085753631455,0.018294616029527734,0,0,0,1.8944311988032478,1.8944311988032478,0,proxy_pcrb,1,17.0,132.99999997407704,17.07062500706128,17,2.646599688429258,1.0,1,13.0,100.99999999999999,13.070625018192336,13,0.5012437887935568,1.0,72.81172262390358,-2.4938149909314817,80.0,80.0,-2.1429264181465673,-3.0000000000000004,-0.7535312506313407,0.0,0.0,0.0,0.0,17.0,17.0,233.999999974077,30.14125002525362,1.5739217386114075,1.0,0.01730517921730782,1.7712733650918249,4.383317646951421,3008,wide_fast,sa
224.48700542562784,17,1,success,0.03656366340103029,0.03303169108819523,0,0,0,1.9045860733205542,1.9045860733205542,0,proxy_pcrb,1,17.0,132.99999997407704,17.07062500706128,17,2.646599688429258,1.0,1,13.0,100.99999999999999,13.070625018192336,13,0.5012437887935568,1.0,72.81172262390358,-2.4938149909314817,80.0,80.0,-2.0773709567129246,-3.0000000000000004,-0.7535312506313407,0.0,0.0,0.0,0.0,17.0,17.0,233.999999974077,30.14125002525362,1.5739217386114075,1.0,0.022200114461599724,2.230149044670731,4.4617235294294115,3009,wide_fast,sa
224.43778605539708,17,1,success,0.03553599375949916,0.02504722457594953,0,0,0,1.7439769187851173,1.7439769187851173,0,proxy_pcrb,1,17.0,132.99999997407704,17.07062500706128,17,2.646599688429258,1.0,1,13.0,100.99999999999999,13.070625018192336,13,0.5012437887935568,1.0,72.81172262390358,-2.4938149909314817,80.0,80.0,-2.1265903269436626,-3.0000000000000004,-0.7535312506313407,0.0,0.0,0.0,0.0,17.0,17.0,233.999999974077,30.14125002525362,1.5739217386114075,1.0,0.016111169638047436,1.7463374735221768,4.393423529376484,3010,wide_fast,sa
224.45632617560148,17,1,success,0.03206489742370663,0.03315742276652449,0,0,0,1.393068289386337,1.393068289386337,0,proxy_pcrb,1,17.0,132.99999997407704,17.07062500706128,17,2.646599688429258,1.0,1,13.0,100.99999999999999,13.070625018192336,13,0.5012437887935568,1.0,72.81172262390358,-2.4938149909314817,80.0,80.0,-2.1080502067392586,-3.0000000000000004,-0.7535312506313407,0.0,0.0,0.0,0.0,17.0,17.0,233.999999974077,30.14125002525362,1.5739217386114075,1.0,0.01584304540703646,1.4170049936263756,4.805964705851426,3011,wide_fast,sa
224.42558409323712,17,1,success,0.03455606720423993,0.016859233396007083,0,0,0,1.6394941037655542,1.639494103765554,0,proxy_pcrb,1,17.0,132.99999997407704,17.07062500706128,17,2.646599688429258,1.0,1,13.0,100.99999999999999,13.070625018192336,13,0.5012437887935568,1.0,72.81172262390358,-2.4938149909314817,80.0,80.0,-2.1387922891036317,-3.0000000000000004,-0.7535312506313407,0.0,0.0,0.0,0.0,17.0,17.0,233.999999974077,30.14125002525362,1.5739217386114075,1.0,0.01805454031779753,1.618681413548028,4.941705882468822,3012,wide_fast,sa
224.36624885080798,17,1,success,0.041804877599638295,0.03966819103902556,0,0,0,1.9722512832552341,1.9722512832552341,0,proxy_pcrb,1,17.0,132.99999997407704,17.07062500706128,17,2.646599688429258,1.0,1,13.0,100.99999999999999,13.070625018192336,13,0.5012437887935568,1.0,72.81172262390358,-2.4938149909314817,80.0,80.0,-2.1981275315327786,-3.0000000000000004,-0.7535312506313407,0.0,0.0,0.0,0.0,17.0,17.0,233.999999974077,30.14125002525362,1.5739217386114075,1.0,0.021786908450299937,2.0641154350793793,4.387258823632745,3013,wide_fast,sa
224.36878962149592,17,1,success,0.0499678616611377,0.2604973463339788,0,0,0,1.55687721467968,1.55687721467968,0,proxy_pcrb,1,17.0,132.99999997407704,17.07062500706128,17,2.646599688429258,1.0,1,13.0,100.99999999999999,13.070625018192336,13,0.5012437887935568,1.0,72.81172262390358,-2.4938149909314817,80.0,80.0,-2.195586760844823,-3.0000000000000004,-0.7535312506313407,0.0,0.0,0.0,0.0,17.0,17.0,233.999999974077,30.14125002525362,1.5739217386114075,1.0,0.017002202435992382,1.5158029645873206,4.61617647049613,3014,wide_fast,sa
224.39098145473378,17,1,success,0.03401716839950798,0.013888621065089396,0,0,0,1.6452572222269954,1.6452572222269954,0,proxy_pcrb,1,17.0,132.99999997407704,17.07062500706128,17,2.646599688429258,1.0,1,13.0,100.99999999999999,13.070625018192336,13,0.5012437887935568,1.0,72.81172262390358,-2.4938149909314817,80.0,80.0,-2.1733949276069633,-3.0000000000000004,-0.7535312506313407,0.0,0.0,0.0,0.0,17.0,17.0,233.999999974077,30.14125002525362,1.5739217386114075,1.0,0.020915767836220147,1.6348227137064257,4.444658823451712,3015,wide_fast,sa
224.37432717095234,17,1,success,0.03345591484405463,0.08602400290882789,0,0,0,1.6843984960023475,1.6843984960023475,0,proxy_pcrb,1,17.0,132.99999997407704,17.07062500706128,17,2.646599688429258,1.0,1,13.0,100.99999999999999,13.070625018192336,13,0.5012437887935568,1.0,72.81172262390358,-2.4938149909314817,80.0,80.0,-2.190049211388422,-3.0000000000000004,-0.7535312506313407,0.0,0.0,0.0,0.0,17.0,17.0,233.999999974077,30.14125002525362,1.5739217386114075,1.0,0.02192068623523294,1.620638637234327,4.382211764630697,3016,wide_fast,sa
224.4690177714557,17,1,success,0.029242023853903856,0.06850318433610425,0,0,0,1.5711270707975815,1.5711270707975815,0,proxy_pcrb,1,17.0,132.99999997407704,17.07062500706128,17,2.646599688429258,1.0,1,13.0,100.99999999999999,13.070625018192336,13,0.5012437887935568,1.0,72.81172262390358,-2.4938149909314817,80.0,80.0,-2.095358610885068,-3.0000000000000004,-0.7535312506313407,0.0,0.0,0.0,0.0,17.0,17.0,233.999999974077,30.14125002525362,1.5739217386114075,1.0,0.013723398940673726,1.6969877564680627,4.35857647067571,3017,wide_fast,sa
224.3624994871713,17,1,success,0.03894317348739971,0.027857765391221395,0,0,0,1.8265852303948047,1.8265852303948047,0,proxy_pcrb,1,17.0,132.99999997407704,17.07062500706128,17,2.646599688429258,1.0,1,13.0,100.99999999999999,13.070625018192336,13,0.5012437887935568,1.0,72.81172262390358,-2.4938149909314817,80.0,80.0,-2.201876895169463,-3.0000000000000004,-0.7535312506313407,0.0,0.0,0.0,0.0,17.0,17.0,233.999999974077,30.14125002525362,1.5739217386114075,1.0,0.01848008195030911,1.5261764986120832,4.374923529373037,3018,wide_fast,sa
224.35912084084077,17,1,success,0.0287546939410071,0.018570519547098097,0,0,0,1.7550339469532235,1.7550339469532235,0,proxy_pcrb,1,17.0,132.99999997407704,17.07062500706128,17,2.646599688429258,1.0,1,13.0,100.99999999999999,13.070625018192336,13,0.5012437887935568,1.0,72.81172262390358,-2.4938149909314817,80.0,80.0,-2.2052555414999584,-3.0000000000000004,-0.7535312506313407,0.0,0.0,0.0,0.0,17.0,17.0,233.999999974077,30.14125002525362,1.5739217386114075,1.0,0.021887659025399332,1.96136294091221,4.44609411763796,3019,wide_fast,sa
224.32233074869936,17,1,success,0.04497371179692359,0.03770606427631603,0,0,0,1.6743737362032445,1.6743737362032445,0,proxy_pcrb,1,17.0,132.99999997407704,17.07062500706128,17,2.646599688429258,1.0,1,13.0,100.99999999999999,13.070625018192336,13,0.5012437887935568,1.0,72.81172262390358,-2.4938149909314817,80.0,80.0,-2.2420456336413905,-3.0000000000000004,-0.7535312506313407,0.0,0.0,0.0,0.0,17.0,17.0,233.999999974077,30.14125002525362,1.5739217386114075,1.0,0.023838276214026045,1.460525287067054,4.708794117558521,3020,wide_fast,sa
224.4447281381012,17,1,success,0.035273795305625626,0.030462545135538498,0,0,0,1.356900970703851,1.356900970703851,0,proxy_pcrb,1,17.0,132.99999997407704,17.07062500706128,17,2.646599688429258,1.0,1,13.0,100.99999999999999,13.070625018192336,13,0.5012437887935568,1.0,72.81172262390358,-2.4938149909314817,80.0,80.0,-2.1196482442395572,-3.0000000000000004,-0.7535312506313407,0.0,0.0,0.0,0.0,17.0,17.0,233.999999974077,30.14125002525362,1.5739217386114075,1.0,0.015612257302327567,1.4194728096732883,4.855523529466368,3021,wide_fast,sa
224.41513807927134,17,1,success,0.03128100198362074,0.03013544260838349,0,0,0,1.8825457559081658,1.8825457559081655,0,proxy_pcrb,1,17.0,132.99999997407704,17.07062500706128,17,2.646599688429258,1.0,1,13.0,100.99999999999999,13.070625018192336,13,0.5012437887935568,1.0,72.81172262390358,-2.4938149909314817,80.0,80.0,-2.149238303069429,-3.0000000000000004,-0.7535312506313407,0.0,0.0,0.0,0.0,17.0,17.0,233.999999974077,30.14125002525362,1.5739217386114075,1.0,0.0210392053199425,1.9878056375912712,4.670041176509318,3022,wide_fast,sa
224.4465196623147,17,1,success,0.03374744239655652,0.0950152021223429,0,0,0,1.9264117913797831,1.9264117913797831,0,proxy_pcrb,1,17.0,132.99999997407704,17.07062500706128,17,2.646599688429258,1.0,1,13.0,100.99999999999999,13.070625018192336,13,0.5012437887935568,1.0,72.81172262390358,-2.4938149909314817,80.0,80.0,-2.1178567200260585,-3.0000000000000004,-0.7535312506313407,0.0,0.0,0.0,0.0,17.0,17.0,233.999999974077,30.14125002525362,1.5739217386114075,1.0,0.016593270548678263,2.098459427137351,5.5276235294406755,3023,wide_fast,sa
224.34942725201424,17,1,success,0.041035901162997226,0.05118073754750241,0,0,0,1.608155703890511,1.608155703890511,0,proxy_pcrb,1,17.0,132.99999997407704,17.07062500706128,17,2.646599688429258,1.0,1,13.0,100.99999999999999,13.070625018192336,13,0.5012437887935568,1.0,72.81172262390358,-2.4938149909314817,80.0,80.0,-2.214949130326534,-3.0000000000000004,-0.7535312506313407,0.0,0.0,0.0,0.0,17.0,17.0,233.999999974077,30.14125002525362,1.5739217386114075,1.0,0.016920085355339735,1.5970399389963905,5.062694117601923,3024,wide_fast,sa
224.46383860207325,17,1,success,0.038673070585857824,0.04365967346054754,0,0,0,1.3931207302011093,1.3931207302011093,0,proxy_pcrb,1,17.0,132.99999997407704,17.07062500706128,17,2.646599688429258,1.0,1,13.0,100.99999999999999,13.070625018192336,13,0.5012437887935568,1.0,72.81172262390358,-2.4938149909314817,80.0,80.0,-2.1005377802674934,-3.0000000000000004,-0.7535312506313407,0.0,0.0,0.0,0.0,17.0,17.0,233.999999974077,30.14125002525362,1.5739217386114075,1.0,0.019535709983834013,1.360871279615845,4.523752941114414,3025,wide_fast,sa
224.30426758167647,17,1,success,0.03459056737079944,0.11685568510135423,0,0,0,1.8379776287441043,1.8379776287441043,0,proxy_pcrb,1,17.0,132.99999997407704,17.07062500706128,17,2.646599688429258,1.0,1,13.0,100.99999999999999,13.070625018192336,13,0.5012437887935568,1.0,72.81172262390358,-2.4938149909314817,80.0,80.0,-2.260108800664292,-3.0000000000000004,-0.7535312506313407,0.0,0.0,0.0,0.0,17.0,17.0,233.999999974077,30.14125002525362,1.5739217386114075,1.0,0.016846271022023393,2.08312749738358,4.798417647073031,3026,wide_fast,sa
224.29991102855467,17,1,success,0.04660298717864866,0.02076266274974467,0,0,0,1.81242717747169,1.81242717747169,0,proxy_pcrb,1,17.0,132.99999997407704,17.07062500706128,17,2.646599688429258,1.0,1,13.0,100.99999999999999,13.070625018192336,13,0.5012437887935568,1.0,72.81172262390358,-2.4938149909314817,80.0,80.0,-2.2644653537861035,-3.0000000000000004,-0.7535312506313407,0.0,0.0,0.0,0.0,17.0,17.0,233.999999974077,30.14125002525362,1.5739217386114075,1.0,0.028748910225251688,1.7291700352134116,4.65375882349155,3027,wide_fast,sa
224.23339161156224,17,1,success,0.04205291955351628,0.02920878715694393,0,0,0,1.484270218634939,1.484270218634939,0,proxy_pcrb,1,17.0,132.99999997407704,17.07062500706128,17,2.646599688429258,1.0,1,13.0,100.99999999999999,13.070625018192336,13,0.5012437887935568,1.0,72.81172262390358,-2.4938149909314817,80.0,80.0,-2.330984770778485,-3.0000000000000004,-0.7535312506313407,0.0,0.0,0.0,0.0,17.0,17.0,233.999999974077,30.14125002525362,1.5739217386114075,1.0,0.02559361869168521,1.4136548086711234,4.566570588394825,3028,wide_fast,sa
224.36879294710081,17,1,success,0.036660318432289764,0.029186354619215073,0,0,0,1.7130693923197564,1.7130693923197564,0,proxy_pcrb,1,17.0,132.99999997407704,17.07062500706128,17,2.646599688429258,1.0,1,13.0,100.99999999999999,13.070625018192336,13,0.5012437887935568,1.0,72.81172262390358,-2.4938149909314817,80.0,80.0,-2.1955834352399237,-3.0000000000000004,-0.7535312506313407,0.0,0.0,0.0,0.0,17.0,17.0,233.999999974077,30.14125002525362,1.5739217386114075,1.0,0.021164089856494518,1.8417463142940822,5.378805882601762,3029,wide_fast,sa
224.3375459232991,17,1,success,0.04544796397921649,0.033843816922927525,0,0,0,1.783584493401767,1.7835844934017668,0,proxy_pcrb,1,17.0,132.99999997407704,17.07062500706128,17,2.646599688429258,1.0,1,13.0,100.99999999999999,13.070625018192336,13,0.5012437887935568,1.0,72.81172262390358,-2.4938149909314817,80.0,80.0,-2.2268304590416337,-3.0000000000000004,-0.7535312506313407,0.0,0.0,0.0,0.0,17.0,17.0,233.999999974077,30.14125002525362,1.5739217386114075,1.0,0.020689975735342387,1.8297473624673584,4.710776470721398,3030,wide_fast,sa
224.41425284210294,17,1,success,0.03944847995720542,0.014943827895891292,0,0,0,1.7334614633234209,1.7334614633234209,0,proxy_pcrb,1,17.0,132.99999997407704,17.07062500706128,17,2.646599688429258,1.0,1,13.0,100.99999999999999,13.070625018192336,13,0.5012437887935568,1.0,72.81172262390358,-2.4938149909314817,80.0,80.0,-2.1501235402377894,-3.0000000000000004,-0.7535312506313407,0.0,0.0,0.0,0.0,17.0,17.0,233.999999974077,30.14125002525362,1.5739217386114075,1.0,0.01703386228216077,1.4328518819243488,4.360852941264217,3031,wide_fast,sa
224.35997021210136,17,1,success,0.038850431994629654,0.05075678127188965,0,0,0,1.6374256254136257,1.6374256254136255,0,proxy_pcrb,1,17.0,132.99999997407704,17.07062500706128,17,2.646599688429258,1.0,1,13.0,100.99999999999999,13.070625018192336,13,0.5012437887935568,1.0,72.81172262390358,-2.4938149909314817,80.0,80.0,-2.204406170239379,-3.0000000000000004,-0.7535312506313407,0.0,0.0,0.0,0.0,17.0,17.0,233.999999974077,30.14125002525362,1.5739217386114075,1.0,0.022660904608927526,1.6414833693348,4.361888235240151,3032,wide_fast,sa
224.37515234301205,17,1,success,0.038814771460212616,0.03396950166555588,0,0,0,1.6638897810726545,1.6638897810726543,0,proxy_pcrb,1,17.0,132.99999997407704,17.07062500706128,17,2.646599688429258,1.0,1,13.0,100.99999999999999,13.070625018192336,13,0.5012437887935568,1.0,72.81172262390358,-2.4938149909314817,80.0,80.0,-2.1892240393287077,-3.0000000000000004,-0.7535312506313407,0.0,0.0,0.0,0.0,17.0,17.0,233.999999974077,30.14125002525362,1.5739217386114075,1.0,0.01740325812304558,1.3607200550669927,4.544047058890796,3033,wide_fast,sa
224.32724142540349,17,1,success,0.042319968151740724,0.09562065321598755,0,0,0,2.00118266668647,2.00118266668647,0,proxy_pcrb,1,17.0,132.99999997407704,17.07062500706128,17,2.646599688429258,1.0,1,13.0,100.99999999999999,13.070625018192336,13,0.5012437887935568,1.0,72.81172262390358,-2.4938149909314817,80.0,80.0,-2.237134956937265,-3.0000000000000004,-0.7535312506313407,0.0,0.0,0.0,0.0,17.0,17.0,233.999999974077,30.14125002525362,1.5739217386114075,1.0,0.025371949277464688,1.8434310750186602,4.371029411606073,3034,wide_fast,sa
224.44069051432297,17,1,success,0.03647136087029545,0.04207262219056189,0,0,0,1.5360430342454647,1.5360430342454647,0,proxy_pcrb,1,17.0,132.99999997407704,17.07062500706128,17,2.646599688429258,1.0,1,13.0,100.99999999999999,13.070625018192336,13,0.5012437887935568,1.0,72.81172262390358,-2.4938149909314817,80.0,80.0,-2.123685868017809,-3.0000000000000004,-0.7535312506313407,0.0,0.0,0.0,0.0,17.0,17.0,233.999999974077,30.14125002525362,1.5739217386114075,1.0,0.0199045585633013,1.6621664811603976,4.476552941121233,3035,wide_fast,sa
224.5777254314475,17,1,success,0.03321009984782018,0.07348222464635148,0,0,0,1.7018740488873683,1.7018740488873683,0,proxy_pcrb,1,17.0,132.99999997407704,17.07062500706128,17,2.646599688429258,1.0,1,13.0,100.99999999999999,13.070625018192336,13,0.5012437887935568,1.0,72.81172262390358,-2.4938149909314817,80.0,80.0,-1.9866509508932713,-3.0000000000000004,-0.7535312506313407,0.0,0.0,0.0,0.0,17.0,17.0,233.999999974077,30.14125002525362,1.5739217386114075,1.0,0.017653913691848162,1.6179501424871068,4.387641176596363,3036,wide_fast,sa
224.26242194195083,17,1,success,0.03769478301658357,0.052315481183696555,0,0,0,1.4293927407587002,1.4293927407587,0,proxy_pcrb,1,17.0,132.99999997407704,17.07062500706128,17,2.646599688429258,1.0,1,13.0,100.99999999999999,13.070625018192336,13,0.5012437887935568,1.0,72.81172262390358,-2.4938149909314817,80.0,80.0,-2.3019544403899337,-3.0000000000000004,-0.7535312506313407,0.0,0.0,0.0,0.0,17.0,17.0,233.999999974077,30.14125002525362,1.5739217386114075,1.0,0.017529571958110456,1.4736673871144743,4.388829411843343,3037,wide_fast,sa
224.43675373129307,17,1,success,0.031072392846654157,0.033204095520000566,0,0,0,1.8905537809142352,1.8905537809142352,0,proxy_pcrb,1,17.0,132.99999997407704,17.07062500706128,17,2.646599688429258,1.0,1,13.0,100.99999999999999,13.070625018192336,13,0.5012437887935568,1.0,72.81172262390358,-2.4938149909314817,80.0,80.0,-2.1276226510476897,-3.0000000000000004,-0.7535312506313407,0.0,0.0,0.0,0.0,17.0,17.0,233.999999974077,30.14125002525362,1.5739217386114075,1.0,0.015413833135084437,1.98853573835456,4.401623529541693,3038,wide_fast,sa
224.39784261666222,17,1,success,0.040673038279954575,0.030576303421914475,0,0,0,1.9513919296323787,1.9513919296323787,0,proxy_pcrb,1,17.0,132.99999997407704,17.07062500706128,17,2.646599688429258,1.0,1,13.0,100.99999999999999,13.070625018192336,13,0.5012437887935568,1.0,72.81172262390358,-2.4938149909314817,80.0,80.0,-2.166533765678544,-3.0000000000000004,-0.7535312506313407,0.0,0.0,0.0,0.0,17.0,17.0,233.999999974077,30.14125002525362,1.5739217386114075,1.0,0.026191455912453154,2.1034336548286516,4.367588235254516,3039,wide_fast,sa
224.3362153141657,17,1,success,0.04129073939558614,0.031026317759942752,0,0,0,1.563458922244608,1.5634589222446085,0,proxy_pcrb,1,17.0,132.99999997407704,17.07062500706128,17,2.646599688429258,1.0,1,13.0,100.99999999999999,13.070625018192336,13,0.5012437887935568,1.0,72.81172262390358,-2.4938149909314817,80.0,80.0,-2.2281610681750514,-3.0000000000000004,-0.7535312506313407,0.0,0.0,0.0,0.0,17.0,17.0,233.999999974077,30.14125002525362,1.5739217386114075,1.0,0.021885409385495706,1.4499813221838551,4.389282352937752,3040,wide_fast,sa
224.26335482206883,17,1,success,0.04331175842964931,0.07824170653539887,0,0,0,2.0528063014954347,2.0528063014954347,0,proxy_pcrb,1,17.0,132.99999997407704,17.07062500706128,17,2.646599688429258,1.0,1,13.0,100.99999999999999,13.070625018192336,13,0.5012437887935568,1.0,72.81172262390358,-2.4938149909314817,80.0,80.0,-2.301021560271946,-3.0000000000000004,-0.7535312506313407,0.0,0.0,0.0,0.0,17.0,17.0,233.999999974077,30.14125002525362,1.5739217386114075,1.0,0.02667949115751291,1.6508626026954443,4.419523529416919,3041,wide_fast,sa
224.40078419486304,17,1,success,0.0395926917448573,0.025702985563894182,0,0,0,2.0784680883188282,2.0784680883188282,0,proxy_pcrb,1,17.0,132.99999997407704,17.07062500706128,17,2.646599688429258,1.0,1,13.0,100.99999999999999,13.070625018192336,13,0.5012437887935568,1.0,72.81172262390358,-2.4938149909314817,80.0,80.0,-2.163592187477749,-3.0000000000000004,-0.7535312506313407,0.0,0.0,0.0,0.0,17.0,17.0,233.999999974077,30.14125002525362,1.5739217386114075,1.0,0.022228403869370104,1.9445247842277906,4.409082352942598,3042,wide_fast,sa
224.29152885499974,17,1,success,0.04144453603568909,0.05163702459124302,0,0,0,2.2179002758374335,2.2179002758374335,0,proxy_pcrb,1,17.0,132.99999997407704,17.07062500706128,17,2.646599688429258,1.0,1,13.0,100.99999999999999,13.070625018192336,13,0.5012437887935568,1.0,72.81172262390358,-2.4938149909314817,80.0,80.0,-2.2728475273410065,-3.0000000000000004,-0.7535312506313407,0.0,0.0,0.0,0.0,17.0,17.0,233.999999974077,30.14125002525362,1.5739217386114075,1.0,0.020869475759351486,2.195480803851802,4.430482352932707,3043,wide_fast,sa
224.27792734594823,17,1,success,0.04425502581695012,0.034419215442561255,0,0,0,1.737687871935236,1.737687871935236,0,proxy_pcrb,1,17.0,132.99999997407704,17.07062500706128,17,2.646599688429258,1.0,1,13.0,100.99999999999999,13.070625018192336,13,0.5012437887935568,1.0,72.81172262390358,-2.4938149909314817,80.0,80.0,-2.286449036392539,-3.0000000000000004,-0.7535312506313407,0.0,0.0,0.0,0.0,17.0,17.0,233.999999974077,30.14125002525362,1.5739217386114075,1.0,0.022532164095094964,1.5053532241093495,4.434299999903648,3044,wide_fast,sa
224.43532317492605,17,1,success,0.0338972659489956,0.012679939737374812,0,0,0,1.7339145039964272,1.7339145039964272,0,proxy_pcrb,1,17.0,132.99999997407704,17.07062500706128,17,2.646599688429258,1.0,1,13.0,100.99999999999999,13.070625018192336,13,0.5012437887935568,1.0,72.81172262390358,-2.4938149909314817,80.0,80.0,-2.129053207414711,-3.0000000000000004,-0.7535312506313407,0.0,0.0,0.0,0.0,17.0,17.0,233.999999974077,30.14125002525362,1.5739217386114075,1.0,0.01748045676837212,1.8238381429871187,4.424082352938164,3045,wide_fast,sa
224.42714765265498,17,1,success,0.040698419780166965,0.03567967408950717,0,0,0,1.3668311810101479,1.366831181010148,0,proxy_pcrb,1,17.0,132.99999997407704,17.07062500706128,17,2.646599688429258,1.0,1,13.0,100.99999999999999,13.070625018192336,13,0.5012437887935568,1.0,72.81172262390358,-2.4938149909314817,80.0,80.0,-2.137228729685777,-3.0000000000000004,-0.7535312506313407,0.0,0.0,0.0,0.0,17.0,17.0,233.999999974077,30.14125002525362,1.5739217386114075,1.0,0.025236914916609864,1.4331403741097433,4.437717647092273,3046,wide_fast,sa
224.41232549748548,17,1,success,0.036162323675243746,0.0839671767822019,0,0,0,1.9490814802915575,1.9490814802915575,0,proxy_pcrb,1,17.0,132.99999997407704,17.07062500706128,17,2.646599688429258,1.0,1,13.0,100.99999999999999,13.070625018192336,13,0.5012437887935568,1.0,72.81172262390358,-2.4938149909314817,80.0,80.0,-2.1520508848552824,-3.0000000000000004,-0.7535312506313407,0.0,0.0,0.0,0.0,17.0,17.0,233.999999974077,30.14125002525362,1.5739217386114075,1.0,0.02095802052812346,1.627068228474707,4.41767647065289,3047,wide_fast,sa
224.40277187432036,17,1,success,0.04029236482764999,0.05089938185417135,0,0,0,1.8470328657505177,1.8470328657505177,0,proxy_pcrb,1,17.0,132.99999997407704,17.07062500706128,17,2.646599688429258,1.0,1,13.0,100.99999999999999,13.070625018192336,13,0.5012437887935568,1.0,72.81172262390358,-2.4938149909314817,80.0,80.0,-2.1616045080204076,-3.0000000000000004,-0.7535312506313407,0.0,0.0,0.0,0.0,17.0,17.0,233.999999974077,30.14125002525362,1.5739217386114075,1.0,0.018605632202480103,1.690045306934585,4.431576470671964,3048,wide_fast,sa
224.56489880566937,17,1,success,0.03187218712368479,0.03422631942588117,0,0,0,1.477980339792623,1.477980339792623,0,proxy_pcrb,1,17.0,132.99999997407704,17.07062500706128,17,2.646599688429258,1.0,1,13.0,100.99999999999999,13.070625018192336,13,0.5012437887935568,1.0,72.81172262390358,-2.4938149909314817,80.0,80.0,-1.999477576671379,-3.0000000000000004,-0.7535312506313407,0.0,0.0,0.0,0.0,17.0,17.0,233.999999974077,30.14125002525362,1.5739217386114075,1.0,0.02006351261377732,1.463193812066629,4.437952941075577,3049,wide_fast,sa
224.38183696202736,17,1,success,0.0419965114911005,0.05494793087088062,0,0,0,1.7411248078587989,1.7411248078587989,0,proxy_pcrb,1,17.0,132.99999997407704,17.07062500706128,17,2.646599688429258,1.0,1,13.0,100.99999999999999,13.070625018192336,13,0.5012437887935568,1.0,72.81172262390358,-2.4938149909314817,80.0,80.0,-2.182539420313409,-3.0000000000000004,-0.7535312506313407,0.0,0.0,0.0,0.0,17.0,17.0,233.999999974077,30.14125002525362,1.5739217386114075,1.0,0.024476161542026302,1.6581824347913292,4.401558823541135,3050,wide_fast,sa
-67.95334722770839,100,0,deadline,0.042260446947581416,0.2800298237048724,0,0,75,1.8609235762792684,1.8609235762792684,0,proxy_pcrb,0,,236.37611738705886,66.055154059834,100,60.90759754383092,1.0,1,13.0,100.99999999999999,18.672194639462468,13,3.580501194920983,1.0,53.642892854675786,-10.147790825945435,40.0,0.0,-13.0302655389563,-11.299999999999976,-2.118183717482412,0.0,0.0,-75.0,-50.0,100.0,,337.37611738705886,84.72734869929647,32.24404936937595,1.0,0.010875118991595756,2.538900312931336,0.16308600001138984,3001,wide_fast,mappo
-67.29645497507967,100,0,deadline,0.038995706922630054,0.15191468631955374,0,0,75,1.8391200826292928,1.8391200826292928,0,proxy_pcrb,0,,235.9523409309812,65.19787044295116,100,60.923484611852416,1.0,1,13.0,101.0,18.647224717360825,13,3.254319196106837,1.0,53.73986002054847,-10.144426860023339,40.0,0.0,-12.495760756596942,-11.299999999999976,-2.0961273790078003,0.0,0.0,-75.0,-50.0,100.0,,336.9523409309812,83.84509516031198,32.088901903979625,1.0,0.02235583665086281,2.2533514488956987,0.16168500001185748,3002,wide_fast,mappo
-67.74712482680168,100,0,deadline,0.05302456263453593,0.2187183844136081,0,0,75,1.8083954903648982,1.8083954903648982,0,proxy_pcrb,0,,236.10422324509966,65.95093791478176,100,60.869683740098864,1.0,1,13.0,101.0,18.666202725490027,13,3.2413303917347567,1.0,53.760731794337694,-10.144947505214757,40.0,0.0,-12.947480599917805,-11.299999999999976,-2.115428516006794,0.0,0.0,-75.0,-50.0,100.0,,337.10422324509966,84.61714064027178,32.055507065916814,1.0,0.014309389359332686,1.5069295411970747,0.16207699997721647,3003,wide_fast,mappo
-67.52470863297901,100,0,deadline,0.048287443878319396,0.21886327866921707,0,0,75,1.730787231325409,1.730787231325409,0,proxy_pcrb,0,,235.82360490456452,65.0522495693245,100,60.91977163423441,1.0,1,13.0,101.0,18.70480969629503,13,3.403156943136577,1.0,53.69450853010726,-10.145972713717484,40.0,0.0,-12.679317967728316,-11.299999999999976,-2.0939264816404886,0.0,0.0,-75.0,-50.0,100.0,,336.8236049045645,83.75705926561953,32.161464288685494,1.0,0.02574437779883108,1.618825699996357,0.1586900000438618,3004,wide_fast,mappo
-67.42521027598357,100,0,deadline,0.045311273566502705,0.12241116096336084,0,0,75,1.8300204846763293,1.8300204846763293,0,proxy_pcrb,0,,237.28304722857294,64.78235046037624,100,60.925349308886716,1.0,1,13.0,101.0,18.68171391589829,13,3.4268146836077933,1.0,53.68537246288118,-10.145922440719247,40.0,0.0,-12.57805868873865,-11.299999999999976,-2.0866016094068636,0.0,0.0,-75.0,-50.0,100.0,,338.28304722857297,83.46406437627452,32.176081996247255,1.0,0.015689071235539576,1.8248534570246866,0.16065499999058375,3005,wide_fast,mappo
-67.67360621898258,100,0,deadline,0.048598241586368884,0.3631603614321933,0,0,75,1.6692156757631393,1.6692156757631393,0,proxy_pcrb,0,,236.40012384597156,65.06366569700482,100,60.92387281494709,1.0,1,13.0,100.99999999999999,18.759457957489023,13,3.8294002255240027,1.0,53.56002588538852,-10.151486090480942,40.0,0.0,-12.686567922527798,-11.299999999999976,-2.095578091362347,0.0,0.0,-75.0,-50.0,100.0,,337.40012384597156,83.82312365449384,32.37663652023554,1.0,0.020953007259266344,1.5224145569345215,0.1628059999893594,3006,wide_fast,mappo
-67.21649386961379,100,0,deadline,0.038357780434512774,0.11033960023058975,0,0,75,1.795935635802226,1.795935635802226,0,proxy_pcrb,0,,236.36279304460518,64.71876595482682,100,60.92062626213308,1.0,1,13.0,101.0,18.68253544611332,13,3.130834393022265,1.0,53.77934225579966,-10.143989408776157,40.0,0.0,-12.46681418161379,-11.299999999999976,-2.085032535023504,0.0,0.0,-75.0,-50.0,100.0,,337.36279304460516,83.40130140094014,32.02573032757767,1.0,0.02139130188859206,2.0175290653868525,0.1629169999887381,3007,wide_fast,mappo
-67.40196209674212,100,0,deadline,0.041544439183146965,0.31947858428927123,0,0,75,1.6815037019384234,1.6815037019384231,0,proxy_pcrb,0,,236.17815849718085,65.26496487844582,100,60.95046395874605,1.0,1,13.0,100.99999999999999,18.688427863723696,13,3.121364059194224,1.0,53.77297745492934,-10.145311877641156,40.0,0.0,-12.63079285547612,-11.299999999999976,-2.0988348185542383,0.0,0.0,-75.0,-50.0,100.0,,337.17815849718085,83.95339274216951,32.03591400897014,1.0,0.018212507684234575,1.7712733650918249,0.16010100002858962,3008,wide_fast,mappo
-67.72783674374244,100,0,deadline,0.05312555004646077,0.36211757744507,0,0,75,1.8391236407266895,1.8391236407266895,0,proxy_pcrb,0,,236.3877756718308,66.0904272734552,100,60.89181258756189,1.0,1,13.0,101.0,18.691807752937585,13,3.218698900056396,1.0,53.76088887065503,-10.14512857530984,40.0,0.0,-12.924041163427763,-11.299999999999976,-2.1195558756598194,0.0,0.0,-75.0,-50.0,100.0,,337.3877756718308,84.78223502639278,32.05525574380914,1.0,0.022851828217073062,2.230149044670731,0.15942099994390446,3009,wide_fast,mappo
-67.60118114837604,100,0,deadline,0.03873475812417237,0.2647880121519832,0,0,75,1.7214000091617951,1.7214000091617951,0,proxy_pcrb,0,,236.42668612251427,65.41813191224685,100,60.92737678737244,1.0,1,13.0,101.0,18.754059035137985,13,3.6577722827443333,1.0,53.61256462612418,-10.148314819369482,40.0,0.0,-12.661126181446166,-11.299999999999976,-2.1043047736846208,0.0,0.0,-75.0,-50.0,100.0,,337.4266861225143,84.17219094738483,32.292574535058385,1.0,0.01631972505048971,1.7463374735221768,0.16122600003654952,3010,wide_fast,mappo
-67.66833736100952,100,0,deadline,0.039587680522754576,0.2844622321122854,0,0,75,1.729203365738266,1.7292033657382657,0,proxy_pcrb,0,,236.24645637436598,66.01180252556733,100,60.90161447893798,1.0,1,13.0,101.00000000000001,18.70493852364136,13,3.1041263107668837,1.0,53.793629713752956,-10.144511523033733,40.0,0.0,-12.8995370254985,-11.299999999999976,-2.117918526230217,0.0,0.0,-75.0,-50.0,100.0,,337.246456374366,84.7167410492087,32.00287039485243,1.0,0.016092889425800942,1.4170049936263756,0.16238700001849793,3011,wide_fast,mappo
-67.22892866103645,100,0,deadline,0.0353069075112908,0.08180062061295221,0,0,75,1.577886410700914,1.577886410700914,0,proxy_pcrb,0,,235.29216492148183,64.93316736485875,100,60.94363917568594,1.0,1,13.0,101.0,18.6856481268364,13,3.00233728457641,1.0,53.81230606670369,-10.144516752052803,40.0,0.0,-12.506247588395018,-11.299999999999976,-2.090470387292378,0.0,0.0,-75.0,-50.0,100.0,,336.2921649214818,83.61881549169514,31.972988230131175,1.0,0.019100478860270033,1.618681413548028,0.15771100001074956,3012,wide_fast,mappo
-67.40963564681387,100,0,deadline,0.04774534810062251,0.44102233601452967,0,0,75,1.8043711937836378,1.8043711937836378,0,proxy_pcrb,0,,236.33030122683144,65.06065239192071,100,60.903563988428516,1.0,1,13.0,100.99999999999999,18.663889267171356,13,3.292966184585752,1.0,53.734008031468704,-10.148394339815535,40.0,0.0,-12.602135796989755,-11.299999999999976,-2.0931135414773023,0.0,0.0,-75.0,-50.0,100.0,,337.3303012268314,83.72454165909207,32.09826508650713,1.0,0.023849018666365886,2.0641154350793793,0.16007399998670735,3013,wide_fast,mappo
-67.16598755685956,100,0,deadline,0.04099820323533276,0.32697061037583536,0,0,75,1.7470737922045643,1.7470737922045643,0,proxy_pcrb,0,,235.69586266346292,64.60925495815543,100,60.9504468840448,1.0,1,13.0,101.0,18.6478777808568,13,3.017425700716138,1.0,53.805463527797926,-10.144434940648049,40.0,0.0,-12.445587825534133,-11.299999999999976,-2.0814283184753064,0.0,0.0,-75.0,-50.0,100.0,,336.6958626634629,83.25713273901223,31.98393629238047,1.0,0.01774446641356667,1.5158029645873206,0.15983400004188297,3014,wide_fast,mappo
-67.52968323600496,100,0,deadline,0.04805551739034363,0.24529667713610975,0,0,75,1.7787163323132351,1.7787163323132353,0,proxy_pcrb,0,,236.3826545123688,65.19546110533072,100,60.918053957497804,1.0,1,13.0,101.0,18.686164713821746,13,3.275631210795548,1.0,53.734897095444076,-10.145692109165935,40.0,0.0,-12.721847576804269,-11.299999999999976,-2.0970406454788106,0.0,0.0,-75.0,-50.0,100.0,,337.3826545123688,83.88162581915248,32.09684258414668,1.0,0.02180053395050981,1.6348227137064257,0.16082300006019068,3015,wide_fast,mappo
-67.18926936609382,100,0,deadline,0.04281236903783488,0.13254371909505708,0,0,75,1.6734802273629892,1.6734802273629892,0,proxy_pcrb,0,,236.14631145198106,64.44956422302512,100,60.92912826027942,1.0,1,13.0,101.0,18.646445096460393,13,3.438692108751749,1.0,53.68047984521343,-10.147069005878055,40.0,0.0,-12.345279972442087,-11.299999999999976,-2.077400232987139,0.0,0.0,-75.0,-50.0,100.0,,337.1463114519811,83.09600931948552,32.18391018451558,1.0,0.022709955016231548,1.620638637234327,0.15657800005101308,3016,wide_fast,mappo
-67.28969639572377,100,0,deadline,0.043292767675909866,0.24511573587977908,0,0,75,1.9016181176213456,1.9016181176213456,0,proxy_pcrb,0,,235.82634327892427,65.10967376618554,100,60.918787992587525,1.0,1,13.0,101.0,18.836234581369155,13,2.9349864586238867,1.0,53.84111919453213,-10.146037658378768,40.0,0.0,-12.586130223188244,-11.299999999999976,-2.098647708688868,0.0,0.0,-75.0,-50.0,100.0,,336.82634327892424,83.94590834755469,31.926887225605707,1.0,0.014299508222168637,1.6969877564680627,0.1567619999696035,3017,wide_fast,mappo
-67.57787641464665,100,0,deadline,0.04746505321363651,0.19265886672535254,0,0,75,1.7456071733422223,1.7456071733422223,0,proxy_pcrb,0,,236.00216952131981,65.2829156539841,100,60.893821227459796,1.0,1,13.0,101.0,18.73138912555955,13,3.484252797348743,1.0,53.67727557778306,-10.147757238296059,40.0,0.0,-12.70703713464509,-11.299999999999976,-2.100357619488592,0.0,0.0,-75.0,-50.0,100.0,,337.00216952131984,84.01430477954365,32.18903701240427,1.0,0.020033012049990688,1.5261764986120832,0.16197800004192686,3018,wide_fast,mappo
-67.29323419067528,100,0,deadline,0.03873365031830993,0.20115377264781908,0,0,75,1.7977129277679296,1.7977129277679296,0,proxy_pcrb,0,,235.85637471928047,64.9601021988466,100,60.91889268691414,1.0,1,13.0,101.0,18.672423829351228,13,3.414119013121593,1.0,53.691357554274546,-10.147496589448037,40.0,0.0,-12.44628200479683,-11.299999999999976,-2.090813150704945,0.0,0.0,-75.0,-50.0,100.0,,336.85637471928044,83.63252602819783,32.16650585001787,1.0,0.022687452557937242,1.96136294091221,0.16019999996387924,3019,wide_fast,mappo
-67.41997195590831,100,0,deadline,0.044055330065118185,0.14167325422975044,0,0,75,1.7456919943582427,1.7456919943582427,0,proxy_pcrb,0,,236.82668977120534,64.73625664550458,100,60.92844356037511,1.0,1,13.0,101.0,18.745905296057757,13,3.6013310503319222,1.0,53.629869144689756,-10.146328400453516,40.0,0.0,-12.516458651605472,-11.299999999999976,-2.08705404853906,0.0,0.0,-75.0,-50.0,100.0,,337.82668977120534,83.48216194156234,32.26488730535352,1.0,0.02524471971032032,1.460525287067054,0.15760999996018654,3020,wide_fast,mappo
-67.2659901791288,100,0,deadline,0.03527637811309163,0.16795307186179073,0,0,75,1.6119168084148794,1.6119168084148794,0,proxy_pcrb,0,,236.2964703809414,64.92853907542566,100,60.89228046647711,1.0,1,13.0,101.00000000000001,18.664464247566528,13,3.191174684098378,1.0,53.7693439759809,-10.145761101895037,40.0,0.0,-12.499747970139824,-11.299999999999976,-2.089825083074805,0.0,0.0,-75.0,-50.0,100.0,,337.2964703809414,83.59300332299219,32.041727575287744,1.0,0.01625914992985178,1.4194728096732883,0.16553699997530202,3021,wide_fast,mappo
-67.72343891322754,100,0,deadline,0.04770818435689944,0.4120570084048861,0,0,75,1.8656806370737515,1.8656806370737515,0,proxy_pcrb,0,,236.53843131975637,65.69740924027963,100,60.92944421424338,1.0,1,13.0,101.0,18.771007349186327,13,3.1065626305757,1.0,53.78417157152974,-10.145225051549478,40.0,0.0,-12.9506750184712,-11.299999999999976,-2.111710414736648,0.0,0.0,-75.0,-50.0,100.0,,337.53843131975634,84.46841658946596,32.01800342240954,1.0,0.02188341911211745,1.9878056375912712,0.1611210000282881,3022,wide_fast,mappo
-67.68866075354538,100,0,deadline,0.04059864985078887,0.15834919506596934,0,0,75,1.7410981372810959,1.7410981372810959,0,proxy_pcrb,0,,235.90219139476434,65.33444311112538,100,60.926231988130255,1.0,1,13.0,101.00000000000003,18.770790262164823,13,3.6776728491324064,1.0,53.60670344889111,-10.148397839293114,40.0,0.0,-12.744335528811126,-11.299999999999976,-2.102630834332255,0.0,0.0,-75.0,-50.0,100.0,,336.9021913947644,84.1052333732902,32.30195241863133,1.0,0.017405734388411365,2.098459427137351,0.1766179999231099,3023,wide_fast,mappo
-67.1796704861587,100,0,deadline,0.041542675425836825,0.38136300355652053,0,0,75,1.756691497658473,1.756691497658473,0,proxy_pcrb,0,,235.7970389796269,64.45458673137445,100,60.90238910518744,1.0,1,13.0,100.99999999999999,18.75603207715185,13,3.4640004710792267,1.0,53.6809269679524,-10.148537811700091,40.0,0.0,-12.331794172197796,-11.299999999999976,-2.080265470213158,0.0,0.0,-75.0,-50.0,100.0,,336.7970389796269,83.2106188085263,32.183194788133335,1.0,0.017652324212537332,1.5970399389963905,0.1660590000483353,3024,wide_fast,mappo
-67.61225445041887,100,0,deadline,0.044888180919985726,0.2452030541909991,0,0,75,1.6734067330735365,1.6734067330735365,0,proxy_pcrb,0,,235.94879690886515,65.45052517937758,100,60.90970431970139,1.0,1,13.0,101.0,18.759550294069424,13,3.3207359249424178,1.0,53.72341113408454,-10.146081576978359,40.0,0.0,-12.784332120688847,-11.299999999999976,-2.1052518868361765,0.0,0.0,-75.0,-50.0,100.0,,336.9487969088651,84.210075473447,32.1152201223219,1.0,0.019968497960926004,1.360871279615845,0.16937700002927158,3025,wide_fast,mappo
-67.09994935063852,100,0,deadline,0.04534710236957345,0.1498997127282266,0,0,75,1.729675390728093,1.729675390728093,0,proxy_pcrb,0,,236.26979217385255,64.44753813612398,100,60.938602685673764,1.0,1,13.0,101.0,18.716269289114138,13,3.2281290113802013,1.0,53.74332005520634,-10.145171933806338,40.0,0.0,-12.319002286407544,-11.299999999999976,-2.079095185630954,0.0,0.0,-75.0,-50.0,100.0,,337.2697921738526,83.16380742523812,32.08336584852698,1.0,0.01778587182033923,2.08312749738358,0.17043699997884687,3026,wide_fast,mappo
-67.28184321850917,100,0,deadline,0.04354277428408421,0.22470073668242824,0,0,75,1.86819672241416,1.86819672241416,0,proxy_pcrb,0,,235.74124735395247,64.56702303836224,100,60.89055665311347,1.0,1,13.0,101.0,18.74916527280681,13,3.2046584923262778,1.0,53.765668977585804,-10.144616737576715,40.0,0.0,-12.519990750738986,-11.299999999999976,-2.0829047077792264,0.0,0.0,-75.0,-50.0,100.0,,336.7412473539525,83.31618831116904,32.047607572719876,1.0,0.030495425710198264,1.7291700352134116,0.1600909999342548,3027,wide_fast,mappo
-67.72910177187966,100,0,deadline,0.05216294238923254,0.8691724696595582,0,0,75,1.7937734493951836,1.7937734493951836,0,proxy_pcrb,0,,236.70229220115507,65.36933296223715,100,60.89985947382616,1.0,1,13.0,101.00000000000001,18.652635201698224,13,3.178670486566494,1.0,53.770883097913,-10.144155673896062,40.0,0.0,-12.955279991798227,-11.299999999999976,-2.1005492040983857,0.0,0.0,-75.0,-50.0,100.0,,337.7022922011551,84.02196816393538,32.03926498019633,1.0,0.027485587670584795,1.4136548086711234,0.16869600000063656,3028,wide_fast,mappo
-67.60389189285088,100,0,deadline,0.04028199643901449,0.15694364013380951,0,0,75,1.7268416196363545,1.7268416196363545,0,proxy_pcrb,0,,235.92164928415008,65.52967177086514,100,60.925940343761496,1.0,1,13.0,101.0,18.667793783264617,13,3.0716382470178702,1.0,53.7961804009172,-10.145838368859986,40.0,0.0,-12.849297286054828,-11.299999999999976,-2.104936638853244,0.0,0.0,-75.0,-50.0,100.0,,336.9216492841501,84.19746555412975,31.998789295389685,1.0,0.022012211671465515,1.8417463142940822,0.16226799996729824,3029,wide_fast,mappo
-67.30216866338158,100,0,deadline,0.04694808554622475,0.39946994187249574,0,0,75,1.7675973097624194,1.7675973097624194,0,proxy_pcrb,0,,235.38241117873682,64.80662003772674,100,60.87753751059734,1.0,1,13.0,100.99999999999997,18.650222458689125,13,3.3084219305798293,1.0,53.737311385167835,-10.145733990888461,40.0,0.0,-12.507324995250572,-11.299999999999976,-2.0864210624103965,0.0,0.0,-75.0,-50.0,100.0,,336.3824111787368,83.45684249641587,32.09297972058859,1.0,0.021062248814847917,1.8297473624673584,0.16291399995679967,3030,wide_fast,mappo
-67.05442524764287,100,0,deadline,0.0402881871253096,0.3020947447303759,0,0,75,1.760007349495904,1.760007349495904,0,proxy_pcrb,0,,237.41253399122724,64.69357534869388,100,60.8886732019225,1.0,1,13.0,100.99999999999999,18.659380993552656,13,3.2051758794310006,1.0,53.76609587261276,-10.14633307450263,40.0,0.0,-12.290364137196825,-11.299999999999976,-2.0838239085561634,0.0,0.0,-75.0,-50.0,100.0,,338.41253399122724,83.35295634224654,32.04692454067675,1.0,0.0174620789914804,1.4328518819243488,0.17979799997192458,3031,wide_fast,mappo
-67.48866298045756,100,0,deadline,0.04370718936528924,0.39316365355637095,0,0,75,1.7108160911573338,1.7108160911573338,0,proxy_pcrb,0,,235.36744136393793,65.18867716128646,100,60.914767831710265,1.0,1,13.0,101.0,18.654921071443773,13,3.099880413685867,1.0,53.79084613384942,-10.146550198207297,40.0,0.0,-12.736868960281415,-11.299999999999976,-2.0960899558182575,0.0,0.0,-75.0,-50.0,100.0,,336.3674413639379,83.84359823273024,32.007324122698066,1.0,0.022827887031990134,1.6414833693348,0.24533299998438451,3032,wide_fast,mappo
-67.26766245358428,100,0,deadline,0.05155645828388123,0.18497975893302154,0,0,75,1.768789432712386,1.768789432712386,0,proxy_pcrb,0,,236.46666139443627,65.15442971504541,100,60.92714708384272,1.0,1,13.0,100.99999999999999,18.680084366616978,13,2.9641629346973284,1.0,53.82938932974193,-10.143384268664967,40.0,0.0,-12.55780466261965,-11.299999999999976,-2.0958628520415585,0.0,0.0,-75.0,-50.0,100.0,,337.46666139443624,83.83451408166239,31.945655009270023,1.0,0.01779003620094226,1.3607200550669927,0.16517300000487012,3033,wide_fast,mappo
-67.56035410981207,100,0,deadline,0.05623137875269432,0.6111215744748635,0,0,75,1.8578268936447517,1.8578268936447515,0,proxy_pcrb,0,,236.57379457747004,65.46094944816448,100,60.91871686289638,1.0,1,13.0,100.99999999999999,18.622219069785174,13,3.122788249072812,1.0,53.782453363045335,-10.145916524424772,40.0,0.0,-12.794811735483908,-11.299999999999976,-2.102079212948742,0.0,0.0,-75.0,-50.0,100.0,,337.57379457747004,84.08316851794966,32.0207525559846,1.0,0.02653316154581088,1.8434310750186602,0.16961999999693944,3034,wide_fast,mappo
-67.18554436809167,100,0,deadline,0.044658759221865,0.3324180439629627,0,0,75,1.7887852813648297,1.7887852813648295,0,proxy_pcrb,0,,236.67177487907713,64.58235427422902,100,60.9096124824851,1.0,1,13.0,101.00000000000001,18.683453237300085,13,3.524223602904701,1.0,53.65984993385141,-10.145667114777128,40.0,0.0,-12.318081999377691,-11.299999999999976,-2.081645187788227,0.0,0.0,-75.0,-50.0,100.0,,337.67177487907713,83.2658075115291,32.2169180426949,1.0,0.02000592178008147,1.6621664811603976,0.16748499998357147,3035,wide_fast,mappo
-67.19478921713015,100,0,deadline,0.04398942343921796,0.3567724776536029,0,0,75,1.717082919257492,1.7170829192574921,0,proxy_pcrb,0,,235.8688122010827,65.3700143303804,100,60.928546173833126,1.0,1,13.0,100.99999999999999,18.751698555907275,13,3.0586858971124578,1.0,53.79941368836518,-10.145698659863474,40.0,0.0,-12.445461423474717,-11.299999999999976,-2.103042822157193,0.0,0.0,-75.0,-50.0,100.0,,336.8688122010827,84.12171288628767,31.99361603547279,1.0,0.0175983637118956,1.6179501424871068,0.16022599998905207,3036,wide_fast,mappo
-67.61673719498992,100,0,deadline,0.0432447912593744,0.1979272061017291,0,0,75,1.6389349280476555,1.6389349280476555,0,proxy_pcrb,0,,235.53182284937495,65.30466402644021,100,60.92839477435607,1.0,1,13.0,101.00000000000001,18.689930412001274,13,3.124243022332315,1.0,53.77897439907056,-10.14552728217069,40.0,0.0,-12.850319450928783,-11.299999999999976,-2.099864860961037,0.0,0.0,-75.0,-50.0,100.0,,336.531822849375,83.99459443844148,32.02631889834419,1.0,0.018300000421465,1.4736673871144743,0.15407799996864924,3037,wide_fast,mappo
-67.61322600638798,100,0,deadline,0.034200491498724624,0.14845422448338896,0,0,75,1.671508098666837,1.671508098666837,0,proxy_pcrb,0,,235.77901479071542,65.62546124955395,100,60.91800985689852,1.0,1,13.0,101.0,18.66273478103378,13,3.3063964797375163,1.0,53.725296730336936,-10.148359552909435,40.0,0.0,-12.782958283050787,-11.299999999999976,-2.107204900764693,0.0,0.0,-75.0,-50.0,100.0,,336.77901479071545,84.28819603058773,32.11220316831802,1.0,0.0163885277810137,1.98853573835456,0.1514229999611416,3038,wide_fast,mappo
-67.07754720311513,100,0,deadline,0.03564376007381344,0.13246514106101961,0,0,75,1.839001621836387,1.839001621836387,0,proxy_pcrb,0,,237.002832447608,64.59868647565666,100,60.88641901952924,1.0,1,13.0,101.0,18.733983528734417,13,3.559089034216047,1.0,53.656202443740284,-10.147942112659496,40.0,0.0,-12.202490784086228,-11.299999999999976,-2.083316750109779,0.0,0.0,-75.0,-50.0,100.0,,338.002832447608,83.33267000439108,32.22275402687264,1.0,0.026871817504303758,2.1034336548286516,0.17353999995975755,3039,wide_fast,mappo
-67.71879096197868,100,0,deadline,0.0492534874807331,0.47458912880732235,0,0,75,1.690954692433379,1.690954692433379,0,proxy_pcrb,0,,236.63255362276018,65.4375584981288,100,60.9177913202619,1.0,1,13.0,101.0,18.766117869117345,13,3.808855192017838,1.0,53.568346675448325,-10.147213980452964,40.0,0.0,-12.734831747792859,-11.299999999999976,-2.1050919091811533,0.0,0.0,-75.0,-50.0,100.0,,337.63255362276016,84.20367636724615,32.36332325613987,1.0,0.023451506188309202,1.4499813221838551,0.16942799999014824,3040,wide_fast,mappo
-66.98543992172921,100,0,deadline,0.04339474044944519,0.6201230629683259,0,0,75,1.8386684704271197,1.8386684704271197,0,proxy_pcrb,0,,235.96195527147194,64.08763781696,100,60.934823227548,1.0,1,13.0,101.0,18.686014754508854,13,3.2309113341358113,1.0,53.74363166000953,-10.14574554531368,40.0,0.0,-12.213984722138324,-11.299999999999976,-2.0693413142867203,0.0,0.0,-75.0,-50.0,100.0,,336.96195527147194,82.77365257146886,32.08286728084191,1.0,0.026779367341774395,1.6508626026954443,0.16080400002465467,3041,wide_fast,mappo
-67.51673181160484,100,0,deadline,0.05389530177060689,0.2110394191851312,0,0,75,1.9074892059987163,1.907489205998716,0,proxy_pcrb,0,,236.32004800250778,65.2233053536458,100,60.93573283213742,1.0,1,13.0,101.0,18.680583661957776,13,3.2437941706879054,1.0,53.73932152215279,-10.143575650001091,40.0,0.0,-12.714880458366467,-11.299999999999976,-2.0975972253900887,0.0,0.0,-75.0,-50.0,100.0,,337.32004800250775,83.90388901560357,32.08976350141266,1.0,0.023114108289482273,1.9445247842277906,0.18802499997036648,3042,wide_fast,mappo
-67.72209627796116,100,0,deadline,0.044324316139247026,0.15327046390672636,0,0,75,1.903898667329317,1.903898667329317,0,proxy_pcrb,0,,235.70009717835282,65.33293648998631,100,60.915709897615805,1.0,1,13.0,101.0,18.649745044755882,13,3.4085303948761054,1.0,53.69409861913198,-10.145786147248065,40.0,0.0,-12.870841711476489,-11.299999999999976,-2.099567038368554,0.0,0.0,-75.0,-50.0,100.0,,336.70009717835285,83.9826815347422,32.162120146245954,1.0,0.022691355725084107,2.195480803851802,0.169387000023562,3043,wide_fast,mappo
-67.1609525889997,100,0,deadline,0.046685235165130595,0.3428186248452601,0,0,75,1.8069020685264232,1.806902068526423,0,proxy_pcrb,0,,235.7903900932934,64.28348774208838,100,60.944359608272315,1.0,1,13.0,101.0,18.733163981397325,13,3.37807746361873,1.0,53.69466212556974,-10.143638749941363,40.0,0.0,-12.336559671540932,-11.299999999999976,-2.075416293087144,0.0,0.0,-75.0,-50.0,100.0,,336.7903900932934,83.01665172348571,32.16121853594552,1.0,0.02351066901900632,1.5053532241093495,0.15009000002464745,3044,wide_fast,mappo
-68.05556172354237,100,0,deadline,0.04788918462607779,0.23503048571754961,0,0,75,1.8681037955412023,1.8681037955412025,0,proxy_pcrb,0,,236.08997493467086,65.78682537159122,100,60.90162874374212,1.0,1,13.0,101.0,18.780177538394504,13,3.825531193256853,1.0,53.568186230223525,-10.148227132788387,40.0,0.0,-13.061345748227899,-11.299999999999976,-2.1141750727496436,0.0,0.0,-75.0,-50.0,100.0,,337.08997493467086,84.56700290998572,32.36357996849949,1.0,0.018306271223773762,1.8238381429871187,0.16030999996473838,3045,wide_fast,mappo
-68.2553334353533,100,0,deadline,0.050766986712685966,0.2090507638205007,0,0,75,1.7030699913151683,1.7030699913151683,0,proxy_pcrb,0,,236.57600000784527,66.49293181097596,100,60.89758184226931,1.0,1,13.0,101.0,18.795662681270205,13,3.7256725697923634,1.0,53.60065670676643,-10.146899480854746,40.0,0.0,-13.276875798958795,-11.299999999999976,-2.132214862306154,0.0,0.0,-75.0,-50.0,100.0,,337.57600000784527,85.28859449224616,32.311627206030835,1.0,0.026004837438330052,1.4331403741097433,0.16311599997607118,3046,wide_fast,mappo
-67.56580008447159,100,0,deadline,0.045638562399450286,0.22429955045164418,0,0,75,1.7041211010537922,1.7041211010537922,0,proxy_pcrb,0,,235.51479405626176,65.18501362298328,100,60.92974001850178,1.0,1,13.0,101.0,18.67213159848897,13,3.225390680675188,1.0,53.746945367042926,-10.145762887487823,40.0,0.0,-12.770553933489873,-11.299999999999976,-2.0964286305368076,0.0,0.0,-75.0,-50.0,100.0,,336.51479405626174,83.85714522147225,32.07756534958848,1.0,0.020968461898037142,1.627068228474707,0.1789789998838387,3047,wide_fast,mappo
-67.43840705140647,100,0,deadline,0.049310176492625465,0.29665380773018296,0,0,75,1.6680865553423796,1.6680865553423796,0,proxy_pcrb,0,,236.06201749426273,65.13892366901017,100,60.88716877614406,1.0,1,13.0,101.0,18.69164223045328,13,3.169995596538314,1.0,53.77755984407246,-10.144782111053793,40.0,0.0,-12.675420636938572,-11.299999999999976,-2.0957641474865873,0.0,0.0,-75.0,-50.0,100.0,,337.0620174942627,83.83056589946345,32.02858218634118,1.0,0.018998251179972853,1.690045306934585,0.16275300003144366,3048,wide_fast,mappo
-66.92243422056644,100,0,deadline,0.039559133983886594,0.2598691264128301,0,0,75,1.666254146931812,1.666254146931812,0,proxy_pcrb,0,,236.3347618165296,64.62478591321877,100,60.90292920028065,1.0,1,13.0,101.0,18.65329102872575,13,3.233745038222906,1.0,53.75271301100332,-10.147741370687216,40.0,0.0,-12.14545393733397,-11.299999999999976,-2.081951923548614,0.0,0.0,-75.0,-50.0,100.0,,337.33476181652964,83.27807694194452,32.06833711925178,1.0,0.020268673115858678,1.463193812066629,0.16821700004584272,3049,wide_fast,mappo
-67.59699807747097,100,0,deadline,0.04104400182142969,0.13774120289824024,0,0,75,1.7465945270132228,1.7465945270132228,0,proxy_pcrb,0,,236.68403545744047,65.22864207150883,100,60.90774532483856,1.0,1,13.0,101.0,18.69858914035843,13,3.420518613507655,1.0,53.69284122980252,-10.14552324031752,40.0,0.0,-12.746135286659323,-11.299999999999976,-2.098180780296682,0.0,0.0,-75.0,-50.0,100.0,,337.6840354574405,83.92723121186725,32.164131969173106,1.0,0.02584981107808656,1.6581824347913292,0.16353799999706098,3050,wide_fast,mappo
-1933.2821222175792,100,0,deadline,0.015394017198810294,0.06165846505135239,90,0,0,2.031445665957808,2.031445665957808,0,proxy_pcrb,0,,49.999999965139494,54.99999935856669,100,61.80339890984999,0.08,0,,49.999999965139494,54.99999935856669,100,61.80339890984999,0.08,49.999999965139494,-19.458899997046487,0.0,0.0,-10.664621682453422,-19.99999999999996,-2.7499999679283302,-30.4086005352908,-1800.0,0.0,-100.0,100.0,,99.99999993027899,109.99999871713338,61.80339890984999,0.08,0.01474363033666407,2.538900312931336,0.01588100000844861,3001,crossing,goal
-1933.3189246897973,100,0,deadline,0.01585543459181983,0.06894055802182783,90,0,0,1.8228625266028526,1.8228625266028526,0,proxy_pcrb,0,,49.999999965139494,54.99999935856669,100,61.80339890984999,0.08,0,,49.999999965139494,54.99999935856669,100,61.80339890984999,0.08,49.999999965139494,-19.458899997046487,0.0,0.0,-10.660318973405627,-19.99999999999996,-2.7499999679283302,-30.449705716556235,-1800.0,0.0,-100.0,100.0,,99.99999993027899,109.99999871713338,61.80339890984999,0.08,0.01711321806268923,2.2533514488956987,0.015637000014976365,3002,crossing,goal
-1933.4095692788953,100,0,deadline,0.01606689910071398,0.07166713836637911,90,0,0,1.6690733217018998,1.6690733217019,0,proxy_pcrb,0,,49.999999965139494,54.99999935856669,100,61.80339890984999,0.08,0,,49.999999965139494,54.99999935856669,100,61.80339890984999,0.08,49.999999965139494,-19.458899997046487,0.0,0.0,-10.763489707762647,-19.99999999999996,-2.7499999679283302,-30.437179571296177,-1800.0,0.0,-100.0,100.0,,99.99999993027899,109.99999871713338,61.80339890984999,0.08,0.014169612650346016,1.5069295411970747,0.016309999946315656,3003,crossing,goal
-1933.377594831534,100,0,deadline,0.01627625199388579,0.08567549409761942,90,0,0,1.7146504403598049,1.7146504403598049,0,proxy_pcrb,0,,49.999999965139494,54.99999935856669,100,61.80339890984999,0.08,0,,49.999999965139494,54.99999935856669,100,61.80339890984999,0.08,49.999999965139494,-19.458899997046487,0.0,0.0,-10.698508571129288,-19.99999999999996,-2.7499999679283302,-30.470186260569232,-1800.0,0.0,-100.0,100.0,,99.99999993027899,109.99999871713338,61.80339890984999,0.08,0.019510164953453066,1.618825699996357,0.015797999967617216,3004,crossing,goal
-1933.1283616995208,100,0,deadline,0.015400208291147634,0.08735742646440199,90,0,0,1.7433110597864314,1.7433110597864314,0,proxy_pcrb,0,,49.999999965139494,54.99999935856669,100,61.80339890984999,0.08,0,,49.999999965139494,54.99999935856669,100,61.80339890984999,0.08,49.999999965139494,-19.458899997046487,0.0,0.0,-10.411795444976756,-19.99999999999996,-2.7499999679283302,-30.507666254708642,-1800.0,0.0,-100.0,100.0,,99.99999993027899,109.99999871713338,61.80339890984999,0.08,0.014719008139380749,1.8248534570246866,0.016010000081223552,3005,crossing,goal
-1933.1478759429663,100,0,deadline,0.014886100694178983,0.05602043694780777,90,0,0,1.7775817287242779,1.7775817287242779,0,proxy_pcrb,0,,49.999999965139494,54.99999935856669,100,61.80339890984999,0.08,0,,49.999999965139494,54.99999935856669,100,61.80339890984999,0.08,49.999999965139494,-19.458899997046487,0.0,0.0,-10.468614603464895,-19.99999999999996,-2.7499999679283302,-30.470361339665267,-1800.0,0.0,-100.0,100.0,,99.99999993027899,109.99999871713338,61.80339890984999,0.08,0.015307276894772376,1.5224145569345215,0.018044000053123455,3006,crossing,goal
-1933.0464273749221,100,0,deadline,0.014922479528644651,0.06425815954017543,90,0,0,1.6613316899080042,1.6613316899080042,0,proxy_pcrb,0,,49.999999965139494,54.99999935856669,100,61.80339890984999,0.08,0,,49.999999965139494,54.99999935856669,100,61.80339890984999,0.08,49.999999965139494,-19.458899997046487,0.0,0.0,-10.402382981733906,-19.99999999999996,-2.7499999679283302,-30.43514439335279,-1800.0,0.0,-100.0,100.0,,99.99999993027899,109.99999871713338,61.80339890984999,0.08,0.016272994155305098,2.0175290653868525,0.01841299998886825,3007,crossing,goal
-1932.9154526760724,100,0,deadline,0.015167723667649059,0.06304158487729913,90,0,0,1.8739982238784556,1.8739982238784556,0,proxy_pcrb,0,,49.999999965139494,54.99999935856669,100,61.80339890984999,0.08,0,,49.999999965139494,54.99999935856669,100,61.80339890984999,0.08,49.999999965139494,-19.458899997046487,0.0,0.0,-10.323867428882943,-19.99999999999996,-2.7499999679283302,-30.382685247354082,-1800.0,0.0,-100.0,100.0,,99.99999993027899,109.99999871713338,61.80339890984999,0.08,0.016108195705244528,1.7712733650918249,0.01966600002560881,3008,crossing,goal
-1933.3325210918522,100,0,deadline,0.0152201435073678,0.06220589874479715,90,0,0,1.7364207618627179,1.7364207618627179,0,proxy_pcrb,0,,49.999999965139494,54.99999935856669,100,61.80339890984999,0.08,0,,49.999999965139494,54.99999935856669,100,61.80339890984999,0.08,49.999999965139494,-19.458899997046487,0.0,0.0,-10.649763378369697,-19.99999999999996,-2.7499999679283302,-30.473857713647302,-1800.0,0.0,-100.0,100.0,,99.99999993027899,109.99999871713338,61.80339890984999,0.08,0.01609520115144101,2.230149044670731,0.016286000000036438,3009,crossing,goal
-1932.8829541549972,100,0,deadline,0.015083414612303649,0.06862396803586956,90,0,0,1.8299249601058862,1.8299249601058862,0,proxy_pcrb,0,,49.999999965139494,54.99999935856669,100,61.80339890984999,0.08,0,,49.999999965139494,54.99999935856669,100,61.80339890984999,0.08,49.999999965139494,-19.458899997046487,0.0,0.0,-10.257266278844176,-19.99999999999996,-2.7499999679283302,-30.416787876317304,-1800.0,0.0,-100.0,100.0,,99.99999993027899,109.99999871713338,61.80339890984999,0.08,0.01541886967742393,1.7463374735221768,0.01764200003890437,3010,crossing,goal
-1933.211073003608,100,0,deadline,0.014702889468461343,0.05579712099165586,90,0,0,1.622020454912824,1.622020454912824,0,proxy_pcrb,0,,49.999999965139494,54.99999935856669,100,61.80339890984999,0.08,0,,49.999999965139494,54.99999935856669,100,61.80339890984999,0.08,49.999999965139494,-19.458899997046487,0.0,0.0,-10.580268613437013,-19.99999999999996,-2.7499999679283302,-30.42190439033594,-1800.0,0.0,-100.0,100.0,,99.99999993027899,109.99999871713338,61.80339890984999,0.08,0.014901315211065622,1.4170049936263756,0.017071000002033543,3011,crossing,goal
-1933.3280845674985,100,0,deadline,0.016259825755088365,0.0696683845525991,90,0,0,1.7340012232840099,1.7340012232840099,0,proxy_pcrb,0,,49.999999965139494,54.99999935856669,100,61.80339890984999,0.08,0,,49.999999965139494,54.99999935856669,100,61.80339890984999,0.08,49.999999965139494,-19.458899997046487,0.0,0.0,-10.823033187710326,-19.99999999999996,-2.7499999679283302,-30.296151379953518,-1800.0,0.0,-100.0,100.0,,99.99999993027899,109.99999871713338,61.80339890984999,0.08,0.015122463714186182,1.618681413548028,0.016633999957775814,3012,crossing,goal
-1933.230294222751,100,0,deadline,0.01581017980876159,0.06990193749705327,90,0,0,1.8812964923083269,1.8812964923083269,0,proxy_pcrb,0,,49.999999965139494,54.99999935856669,100,61.80339890984999,0.08,0,,49.999999965139494,54.99999935856669,100,61.80339890984999,0.08,49.999999965139494,-19.458899997046487,0.0,0.0,-10.580638559732506,-19.99999999999996,-2.7499999679283302,-30.44075566318329,-1800.0,0.0,-100.0,100.0,,99.99999993027899,109.99999871713338,61.80339890984999,0.08,0.01634118184832343,2.0641154350793793,0.01707499995973194,3013,crossing,goal
-1933.3464461209721,100,0,deadline,0.016327447438714823,0.07136512257128491,90,0,0,1.6848202448099334,1.6848202448099334,0,proxy_pcrb,0,,49.999999965139494,54.99999935856669,100,61.80339890984999,0.08,0,,49.999999965139494,54.99999935856669,100,61.80339890984999,0.08,49.999999965139494,-19.458899997046487,0.0,0.0,-10.729459441987295,-19.99999999999996,-2.7499999679283302,-30.40808667915005,-1800.0,0.0,-100.0,100.0,,99.99999993027899,109.99999871713338,61.80339890984999,0.08,0.016082614415273953,1.5158029645873206,0.0173039999390312,3014,crossing,goal
-1933.5606823101684,100,0,deadline,0.016348920781756354,0.05665011597829606,90,0,0,1.783648327878727,1.783648327878727,0,proxy_pcrb,0,,49.999999965139494,54.99999935856669,100,61.80339890984999,0.08,0,,49.999999965139494,54.99999935856669,100,61.80339890984999,0.08,49.999999965139494,-19.458899997046487,0.0,0.0,-10.934348738372496,-19.99999999999996,-2.7499999679283302,-30.41743357196067,-1800.0,0.0,-100.0,100.0,,99.99999993027899,109.99999871713338,61.80339890984999,0.08,0.015705754886300674,1.6348227137064257,0.017787999986467184,3015,crossing,goal
-1933.4458716450363,100,0,deadline,0.016027267110155258,0.06542725257179124,90,0,0,1.7564148131349913,1.7564148131349913,0,proxy_pcrb,0,,49.999999965139494,54.99999935856669,100,61.80339890984999,0.08,0,,49.999999965139494,54.99999935856669,100,61.80339890984999,0.08,49.999999965139494,-19.458899997046487,0.0,0.0,-10.800873181625127,-19.99999999999996,-2.7499999679283302,-30.43609846357691,-1800.0,0.0,-100.0,100.0,,99.99999993027899,109.99999871713338,61.80339890984999,0.08,0.017594383679477292,1.620638637234327,0.017748999980540248,3016,crossing,goal
-1933.575704243248,100,0,deadline,0.016006844600041214,0.06618748563685817,90,0,0,1.7860447746000607,1.7860447746000607,0,proxy_pcrb,0,,49.999999965139494,54.99999935856669,100,61.80339890984999,0.08,0,,49.999999965139494,54.99999935856669,100,61.80339890984999,0.08,49.999999965139494,-19.458899997046487,0.0,0.0,-10.884464426243982,-19.99999999999996,-2.7499999679283302,-30.482339817168253,-1800.0,0.0,-100.0,100.0,,99.99999993027899,109.99999871713338,61.80339890984999,0.08,0.014130017916107199,1.6969877564680627,0.017009999965011957,3017,crossing,goal
-1933.5282752234225,100,0,deadline,0.016039806576229297,0.060086340191366897,90,0,0,1.7659097256033167,1.7659097256033167,0,proxy_pcrb,0,,49.999999965139494,54.99999935856669,100,61.80339890984999,0.08,0,,49.999999965139494,54.99999935856669,100,61.80339890984999,0.08,49.999999965139494,-19.458899997046487,0.0,0.0,-10.871796864689808,-19.99999999999996,-2.7499999679283302,-30.447578358896564,-1800.0,0.0,-100.0,100.0,,99.99999993027899,109.99999871713338,61.80339890984999,0.08,0.015070834088523787,1.5261764986120832,0.01660299999457493,3018,crossing,goal
-1933.0916608666412,100,0,deadline,0.014689616944842799,0.0747782532726344,90,0,0,1.7439695436765181,1.7439695436765181,0,proxy_pcrb,0,,49.999999965139494,54.99999935856669,100,61.80339890984999,0.08,0,,49.999999965139494,54.99999935856669,100,61.80339890984999,0.08,49.999999965139494,-19.458899997046487,0.0,0.0,-10.468672279618984,-19.99999999999996,-2.7499999679283302,-30.414088587187074,-1800.0,0.0,-100.0,100.0,,99.99999993027899,109.99999871713338,61.80339890984999,0.08,0.016609902756420845,1.96136294091221,0.01775400000042282,3019,crossing,goal
-1933.4073095514898,100,0,deadline,0.016109902027269994,0.05997615458139301,90,0,0,1.7470095193819188,1.7470095193819188,0,proxy_pcrb,0,,49.999999965139494,54.99999935856669,100,61.80339890984999,0.08,0,,49.999999965139494,54.99999935856669,100,61.80339890984999,0.08,49.999999965139494,-19.458899997046487,0.0,0.0,-10.805636075362637,-19.99999999999996,-2.7499999679283302,-30.39277347629113,-1800.0,0.0,-100.0,100.0,,99.99999993027899,109.99999871713338,61.80339890984999,0.08,0.017833687862024356,1.460525287067054,0.016224000019064988,3020,crossing,goal
-1933.28254928917,100,0,deadline,0.015481013995351347,0.061882811439170765,90,0,0,1.6583570140630886,1.6583570140630886,0,proxy_pcrb,0,,49.999999965139494,54.99999935856669,100,61.80339890984999,0.08,0,,49.999999965139494,54.99999935856669,100,61.80339890984999,0.08,49.999999965139494,-19.458899997046487,0.0,0.0,-10.59708047506912,-19.99999999999996,-2.7499999679283302,-30.47656881426528,-1800.0,0.0,-100.0,100.0,,99.99999993027899,109.99999871713338,61.80339890984999,0.08,0.013683439681320195,1.4194728096732883,0.016697999963071197,3021,crossing,goal
-1932.8923922553467,100,0,deadline,0.014832012648457906,0.06434846798902011,90,0,0,1.70794233556496,1.7079423355649597,0,proxy_pcrb,0,,49.999999965139494,54.99999935856669,100,61.80339890984999,0.08,0,,49.999999965139494,54.99999935856669,100,61.80339890984999,0.08,49.999999965139494,-19.458899997046487,0.0,0.0,-10.230368858131587,-19.99999999999996,-2.7499999679283302,-30.453123397379805,-1800.0,0.0,-100.0,100.0,,99.99999993027899,109.99999871713338,61.80339890984999,0.08,0.01695925214544961,1.9878056375912712,0.01846199997999065,3022,crossing,goal
-1933.5551493146456,100,0,deadline,0.015736044884143353,0.0615924127929849,90,0,0,1.7816338277103265,1.7816338277103265,0,proxy_pcrb,0,,49.999999965139494,54.99999935856669,100,61.80339890984999,0.08,0,,49.999999965139494,54.99999935856669,100,61.80339890984999,0.08,49.999999965139494,-19.458899997046487,0.0,0.0,-10.86369611185488,-19.99999999999996,-2.7499999679283302,-30.482553202956392,-1800.0,0.0,-100.0,100.0,,99.99999993027899,109.99999871713338,61.80339890984999,0.08,0.016508853198678793,2.098459427137351,0.016029000025810092,3023,crossing,goal
-1933.1709892624401,100,0,deadline,0.01513900853707409,0.060937121851005444,90,0,0,1.681831552586759,1.681831552586759,0,proxy_pcrb,0,,49.999999965139494,54.99999935856669,100,61.80339890984999,0.08,0,,49.999999965139494,54.99999935856669,100,61.80339890984999,0.08,49.999999965139494,-19.458899997046487,0.0,0.0,-10.47417190262745,-19.99999999999996,-2.7499999679283302,-30.48791735997772,-1800.0,0.0,-100.0,100.0,,99.99999993027899,109.99999871713338,61.80339890984999,0.08,0.016896898857023245,1.5970399389963905,0.016452000027129543,3024,crossing,goal
-1933.0652578353331,100,0,deadline,0.015005304347072847,0.060581318682454754,90,0,0,1.6427915456573563,1.6427915456573563,0,proxy_pcrb,0,,49.999999965139494,54.99999935856669,100,61.80339890984999,0.08,0,,49.999999965139494,54.99999935856669,100,61.80339890984999,0.08,49.999999965139494,-19.458899997046487,0.0,0.0,-10.45214742234866,-19.99999999999996,-2.7499999679283302,-30.404210413148856,-1800.0,0.0,-100.0,100.0,,99.99999993027899,109.99999871713338,61.80339890984999,0.08,0.01502073958240377,1.360871279615845,0.01584299999194627,3025,crossing,goal
-1933.3275900888395,100,0,deadline,0.016016887222833884,0.07332382940035903,90,0,0,1.730654148233084,1.730654148233084,0,proxy_pcrb,0,,49.999999965139494,54.99999935856669,100,61.80339890984999,0.08,0,,49.999999965139494,54.99999935856669,100,61.80339890984999,0.08,49.999999965139494,-19.458899997046487,0.0,0.0,-10.751928746542237,-19.99999999999996,-2.7499999679283302,-30.366761342462507,-1800.0,0.0,-100.0,100.0,,99.99999993027899,109.99999871713338,61.80339890984999,0.08,0.019641304364736805,2.08312749738358,0.01569099996231671,3026,crossing,goal
-1933.6354892093607,100,0,deadline,0.016638392509198754,0.06673629622778976,90,0,0,1.658409642546015,1.658409642546015,0,proxy_pcrb,0,,49.999999965139494,54.99999935856669,100,61.80339890984999,0.07,0,,49.999999965139494,54.99999935856669,100,61.80339890984999,0.08,49.999999965139494,-19.458899997046487,0.0,0.0,-10.901810352466466,-19.99999999999996,-2.7499999679283302,-30.52477885705771,-1800.0,0.0,-100.0,100.0,,99.99999993027899,109.99999871713338,61.80339890984999,0.075,0.01946568131841083,1.7291700352134116,0.015666000044802786,3027,crossing,goal
-1933.199300170227,100,0,deadline,0.01589875935490189,0.07394336326794687,90,0,0,1.7826867439122178,1.7826867439122178,0,proxy_pcrb,0,,49.999999965139494,54.99999935856669,100,61.80339890984999,0.08,0,,49.999999965139494,54.99999935856669,100,61.80339890984999,0.08,49.999999965139494,-19.458899997046487,0.0,0.0,-10.620955773760299,-19.99999999999996,-2.7499999679283302,-30.36944439663148,-1800.0,0.0,-100.0,100.0,,99.99999993027899,109.99999871713338,61.80339890984999,0.08,0.01711687622829919,1.4136548086711234,0.016509000024598208,3028,crossing,goal
-1933.584494708311,100,0,deadline,0.016420536910856324,0.06082957495724769,90,0,0,1.6405876579890522,1.6405876579890522,0,proxy_pcrb,0,,49.999999965139494,54.99999935856669,100,61.80339890984999,0.08,0,,49.999999965139494,54.99999935856669,100,61.80339890984999,0.08,49.999999965139494,-19.458899997046487,0.0,0.0,-10.962720992895397,-19.99999999999996,-2.7499999679283302,-30.41287371557994,-1800.0,0.0,-100.0,100.0,,99.99999993027899,109.99999871713338,61.80339890984999,0.08,0.01803009273676649,1.8417463142940822,0.015575999959764886,3029,crossing,goal
-1933.444321489856,100,0,deadline,0.01621264757402557,0.059759534770514156,90,0,0,1.674188649086657,1.674188649086657,0,proxy_pcrb,0,,49.999999965139494,54.99999935856669,100,61.80339890984999,0.08,0,,49.999999965139494,54.99999935856669,100,61.80339890984999,0.08,49.999999965139494,-19.458899997046487,0.0,0.0,-10.84401270688802,-19.99999999999996,-2.7499999679283302,-30.39140878313327,-1800.0,0.0,-100.0,100.0,,99.99999993027899,109.99999871713338,61.80339890984999,0.08,0.016162074523874283,1.8297473624673584,0.01576599993313721,3030,crossing,goal
-1932.8353563007247,100,0,deadline,0.01459249049944309,0.07032811981685866,90,0,0,1.7898835290012756,1.7898835290012756,0,proxy_pcrb,0,,49.999999965139494,54.99999935856669,100,61.80339890984999,0.08,0,,49.999999965139494,54.99999935856669,100,61.80339890984999,0.08,49.999999965139494,-19.458899997046487,0.0,0.0,-10.29342597641952,-19.99999999999996,-2.7499999679283302,-30.33303032446948,-1800.0,0.0,-100.0,100.0,,99.99999993027899,109.99999871713338,61.80339890984999,0.08,0.014265449731328136,1.4328518819243488,0.015836999991734046,3031,crossing,goal
-1933.2520124051612,100,0,deadline,0.015439114508633141,0.060251987454074785,90,0,0,1.8061656674678503,1.8061656674678503,0,proxy_pcrb,0,,49.999999965139494,54.99999935856669,100,61.80339890984999,0.08,0,,49.999999965139494,54.99999935856669,100,61.80339890984999,0.08,49.999999965139494,-19.458899997046487,0.0,0.0,-10.577690640479826,-19.99999999999996,-2.7499999679283302,-30.46542176484631,-1800.0,0.0,-100.0,100.0,,99.99999993027899,109.99999871713338,61.80339890984999,0.08,0.016915000175755042,1.6414833693348,0.01613300002645701,3032,crossing,goal
-1933.7313838723617,100,0,deadline,0.016301217427711102,0.06400544462080557,90,0,0,1.711827750005433,1.711827750005433,0,proxy_pcrb,0,,49.999999965139494,54.99999935856669,100,61.80339890984999,0.08,0,,49.999999965139494,54.99999935856669,100,61.80339890984999,0.08,49.999999965139494,-19.458899997046487,0.0,0.0,-11.017108176977061,-19.99999999999996,-2.7499999679283302,-30.505375695550313,-1800.0,0.0,-100.0,100.0,,99.99999993027899,109.99999871713338,61.80339890984999,0.08,0.01420669417461585,1.3607200550669927,0.015882999932728126,3033,crossing,goal
-1933.1543500961436,100,0,deadline,0.015366373131319682,0.06262800041822963,90,0,0,1.8946510658128333,1.8946510658128333,0,proxy_pcrb,0,,49.999999965139494,54.99999935856669,100,61.80339890984999,0.08,0,,49.999999965139494,54.99999935856669,100,61.80339890984999,0.08,49.999999965139494,-19.458899997046487,0.0,0.0,-10.525281362185343,-19.99999999999996,-2.7499999679283302,-30.420168734122853,-1800.0,0.0,-100.0,100.0,,99.99999993027899,109.99999871713338,61.80339890984999,0.08,0.017999639977092897,1.8434310750186602,0.01585400003932591,3034,crossing,goal
-1933.4649564366337,100,0,deadline,0.016055001819794006,0.061258695152943306,90,0,0,1.6750439093333727,1.6750439093333729,0,proxy_pcrb,0,,49.999999965139494,54.99999935856669,100,61.80339890984999,0.08,0,,49.999999965139494,54.99999935856669,100,61.80339890984999,0.08,49.999999965139494,-19.458899997046487,0.0,0.0,-10.829158970426514,-19.99999999999996,-2.7499999679283302,-30.42689746637137,-1800.0,0.0,-100.0,100.0,,99.99999993027899,109.99999871713338,61.80339890984999,0.08,0.01579016512181928,1.6621664811603976,0.015576999958284432,3035,crossing,goal
-1933.1924535205512,100,0,deadline,0.016633952521475676,0.06220147674447769,90,0,0,1.6270983215049597,1.62709832150496,0,proxy_pcrb,0,,49.999999965139494,54.99999935856669,100,61.80339890984999,0.08,0,,49.999999965139494,54.99999935856669,100,61.80339890984999,0.08,49.999999965139494,-19.458899997046487,0.0,0.0,-10.6361144892381,-19.99999999999996,-2.7499999679283302,-30.347439031477514,-1800.0,0.0,-100.0,100.0,,99.99999993027899,109.99999871713338,61.80339890984999,0.08,0.020263879737993266,1.6179501424871068,0.016191000049730064,3036,crossing,goal
-1933.3509538152555,100,0,deadline,0.015522528735235186,0.06620528533438111,90,0,0,1.6311289498184036,1.6311289498184036,0,proxy_pcrb,0,,49.999999965139494,54.99999935856669,100,61.80339890984999,0.08,0,,49.999999965139494,54.99999935856669,100,61.80339890984999,0.08,49.999999965139494,-19.458899997046487,0.0,0.0,-10.660087770519915,-19.99999999999996,-2.7499999679283302,-30.481966044899643,-1800.0,0.0,-100.0,100.0,,99.99999993027899,109.99999871713338,61.80339890984999,0.08,0.017994142433129873,1.4736673871144743,0.01579400003720366,3037,crossing,goal
-1933.4192735792133,100,0,deadline,0.01579541400632145,0.06398170801195281,90,0,0,1.9157032796083084,1.9157032796083084,0,proxy_pcrb,0,,49.999999965139494,54.99999935856669,100,61.80339890984999,0.08,0,,49.999999965139494,54.99999935856669,100,61.80339890984999,0.08,49.999999965139494,-19.458899997046487,0.0,0.0,-10.80289613573305,-19.99999999999996,-2.7499999679283302,-30.40747744364529,-1800.0,0.0,-100.0,100.0,,99.99999993027899,109.99999871713338,61.80339890984999,0.08,0.017821342122670603,1.98853573835456,0.01583700004630373,3038,crossing,goal
-1933.5931099211496,100,0,deadline,0.016324874197467018,0.07391573667928107,90,0,0,1.8076296939603413,1.8076296939603413,0,proxy_pcrb,0,,49.999999965139494,54.99999935856669,100,61.80339890984999,0.08,0,,49.999999965139494,54.99999935856669,100,61.80339890984999,0.08,49.999999965139494,-19.458899997046487,0.0,0.0,-10.915232075976277,-19.99999999999996,-2.7499999679283302,-30.46897784533725,-1800.0,0.0,-100.0,100.0,,99.99999993027899,109.99999871713338,61.80339890984999,0.08,0.020233198765478296,2.1034336548286516,0.016051999991759658,3039,crossing,goal
-1933.18085879987,100,0,deadline,0.01598512272237509,0.06434848189033096,90,0,0,1.7301374297902457,1.7301374297902457,0,proxy_pcrb,0,,49.999999965139494,54.99999935856669,100,61.80339890984999,0.08,0,,49.999999965139494,54.99999935856669,100,61.80339890984999,0.08,49.999999965139494,-19.458899997046487,0.0,0.0,-10.604137811295292,-19.99999999999996,-2.7499999679283302,-30.36782098873878,-1800.0,0.0,-100.0,100.0,,99.99999993027899,109.99999871713338,61.80339890984999,0.08,0.01719261184465591,1.4499813221838551,0.015860999974393053,3040,crossing,goal
-1933.6883073274817,100,0,deadline,0.015980774514952258,0.06365800227316523,90,0,0,1.7175142194529425,1.717514219452943,0,proxy_pcrb,0,,49.999999965139494,54.99999935856669,100,61.80339890984999,0.08,0,,49.999999965139494,54.99999935856669,100,61.80339890984999,0.08,49.999999965139494,-19.458899997046487,0.0,0.0,-10.890127164697653,-19.99999999999996,-2.7499999679283302,-30.589280162948338,-1800.0,0.0,-100.0,100.0,,99.99999993027899,109.99999871713338,61.80339890984999,0.08,0.02007183864446703,1.6508626026954443,0.01668599992626696,3041,crossing,goal
-1933.6342323141334,100,0,deadline,0.016269526766237306,0.06202629161878605,90,0,0,1.7996714660675814,1.7996714660675814,0,proxy_pcrb,0,,49.999999965139494,54.99999935856669,100,61.80339890984999,0.08,0,,49.999999965139494,54.99999935856669,100,61.80339890984999,0.08,49.999999965139494,-19.458899997046487,0.0,0.0,-10.945167450735687,-19.99999999999996,-2.7499999679283302,-30.480164863562948,-1800.0,0.0,-100.0,100.0,,99.99999993027899,109.99999871713338,61.80339890984999,0.08,0.016872902734666767,1.9445247842277906,0.016258000023299246,3042,crossing,goal
-1933.758945538957,100,0,deadline,0.01652556914164061,0.06081269290000932,90,0,0,1.902026774354806,1.902026774354806,0,proxy_pcrb,0,,49.999999965139494,54.99999935856669,100,61.80339890984999,0.08,0,,49.999999965139494,54.99999935856669,100,61.80339890984999,0.08,49.999999965139494,-19.458899997046487,0.0,0.0,-11.122949488904608,-19.99999999999996,-2.7499999679283302,-30.42709605021704,-1800.0,0.0,-100.0,100.0,,99.99999993027899,109.99999871713338,61.80339890984999,0.08,0.01748177021948765,2.195480803851802,0.01609599995390454,3043,crossing,goal
-1933.3812689600538,100,0,deadline,0.016080193068854495,0.0591379545310748,90,0,0,1.7408412101349173,1.7408412101349173,0,proxy_pcrb,0,,49.999999965139494,54.99999935856669,100,61.80339890984999,0.08,0,,49.999999965139494,54.99999935856669,100,61.80339890984999,0.08,49.999999965139494,-19.458899997046487,0.0,0.0,-10.693111506307037,-19.99999999999996,-2.7499999679283302,-30.479257453911956,-1800.0,0.0,-100.0,100.0,,99.99999993027899,109.99999871713338,61.80339890984999,0.08,0.0219556267969173,1.5053532241093495,0.016236000064964173,3044,crossing,goal
-1933.308867480622,100,0,deadline,0.014896377174308348,0.06419410869955122,90,0,0,1.7157993681977775,1.7157993681977775,0,proxy_pcrb,0,,49.999999965139494,54.99999935856669,100,61.80339890984999,0.08,0,,49.999999965139494,54.99999935856669,100,61.80339890984999,0.08,49.999999965139494,-19.458899997046487,0.0,0.0,-10.63144122405727,-19.99999999999996,-2.7499999679283302,-30.468526256730087,-1800.0,0.0,-100.0,100.0,,99.99999993027899,109.99999871713338,61.80339890984999,0.08,0.015647011954462872,1.8238381429871187,0.01585900001373375,3045,crossing,goal
-1933.303402091791,100,0,deadline,0.015260729178384507,0.06600200244258773,90,0,0,1.6731376720946696,1.6731376720946696,0,proxy_pcrb,0,,49.999999965139494,54.99999935856669,100,61.80339890984999,0.08,0,,49.999999965139494,54.99999935856669,100,61.80339890984999,0.08,49.999999965139494,-19.458899997046487,0.0,0.0,-10.6064462289172,-19.99999999999996,-2.7499999679283302,-30.488055863038056,-1800.0,0.0,-100.0,100.0,,99.99999993027899,109.99999871713338,61.80339890984999,0.08,0.017632831435083023,1.4331403741097433,0.015493000000788015,3046,crossing,goal
-1933.3489330288269,100,0,deadline,0.01614565238745082,0.05819374802596056,90,0,0,1.8787922227625173,1.8787922227625173,0,proxy_pcrb,0,,49.999999965139494,54.99999935856669,100,61.80339890984999,0.08,0,,49.999999965139494,54.99999935856669,100,61.80339890984999,0.08,49.999999965139494,-19.458899997046487,0.0,0.0,-10.728437249164182,-19.99999999999996,-2.7499999679283302,-30.41159577982711,-1800.0,0.0,-100.0,100.0,,99.99999993027899,109.99999871713338,61.80339890984999,0.08,0.016845037263299993,1.627068228474707,0.015663999975004117,3047,crossing,goal
-1933.570697039742,100,0,deadline,0.01613299639104035,0.0651633228360505,90,0,0,1.8073185091474597,1.8073185091474597,0,proxy_pcrb,0,,49.999999965139494,54.99999935856669,100,61.80339890984999,0.08,0,,49.999999965139494,54.99999935856669,100,61.80339890984999,0.08,49.999999965139494,-19.458899997046487,0.0,0.0,-10.8024105977003,-19.99999999999996,-2.7499999679283302,-30.559386442206115,-1800.0,0.0,-100.0,100.0,,99.99999993027899,109.99999871713338,61.80339890984999,0.08,0.016023752134168612,1.690045306934585,0.017659000022831606,3048,crossing,goal
-1933.2370660536674,100,0,deadline,0.01610425732766777,0.058935368684012,90,0,0,1.6161436853385112,1.616143685338511,0,proxy_pcrb,0,,49.999999965139494,54.99999935856669,100,61.80339890984999,0.08,0,,49.999999965139494,54.99999935856669,100,61.80339890984999,0.08,49.999999965139494,-19.458899997046487,0.0,0.0,-10.575444605537392,-19.99999999999996,-2.7499999679283302,-30.452721448295097,-1800.0,0.0,-100.0,100.0,,99.99999993027899,109.99999871713338,61.80339890984999,0.08,0.017216396118685362,1.463193812066629,0.018791999955283245,3049,crossing,goal
-1933.5415587228463,100,0,deadline,0.017024965495678373,0.07157466149258081,90,0,0,1.765045199433683,1.765045199433683,0,proxy_pcrb,0,,49.999999965139494,54.99999935856669,100,61.80339890984999,0.08,0,,49.999999965139494,54.99999935856669,100,61.80339890984999,0.08,49.999999965139494,-19.458899997046487,0.0,0.0,-10.904865758279124,-19.99999999999996,-2.7499999679283302,-30.42779296473198,-1800.0,0.0,-100.0,100.0,,99.99999993027899,109.99999871713338,61.80339890984999,0.08,0.017203332011170736,1.6581824347913292,0.017353000048387912,3050,crossing,goal
251.96417600235168,30,1,success,0.0287120686908261,0.0062285962615180315,0,0,0,2.044600885740993,2.044600885740993,0,proxy_pcrb,1,30.0,147.08326606660862,32.01951700366515,30,3.443550658642695,0.5666666666666667,1,24.0,119.9999999651395,25.866290609167592,24,2.572190703600616,0.4583333333333333,108.79552819386782,-4.30237217088685,80.0,80.0,-3.909558827031134,-5.3999999999999995,-1.447145190320819,-1.7722760032773046,0.0,0.0,0.0,30.0,30.0,267.0832660317481,57.88580761283274,3.0078706811216556,0.5185185185185185,0.014194376731444155,2.538900312931336,6.062623333279286,3001,crossing,sa
255.957836080403,25,1,success,0.02837790544982992,0.0035541077796180666,0,0,0,2.3297168041615124,2.3297168041615124,0,proxy_pcrb,1,22.0,109.99999996513951,22.499999979083697,22,1.8033989098499859,0.6363636363636364,1,25.0,119.9886715877579,24.20468348959936,25,0.871234223807961,0.68,110.46608230816052,-3.8334105183559806,80.0,80.0,-3.317543028534548,-4.7,-1.1676170867170768,-1.4896755941499016,0.0,0.0,0.0,25.0,25.0,229.98867155289742,46.70468346868306,1.3373165668289735,0.6595744680851063,0.018482564199194543,2.2533514488956987,6.449952000075427,3002,crossing,sa
255.931445984349,25,1,success,0.029226676076468654,0.014684035475136668,0,0,0,1.6005817398020914,1.6005817398020914,0,proxy_pcrb,1,25.0,124.9999999651395,26.495447784358895,25,0.0801756432442481,0.68,1,22.0,109.99999982294852,22.499999922207316,22,1.8033990520429253,0.6363636363636364,110.8616115273459,-3.7986823948818857,80.0,80.0,-3.361625434763509,-4.7,-1.2248861926641557,-1.84497152068734,0.0,0.0,0.0,25.0,25.0,234.99999978808802,48.99544770656621,0.9417873476435867,0.6595744680851063,0.01377337637347863,1.5069295411970747,6.175439999933587,3003,crossing,sa
256.0966823523772,24,1,success,0.027148837701174985,0.04187157939930903,0,0,0,1.5697758699674136,1.5697758699674136,0,proxy_pcrb,1,24.0,119.99999996513951,25.546632680297066,24,0.22601199061167165,0.7083333333333334,1,24.0,119.8134797648059,25.430122840098683,24,1.189457194737353,0.7083333333333334,111.09566428231498,-3.8374612863018065,80.0,80.0,-3.2224587385156105,-4.800000000000002,-1.274418888009894,-1.864643017110461,0.0,0.0,0.0,24.0,24.0,239.8134797299454,50.97675552039575,0.7077345926745122,0.7083333333333334,0.0189654195587236,1.618825699996357,5.681716666686043,3004,crossing,sa
255.92949351183046,25,1,success,0.025738071704546908,0.032737173572931884,0,0,0,1.7868422033458617,1.7868422033458617,0,proxy_pcrb,1,25.0,113.38579861999256,22.321054365020682,25,0.5395014012550039,0.72,1,22.0,109.99999996513947,22.71058164598824,22,2.3375368231057148,0.6818181818181818,110.36487976280911,-3.851460752184786,80.0,80.0,-3.2444413053711942,-4.7,-1.1257909002752233,-1.5136932931474565,0.0,0.0,0.0,25.0,25.0,223.38579858513202,45.03163601100892,1.4385191121803593,0.7021276595744681,0.014789356039195529,1.8248534570246866,4.847320000117179,3005,crossing,sa
254.08007123458412,26,1,success,0.02724517571894623,0.008248930907204723,0,0,0,1.750058867522931,1.750058867522931,0,proxy_pcrb,1,26.0,118.38579864648426,24.123097516189855,26,4.805544573733628,0.7307692307692307,1,23.0,114.99999943801538,23.937791001292855,23,0.9968673912045185,0.6956521739130435,108.90219289252042,-4.064239360226124,80.0,80.0,-3.4677536447673893,-4.9,-1.2015222129370677,-1.188606440005684,0.0,0.0,0.0,26.0,26.0,233.38579808449964,48.06088851748271,2.9012059824690732,0.7142857142857143,0.01508529288060054,1.5224145569345215,4.9553346154005755,3006,crossing,sa
250.9481453107747,26,1,success,0.03539669691660548,0.055779609867700135,0,0,0,1.8905651051737318,1.8905651051737318,0,proxy_pcrb,1,25.0,124.99999996513947,28.48630465009843,25,4.545343168308914,0.68,1,26.0,129.99999996513947,29.499999961918896,26,4.89869805275843,0.6538461538461539,107.08137826445582,-4.046429002487944,80.0,80.0,-3.705858784856341,-5.100000000000001,-1.4496576153004332,-1.8312875510364075,0.0,0.0,0.0,26.0,26.0,254.99999993027893,57.98630461201732,4.722020610533672,0.6666666666666666,0.01824816245596304,2.0175290653868525,6.406261538464046,3007,crossing,sa
254.81835553132535,25,1,success,0.03289057294700946,0.015491837766871845,0,0,0,1.906616533894661,1.906616533894661,0,proxy_pcrb,1,25.0,120.05015652009084,24.969614262537736,25,2.4468130721084638,0.8,1,22.0,109.99999995491751,22.751473225411146,22,2.836290544884114,0.7727272727272727,109.16184706649317,-3.867326210246346,80.0,80.0,-3.3866110833301777,-4.7,-1.193027187198722,-1.1965270543925939,0.0,0.0,0.0,25.0,25.0,230.05015647500835,47.72108748794888,2.641551808496289,0.7872340425531915,0.016242651606962002,1.7712733650918249,5.182779999995546,3008,crossing,sa
254.41583256346104,27,1,success,0.023973230171054065,0.010412802879652638,0,0,0,1.8841776295945847,1.8841776295945847,0,proxy_pcrb,1,27.0,134.6343591548445,28.870567892101047,27,0.42402148281224405,0.7407407407407407,1,22.0,109.99999996513945,22.80378712727865,22,4.198451942098351,0.6818181818181818,109.4921621625342,-4.039869304824951,80.0,80.0,-3.42395375195483,-4.8999999999999995,-1.2918588754844926,-1.4206476668088621,0.0,0.0,0.0,27.0,27.0,244.63435911998397,51.674355019379696,2.3112367124552975,0.7142857142857143,0.01545652360431037,2.230149044670731,5.66921111105869,3009,crossing,sa
255.99217351469912,25,1,success,0.023145262910850124,0.009039798861580083,0,0,0,1.7332821812769652,1.7332821812769652,0,proxy_pcrb,1,25.0,113.38579861999256,22.321054365020682,25,0.5395014012550039,0.72,1,22.0,109.99999996513947,22.71058164598824,22,2.3375368231057148,0.6818181818181818,110.36487976280911,-3.851460752184786,80.0,80.0,-3.170324063151178,-4.7,-1.1257909002752233,-1.5251305324987992,0.0,0.0,0.0,25.0,25.0,223.38579858513202,45.03163601100892,1.4385191121803593,0.7021276595744681,0.015091705168906958,1.7463374735221768,4.8880479999570525,3010,crossing,sa
255.93261679208314,26,1,success,0.02460348033757096,0.01523755820998476,0,0,0,1.406207825526189,1.406207825526189,0,proxy_pcrb,1,26.0,129.4529075280135,27.31709708905024,26,0.14276916884362048,0.6923076923076923,1,22.0,109.99999973029435,22.49999988514563,22,1.8033991446954296,0.6363636363636364,110.83031471821995,-3.9064048429089238,80.0,80.0,-3.2278444658073506,-4.8,-1.2454274243548968,-1.718021193065634,0.0,0.0,0.0,26.0,26.0,239.45290725830785,49.81709697419587,0.9730841567695251,0.6666666666666666,0.013413435601049847,1.4170049936263756,4.675157692243094,3011,crossing,sa
253.64447181206737,24,1,success,0.02115899697050677,0.015510462673924488,0,0,0,1.7930545928629689,1.7930545928629684,0,proxy_pcrb,1,24.0,119.9999999651395,25.664026860767684,24,2.849906369421407,0.75,1,22.0,109.99999992364205,22.854461257969454,22,4.934093306773037,0.7272727272727273,107.91139903689226,-3.7784384708258028,80.0,80.0,-3.03411278237005,-4.6000000000000005,-1.2129622029684288,-1.641413768660618,0.0,0.0,0.0,24.0,24.0,229.99999988878153,48.51848811873714,3.891999838097222,0.7391304347826086,0.01596278038395697,1.618681413548028,5.016229166699304,3012,crossing,sa
249.2645882543922,33,1,success,0.02502268445624325,0.0019185342307981592,0,0,0,1.7657284594005054,1.7657284594005054,0,proxy_pcrb,1,22.0,109.99999996513948,22.57537473964874,22,4.050945528182076,0.36363636363636365,1,33.0,163.8097532566468,34.86098753885774,33,2.803240153171646,0.5757575757575758,108.37630603431263,-4.5146977461084585,80.0,80.0,-4.021928950010641,-5.499999999999997,-1.4359090569626622,-3.6391820268386468,0.0,0.0,0.0,33.0,33.0,273.80975322178625,57.43636227850648,3.4270928406768615,0.4909090909090909,0.017980492759436407,2.0641154350793793,4.560254545498482,3013,crossing,sa
255.3474255941782,27,1,success,0.025807450549893793,0.02038298620156158,0,0,0,1.7422514119240808,1.7422514119240808,0,proxy_pcrb,1,22.0,109.99999996513951,22.499999979083697,22,1.803398909850001,0.6363636363636364,1,27.0,134.55104625346465,28.572563013932808,27,0.16549783497503814,0.7037037037037037,110.81895050257697,-3.9944771970629316,80.0,80.0,-3.49230051385314,-4.8999999999999995,-1.2768140748254126,-1.8079331226572848,0.0,0.0,0.0,27.0,27.0,244.55104621860414,51.072562993016504,0.9844483724125196,0.673469387755102,0.01428848965952825,1.5158029645873206,4.6940925926214225,3014,crossing,sa
252.24714269336852,29,1,success,0.025893155749376725,0.04699998003581293,0,0,0,1.8806823723310861,1.8806823723310861,0,proxy_pcrb,1,29.0,142.25277505893123,31.256822035129023,29,3.187423903664675,0.5517241379310345,1,22.0,109.99999996513951,22.875016253294415,22,2.136451579044659,0.45454545454545453,109.14146113363483,-4.192617909073295,80.0,80.0,-3.7353409648608578,-5.099999999999999,-1.353295957210586,-2.5130636091215726,0.0,0.0,0.0,29.0,29.0,252.25277502407073,54.13183828842344,2.661937741354667,0.5098039215686274,0.015144742359856859,1.6348227137064257,4.608906896558845,3015,crossing,sa
252.09327096590926,29,1,success,0.03040724582101834,0.02017854861846362,0,0,0,1.7806359229101645,1.7806359229101645,0,proxy_pcrb,1,23.0,114.9999999651395,24.709118524863165,23,4.993387535918444,0.6956521739130435,1,29.0,141.87554620471198,30.504886524994937,29,2.4113686645914605,0.7586206896551724,108.10102077473455,-4.260292175448999,80.0,80.0,-4.024494393306835,-5.199999999999999,-1.3803501262464526,-1.1426131138230224,0.0,0.0,0.0,29.0,29.0,256.8755461698515,55.2140050498581,3.7023781002549523,0.7307692307692307,0.018355296709373383,1.620638637234327,4.968299999965328,3016,crossing,sa
253.00701525646951,26,1,success,0.03441235695311069,0.02517570266877091,0,0,0,1.5772621549513428,1.5772621549513428,0,proxy_pcrb,1,26.0,129.9999999651395,28.23339210149674,26,2.609329747567654,0.7307692307692307,1,23.0,114.32967011492701,23.93238194739906,23,4.56894900289608,0.6956521739130435,108.21425949975762,-3.840153172004847,80.0,80.0,-3.5525171590402995,-4.9,-1.3041443512223954,-1.6104295610205845,0.0,0.0,0.0,26.0,26.0,244.3296700800665,52.1657740488958,3.5891393752318668,0.7142857142857143,0.013725179478722921,1.6969877564680627,4.747249999966768,3017,crossing,sa
255.82856990456213,25,1,success,0.02698415809162529,0.026207602577936327,0,0,0,1.9383639136957007,1.9383639136957007,0,proxy_pcrb,1,25.0,113.38579861999256,22.321054365020682,25,0.5395014012550039,0.72,1,22.0,109.99999996513947,22.71058164598824,22,2.3375368231057148,0.6818181818181818,110.36487976280911,-3.851460752184786,80.0,80.0,-3.3442382331895764,-4.7,-1.1257909002752233,-1.5148199725974245,0.0,0.0,0.0,25.0,25.0,223.38579858513202,45.03163601100892,1.4385191121803593,0.7021276595744681,0.014915032834246788,1.5261764986120832,4.9288559998967685,3018,crossing,sa
254.91470598173535,24,1,success,0.027030230467496724,0.05111838803560305,0,0,0,1.713435939702265,1.713435939702265,0,proxy_pcrb,1,24.0,119.9999999651395,25.181746548755374,24,3.8776416665270697,0.7083333333333334,1,22.0,109.99999996513951,22.499999979083697,22,1.8033989098501013,0.6818181818181818,108.9628785868009,-3.7803248020464535,80.0,80.0,-3.2553030862907875,-4.6000000000000005,-1.1920436631959765,-1.220501053532307,0.0,0.0,0.0,24.0,24.0,229.999999930279,47.68174652783907,2.8405202881885856,0.6956521739130435,0.016962447059568602,1.96136294091221,4.435512500094774,3019,crossing,sa
253.34597233153698,25,1,success,0.03120186861219478,0.048481557565631536,0,0,0,1.6067254242621023,1.6067254242621023,0,proxy_pcrb,1,25.0,113.38579851558174,22.85027097230895,25,4.696416319271619,0.76,1,23.0,114.99999978445408,24.08908049841713,23,3.056419012300584,0.7391304347826086,107.92698120920336,-3.9978701552311797,80.0,80.0,-3.4560164611099085,-4.800000000000001,-1.1734837867681518,-1.1536384745571984,0.0,0.0,0.0,25.0,25.0,228.38579830003582,46.93935147072608,3.876417665786102,0.75,0.017281823204112035,1.460525287067054,4.384591999987606,3020,crossing,sa
252.5767512601016,28,1,success,0.031011467208724153,0.013327393372745336,0,0,0,1.737874657225453,1.737874657225453,0,proxy_pcrb,1,28.0,137.13634317228457,30.392178432869983,28,2.715777658682458,0.7142857142857143,1,24.0,119.99999996513954,25.08759423755831,24,4.421579130732625,0.7083333333333334,108.23472048028194,-4.090066035324811,80.0,80.0,-3.7289205746579404,-5.2,-1.3869943167607073,-1.2519882934368745,0.0,0.0,0.0,28.0,28.0,257.1363431374241,55.47977267042829,3.5686783947075416,0.7115384615384616,0.014121708255788215,1.4194728096732883,4.40421428567918,3021,crossing,sa
251.47612984645002,26,1,success,0.02553800314058556,0.0072544627754232635,0,0,0,1.8613673969499451,1.8613673969499451,0,proxy_pcrb,1,26.0,126.95102954126934,27.439537018473878,26,4.070909210914871,0.6538461538461539,1,25.0,121.30140195878776,25.873618397796648,25,4.783118901550675,0.64,107.37638481875669,-3.970686627908503,80.0,80.0,-3.4298601161366467,-5.100000000000001,-1.3328288854067634,-2.066879342854772,0.0,0.0,0.0,26.0,26.0,248.2524315000571,53.313155416270526,4.427014056232773,0.6470588235294118,0.01780661554312405,1.9878056375912712,4.416503846151989,3022,crossing,sa
251.96072856190432,30,1,success,0.039146134701823196,0.031839879245459085,0,0,0,1.813696227046611,1.813696227046611,0,proxy_pcrb,1,24.0,119.99999996513948,25.442649010441404,24,3.3593837817813834,0.7916666666666666,1,30.0,147.9287720754658,32.19919620147209,30,3.007488296871716,0.8333333333333334,108.61996283566293,-4.424519916357073,80.0,80.0,-4.271844009704821,-5.3999999999999995,-1.441046130297837,-1.1218242173988933,0.0,0.0,0.0,30.0,30.0,267.9287720406053,57.64184521191349,3.1834360393265495,0.8148148148148148,0.01669742868232389,2.098459427137351,4.652486666661086,3023,crossing,sa
253.85919176511814,25,1,success,0.030374377044348106,0.011544966130087535,0,0,0,1.6291905262699555,1.6291905262699555,0,proxy_pcrb,1,24.0,117.67715943334737,24.934749816634156,24,1.4187860784056254,0.5416666666666666,1,25.0,124.64376325037108,26.553769888318175,25,3.7520313980232403,0.56,109.21799013677503,-4.0224207444101525,80.0,80.0,-3.430665360656384,-4.900000000000001,-1.2872129926238083,-1.7184992739665625,0.0,0.0,0.0,25.0,25.0,242.32092268371844,51.48851970495233,2.585408738214433,0.5510204081632653,0.018249979342792134,1.5970399389963905,4.616279999863764,3024,crossing,sa
253.1613184969839,25,1,success,0.020446507204916375,0.018994836032035323,0,0,0,1.5042735749754743,1.5042735749754743,0,proxy_pcrb,1,25.0,118.03147917394635,24.282064467110857,25,1.0776439134965428,0.56,1,22.0,109.99999992364205,22.854461257969454,22,4.934093306773037,0.5,108.7975302648547,-3.8745795864514916,80.0,80.0,-3.0767927683851415,-4.7,-1.1784131431270082,-2.8064262699071385,0.0,0.0,0.0,25.0,25.0,228.0314790975884,47.13652572508031,3.00586861013479,0.5319148936170213,0.014510065888178204,1.360871279615845,4.632268000095792,3025,crossing,sa
253.30431505672064,25,1,success,0.028077661381275272,0.0038277943086284026,0,0,0,1.7364171007315308,1.7364171007315308,0,proxy_pcrb,1,25.0,116.79162958053392,25.658999215856436,25,3.6123759358669996,0.68,1,24.0,111.77408654969409,22.983850163193253,24,3.4062438393188383,0.6666666666666666,108.29408898739658,-3.91308474028391,80.0,80.0,-3.3362347345019745,-4.900000000000001,-1.2160712344762419,-1.6243832214138025,0.0,0.0,0.0,25.0,25.0,228.565716130228,48.64284937904969,3.509309887592919,0.673469387755102,0.019344280365218684,2.08312749738358,4.862284000046202,3026,crossing,sa
254.85446053910513,24,1,success,0.0289492416921748,0.019921831692432546,0,0,0,1.6846672586618692,1.6846672586618692,0,proxy_pcrb,1,24.0,111.20995254922595,22.582673245253403,24,2.8271524582802035,0.7083333333333334,1,22.0,109.99999996513951,22.86365087358387,22,2.192881702048381,0.6818181818181818,109.2933817948252,-3.784618711838654,80.0,80.0,-3.2420401288925835,-4.6000000000000005,-1.1361581029709318,-1.6761043120178951,0.0,0.0,0.0,24.0,24.0,221.20995251436545,45.446324118837275,2.5100170801642925,0.6956521739130435,0.019474310663079048,1.7291700352134116,4.4974833333905435,3027,crossing,sa
255.94139328999051,25,1,success,0.027231909622323733,0.01772241393230745,0,0,0,1.57246922958357,1.57246922958357,0,proxy_pcrb,1,23.0,114.9999999651395,24.04746988432723,23,0.6751236346605469,0.6521739130434783,1,25.0,116.74518013072142,23.725241316131513,25,0.7689898052818906,0.68,111.08134215501825,-3.855362771541656,80.0,80.0,-3.298351609911745,-4.800000000000001,-1.1943177800114682,-1.9919167035628433,0.0,0.0,0.0,25.0,25.0,231.74518009586092,47.772711200458744,0.7220567199712188,0.6666666666666666,0.016181279022605376,1.4136548086711234,4.511287999921478,3028,crossing,sa
253.4893924405479,26,1,success,0.025817633902927167,0.010647651137693592,0,0,0,1.8015620162143624,1.8015620162143624,0,proxy_pcrb,1,26.0,119.99320027212599,24.149521697654396,26,4.201264091338465,0.8076923076923077,1,22.0,109.99999968798674,22.771540735546903,22,3.6658610959194764,0.7727272727272727,107.86983628136049,-4.030751017487168,80.0,80.0,-3.4640647206445494,-4.8,-1.1730265608300328,-0.9126015418508533,0.0,0.0,0.0,26.0,26.0,229.99319996011275,46.9210624332013,3.9335625936289706,0.7916666666666666,0.01780528167165946,1.8417463142940822,4.464176923088067,3029,crossing,sa
255.80420766185688,25,1,success,0.0287138803861295,0.03133558560980614,0,0,0,1.8826674824162648,1.8826674824162648,0,proxy_pcrb,1,25.0,113.38579861999256,22.321054365020682,25,0.5395014012550039,0.72,1,22.0,109.99999996513947,22.71058164598824,22,2.3375368231057148,0.6818181818181818,110.36487976280911,-3.851460752184786,80.0,80.0,-3.3826002597531843,-4.7,-1.1257909002752233,-1.5008201887390547,0.0,0.0,0.0,25.0,25.0,223.38579858513202,45.03163601100892,1.4385191121803593,0.7021276595744681,0.01601058798186501,1.8297473624673584,4.671224000085203,3030,crossing,sa
256.00124204312755,25,1,success,0.022181207488942055,0.05642754019456456,0,0,0,1.6439308207357894,1.6439308207357894,0,proxy_pcrb,1,25.0,113.38579861999256,22.321054365020682,25,0.5395014012550039,0.72,1,22.0,109.99999996513947,22.71058164598824,22,2.3375368231057148,0.6818181818181818,110.36487976280911,-3.851460752184786,80.0,80.0,-3.1414324346154285,-4.7,-1.1257909002752233,-1.5449536326061615,0.0,0.0,0.0,25.0,25.0,223.38579858513202,45.03163601100892,1.4385191121803593,0.7021276595744681,0.014084597848988583,1.4328518819243488,6.961511999943468,3031,crossing,sa
255.23912253496883,25,1,success,0.023713874963754416,0.04082963072208218,0,0,0,1.7446412115233578,1.7446412115233578,0,proxy_pcrb,1,25.0,113.3857984128943,22.701336036923895,25,2.12286375679198,0.64,1,23.0,114.99999943801538,23.937791001292855,23,0.9968673912045185,0.6086956521739131,110.24353330099123,-3.920701303941593,80.0,80.0,-3.2738146554454546,-4.800000000000001,-1.165978175955419,-1.8439166306799117,0.0,0.0,0.0,25.0,25.0,228.38579785090968,46.63912703821675,1.5598655739982492,0.625,0.016713520578861683,1.6414833693348,5.767236000065168,3032,crossing,sa
254.6175283688945,25,1,success,0.028091156876112987,0.0312736696822735,0,0,0,1.4579098057110003,1.4579098057110003,0,proxy_pcrb,1,25.0,116.387638613506,23.485642681726343,25,0.7844583822714165,0.6,1,22.0,109.99999969848731,22.735180272230174,22,2.95429414253446,0.5454545454545454,109.93402261258652,-3.8583015415780526,80.0,80.0,-3.3123783935535127,-4.7,-1.1555205738489127,-2.290293734711551,0.0,0.0,0.0,25.0,25.0,226.38763831199333,46.220822953956514,1.8693762624029384,0.574468085106383,0.01400358668378596,1.3607200550669927,5.264491999987513,3033,crossing,sa
255.30354948447427,27,1,success,0.02857887993660351,0.050373700910393754,0,0,0,2.0624064290815443,2.0624064290815443,0,proxy_pcrb,1,27.0,130.3543194376774,27.33891066678441,27,1.8679355006003284,0.7777777777777778,1,23.0,114.99999996513945,23.937791235075583,23,0.996866864080778,0.7391304347826086,110.37099769264896,-4.101378907351969,80.0,80.0,-3.705578094964319,-5.0,-1.2819175475464994,-0.9785736583118871,0.0,0.0,0.0,27.0,27.0,245.35431940281683,51.276701901859994,1.4324011823405531,0.76,0.017792838107017456,1.8434310750186602,5.396466666651476,3034,crossing,sa
254.95517968135456,24,1,success,0.021307262268913957,0.009442641178674877,0,0,0,1.6435622193794597,1.6435622193794597,0,proxy_pcrb,1,24.0,110.70863829241743,22.031388132163304,24,2.766368813873805,0.7083333333333334,1,22.0,109.99999996513944,22.708379904490684,22,2.214973381752044,0.6818181818181818,109.31272777717655,-3.7730227155208493,80.0,80.0,-3.0427720665049076,-4.6000000000000005,-1.11849420091635,-1.8232591128798892,0.0,0.0,0.0,24.0,24.0,220.70863825755686,44.739768036653984,2.4906710978129247,0.6956521739130435,0.015844682195292385,1.6621664811603976,5.201866666728468,3035,crossing,sa
255.91846914472848,25,1,success,0.03075005842851216,0.01657247577039915,0,0,0,1.7343972607538511,1.7343972607538514,0,proxy_pcrb,1,25.0,113.38579861999256,22.321054365020682,25,0.5395014012550039,0.72,1,22.0,109.99999996513947,22.71058164598824,22,2.3375368231057148,0.6818181818181818,110.36487976280911,-3.851460752184786,80.0,80.0,-3.263203960469322,-4.7,-1.1257909002752233,-1.5059550051513086,0.0,0.0,0.0,25.0,25.0,223.38579858513202,45.03163601100892,1.4385191121803593,0.7021276595744681,0.019186323836472972,1.6179501424871068,4.663751999869419,3036,crossing,sa
255.62449348659828,26,1,success,0.027867430696160704,0.02359726464274506,0,0,0,1.4984054667369597,1.4984054667369597,0,proxy_pcrb,1,26.0,124.73133551136567,26.805922871408335,26,1.5326408847792072,0.7692307692307693,1,23.0,114.99999996513945,23.937791224512488,23,0.9968668640804698,0.7391304347826086,110.53864500055967,-3.9896639376973595,80.0,80.0,-3.5832487587308655,-4.9,-1.2685928523980206,-1.1726459651351127,0.0,0.0,0.0,26.0,26.0,239.73133547650514,50.74371409592082,1.2647538744298386,0.7551020408163265,0.017628172474633032,1.4736673871144743,4.870711538387695,3037,crossing,sa
255.96300264321866,25,1,success,0.026952026926569995,0.011213926717670183,0,0,0,1.888138856420213,1.888138856420213,0,proxy_pcrb,1,25.0,113.38579861999256,22.321054365020682,25,0.5395014012550039,0.72,1,22.0,109.99999996513947,22.71058164598824,22,2.3375368231057148,0.6818181818181818,110.36487976280911,-3.851460752184786,80.0,80.0,-3.1952549874147143,-4.7,-1.1257909002752233,-1.5293704797157242,0.0,0.0,0.0,25.0,25.0,223.38579858513202,45.03163601100892,1.4385191121803593,0.7021276595744681,0.017864916625184787,1.98853573835456,5.3942920000554295,3038,crossing,sa
255.86185569870176,25,1,success,0.027675132795707335,0.01736962284998088,0,0,0,1.8483041861336293,1.8483041861336293,0,proxy_pcrb,1,25.0,113.38579861999256,22.321054365020682,25,0.5395014012550039,0.72,1,22.0,109.99999996513947,22.71058164598824,22,2.3375368231057148,0.6818181818181818,110.36487976280911,-3.851460752184786,80.0,80.0,-3.292129437508536,-4.7,-1.1257909002752233,-1.5336429741388264,0.0,0.0,0.0,25.0,25.0,223.38579858513202,45.03163601100892,1.4385191121803593,0.7021276595744681,0.019778103214070624,2.1034336548286516,5.235891999946034,3039,crossing,sa
248.72569186782636,31,1,success,0.03482958633575884,0.008711282029180588,0,0,0,1.8473335529786348,1.8473335529786348,0,proxy_pcrb,1,24.0,118.53700154631896,26.017152238516804,24,4.999903301170109,0.4166666666666667,1,31.0,153.60091798807218,33.231007185254875,31,3.7140088268520755,0.5806451612903226,107.44644281097838,-4.430425087922217,80.0,80.0,-4.20223238786554,-5.499999999999999,-1.4812039855942916,-3.1068894817700032,0.0,0.0,0.0,31.0,31.0,272.13791953439113,59.24815942377168,4.356956064011092,0.509090909090909,0.01939385864776298,1.4499813221838551,4.984574193522642,3040,crossing,sa
255.84019224080959,25,1,success,0.025975368098431803,0.0122371626948897,0,0,0,1.8235292213863263,1.8235292213863266,0,proxy_pcrb,1,25.0,124.71051222984019,26.394698586638892,25,0.4986288558658573,0.68,1,22.0,109.99999996513951,22.499999979083697,22,1.8033989098503844,0.6363636363636364,110.65238499213137,-3.81735660164839,80.0,80.0,-3.2723004951877495,-4.7,-1.2223674641430649,-1.8001681903425815,0.0,0.0,0.0,25.0,25.0,234.71051219497969,48.89469856572259,1.151013882858121,0.6595744680851063,0.018231136992178786,1.6508626026954443,4.670319999931962,3041,crossing,sa
251.03281915290225,27,1,success,0.033225257483956265,0.01605061809288362,0,0,0,2.152431444867783,2.152431444867783,0,proxy_pcrb,1,27.0,134.99999996513947,29.02734678519332,27,4.444860479322513,0.5925925925925926,1,26.0,128.83008367154997,28.438996996994593,26,3.624213149803326,0.5769230769230769,107.7688620604266,-4.136667030323711,80.0,80.0,-3.733674785896906,-5.300000000000002,-1.4366585945546984,-2.1290424967490194,0.0,0.0,0.0,27.0,27.0,263.83008363668944,57.46634378218791,4.0345368145629195,0.5849056603773585,0.017996791876608253,1.9445247842277906,4.672677777846359,3042,crossing,sa
255.841824497971,25,1,success,0.025868778116346195,0.01647573115831308,0,0,0,2.298288788847306,2.2982887888473056,0,proxy_pcrb,1,25.0,113.38579861999256,22.321054365020682,25,0.5395014012550039,0.72,1,22.0,109.99999996513947,22.71058164598824,22,2.3375368231057148,0.6818181818181818,110.36487976280911,-3.851460752184786,80.0,80.0,-3.3354580407781977,-4.7,-1.1257909002752233,-1.5103455715999432,0.0,0.0,0.0,25.0,25.0,223.38579858513202,45.03163601100892,1.4385191121803593,0.7021276595744681,0.017264148064643835,2.195480803851802,4.7127919999547885,3043,crossing,sa
255.0921706896891,25,1,success,0.027616572508666604,0.008061190166128837,0,0,0,1.8668281140789242,1.8668281140789242,0,proxy_pcrb,1,25.0,115.70863850771086,23.854975497308192,25,1.3062050007288848,0.6,1,23.0,114.99999943801538,23.937791001292855,23,0.9968673912045185,0.5652173913043478,110.65186267902277,-3.9061220730185275,80.0,80.0,-3.289302236444437,-4.800000000000001,-1.1948191624650264,-2.369448517405642,0.0,0.0,0.0,25.0,25.0,230.70863794572625,47.79276649860105,1.1515361959667016,0.5833333333333334,0.02155761093230298,1.5053532241093495,4.534239999920828,3044,crossing,sa
255.93041456334473,25,1,success,0.024419582902696177,0.009895554046449115,0,0,0,1.606449851693635,1.606449851693635,0,proxy_pcrb,1,25.0,113.38579861999256,22.321054365020682,25,0.5395014012550039,0.72,1,22.0,109.99999996513947,22.71058164598824,22,2.3375368231057148,0.6818181818181818,110.36487976280911,-3.851460752184786,80.0,80.0,-3.2529249483484284,-4.7,-1.1257909002752233,-1.5042885986559669,0.0,0.0,0.0,25.0,25.0,223.38579858513202,45.03163601100892,1.4385191121803593,0.7021276595744681,0.01548233699483855,1.8238381429871187,4.480487999971956,3045,crossing,sa
256.0141540859845,25,1,success,0.024042019663469832,0.005362168011053103,0,0,0,1.6377519131078981,1.6377519131078981,0,proxy_pcrb,1,25.0,113.38579861999256,22.321054365020682,25,0.5395014012550039,0.72,1,22.0,109.99999996513947,22.71058164598824,22,2.3375368231057148,0.6818181818181818,110.36487976280911,-3.851460752184786,80.0,80.0,-3.157102793114269,-4.7,-1.1257909002752233,-1.5163712312503415,0.0,0.0,0.0,25.0,25.0,223.38579858513202,45.03163601100892,1.4385191121803593,0.7021276595744681,0.016825541756121908,1.4331403741097433,4.592775999881269,3046,crossing,sa
251.71535984922576,26,1,success,0.02077036027635843,0.008948574695647341,0,0,0,1.8726962629330588,1.8726962629330588,0,proxy_pcrb,1,26.0,120.67975243280021,24.78628562002738,26,3.9465993563335995,0.5769230769230769,1,22.0,109.99999990700158,22.803787111170955,22,4.198452000236016,0.5,107.7308731967047,-4.024146160249419,80.0,80.0,-3.1103377202731948,-4.8,-1.1897518182799582,-2.8912776486763474,0.0,0.0,0.0,26.0,26.0,230.67975233980178,47.59007273119833,4.072525678284808,0.5416666666666666,0.016600223157590643,1.627068228474707,4.748138461449203,3047,crossing,sa
255.01871514262223,26,1,success,0.033635745464415605,0.005928238729579612,0,0,0,1.8240334992457083,1.8240334992457083,0,proxy_pcrb,1,23.0,114.99999954681337,23.997783007330145,23,0.09373905421266211,0.5652173913043478,1,26.0,129.99999975930763,27.8875054668871,26,1.0488099272031717,0.6153846153846154,111.23212438428156,-3.9315227574398404,80.0,80.0,-3.51564680280313,-4.9,-1.2971322118554318,-2.5691074695609513,0.0,0.0,0.0,26.0,26.0,244.999999306121,51.88528847421725,0.5712744907079169,0.5918367346938775,0.01728852648228081,1.690045306934585,4.480884615357074,3048,crossing,sa
252.11059454848177,26,1,success,0.03393055088139985,0.03947014942406541,0,0,0,1.571126155186381,1.571126155186381,0,proxy_pcrb,1,26.0,120.24335575698504,24.631639212757992,26,4.092018325648023,0.7307692307692307,1,26.0,122.28650905109622,26.75430525965873,26,4.594033961250278,0.7307692307692307,107.46037273154032,-4.073040379894638,80.0,80.0,-3.6647642800623657,-5.200000000000002,-1.2846486118104183,-1.1273249112911319,0.0,0.0,0.0,26.0,26.0,242.52986480808124,51.385944472416725,4.34302614344915,0.7307692307692307,0.018782253454709595,1.463193812066629,4.425499999972369,3049,crossing,sa
252.7470983203621,27,1,success,0.023080583923652007,0.011527358484394224,0,0,0,1.6078957871929702,1.6078957871929702,0,proxy_pcrb,1,27.0,130.33788378834493,27.746806687562856,27,0.5998092359675781,0.6296296296296297,1,22.0,109.99999992364205,22.854461257969454,22,4.934093306773037,0.5454545454545454,109.0364476036192,-4.049985166082664,80.0,80.0,-3.44660898331462,-4.8999999999999995,-1.265031698638308,-2.6277234352214927,0.0,0.0,0.0,27.0,27.0,240.337883711987,50.601267945532314,2.7669512713703077,0.5918367346938775,0.01627986779280312,1.6581824347913292,4.622629629584144,3050,crossing,sa
-138.4265430673667,100,0,deadline,0.06175047145505347,0.16499347259962477,0,0,71,2.031445665957808,2.031445665957808,0,proxy_pcrb,0,,240.46073951687987,84.15882832376697,100,26.060037639913254,0.96,0,,427.99372050872427,117.6972879698282,100,23.59928997771113,0.96,86.97373506617728,-13.470410114789484,0.0,0.0,-15.187780073943935,-19.99999999999996,-5.046402907339879,-0.6956850374707051,0.0,-71.0,-100.0,100.0,,668.4544600256041,201.85611629359516,24.829663808812192,0.96,0.015632022441966896,2.538900312931336,0.24446699998406984,3001,crossing,mappo
-139.72495029800947,100,0,deadline,0.06305626114241591,0.44112372204982575,0,0,71,1.8228625266028526,1.8228625266028526,0,proxy_pcrb,0,,239.36790510700487,83.8366721251308,100,24.784444002126463,0.96,0,,429.3404650949326,119.8689215170591,100,27.705098479670774,0.96,85.55862763409084,-13.439303098193221,0.0,0.0,-15.073600522549661,-19.99999999999996,-5.0926398410547495,-0.6780344703027015,0.0,-71.0,-100.0,100.0,,668.7083702019374,203.7055936421899,26.24477124089862,0.96,0.016665223570974712,2.2533514488956987,0.24573900003815652,3002,crossing,mappo
-140.36080827430567,100,0,deadline,0.06537837830640161,0.3215753703297675,0,0,71,1.6690733217018998,1.6690733217019,0,proxy_pcrb,0,,239.84130658521627,83.9291823050719,100,24.269450302545508,0.96,0,,429.8853323707526,118.35255022891587,100,29.29940083871647,0.96,85.01897330435847,-13.456098040766479,0.0,0.0,-15.181455339246222,-19.99999999999996,-5.057043313349696,-0.6851848853017275,0.0,-71.0,-100.0,100.0,,669.7266389559688,202.2817325339878,26.784425570630987,0.96,0.01459110481866851,1.5069295411970747,0.2631440000823204,3003,crossing,mappo
-139.11660293625835,100,0,deadline,0.0588744415140158,0.33754856385377036,0,0,71,1.7146504403598049,1.7146504403598049,0,proxy_pcrb,0,,238.4785913109797,83.57178013784744,100,24.794696041492962,0.96,0,,425.63714097771054,117.49104020845891,100,26.49779945128794,0.96,86.1571511285991,-13.436604164388445,0.0,0.0,-15.115357229696027,-19.99999999999996,-5.0265705086576595,-0.6952221621152452,0.0,-71.0,-100.0,100.0,,664.1157322886902,201.06282034630635,25.64624774639045,0.96,0.018093927503861094,1.618825699996357,0.2528969999821129,3004,crossing,mappo
-139.77076557863387,100,0,deadline,0.06437682157750066,0.39311046650923265,0,0,71,1.7433110597864314,1.7433110597864314,0,proxy_pcrb,0,,241.73733108208907,84.33783745092083,100,28.44196167676347,0.96,0,,429.0492691599911,119.10603678811836,100,24.13138438802699,0.96,85.51672584259421,-13.408205034674634,0.0,0.0,-15.09332377440366,-19.99999999999996,-5.086096855975979,-0.6998657561738527,0.0,-71.0,-100.0,100.0,,670.7866002420802,203.4438742390392,26.28667303239523,0.96,0.01508735905689795,1.8248534570246866,0.26248800001667405,3005,crossing,mappo
-138.61537166297552,100,0,deadline,0.060020104480591197,0.10789534230488132,0,0,71,1.7775817287242779,1.7775817287242779,0,proxy_pcrb,0,,240.47195524641063,84.08968087086025,100,25.58722797112062,0.96,0,,426.5549718945476,116.86757532006747,100,25.286785058849205,0.96,86.36639236000461,-13.436033283440977,0.0,0.0,-14.86092630948529,-19.99999999999996,-5.023931404773193,-0.660873025280598,0.0,-71.0,-100.0,100.0,,667.0269271409582,200.95725619092772,25.437006514984912,0.96,0.01487305148287387,1.5224145569345215,0.2476420000402868,3006,crossing,mappo
-138.6748645084351,100,0,deadline,0.06422501447548648,0.32710086213130274,0,0,71,1.6613316899080042,1.6613316899080042,0,proxy_pcrb,0,,239.9775200202347,83.94956721075603,100,24.9752213849717,0.96,0,,426.78189766220254,116.23588347306766,100,25.386080516782094,0.96,86.62274792411259,-13.41270777123597,0.0,0.0,-15.168179755382843,-19.99999999999996,-5.004636267095594,-0.7120886388332709,0.0,-71.0,-100.0,100.0,,666.7594176824373,200.1854506838237,25.180650950876895,0.96,0.015663321086423244,2.0175290653868525,0.23783300000104646,3007,crossing,mappo
-139.41889071035973,100,0,deadline,0.05869837797507992,0.33766237909347635,0,0,71,1.8739982238784556,1.8739982238784556,0,proxy_pcrb,0,,237.1815838441938,83.85313029881614,100,25.02666789596504,0.96,0,,433.7850043118695,120.81257364597909,100,26.586684846001475,0.96,85.99672250400624,-13.49400319553026,0.0,0.0,-15.118449888040834,-19.99999999999996,-5.1166425986198805,-0.6865175321749697,0.0,-71.0,-100.0,100.0,,670.9665881560633,204.6657039447952,25.806676370983258,0.96,0.015869758830357263,1.7712733650918249,0.24660099998982332,3008,crossing,mappo
-140.59174943555558,100,0,deadline,0.06158317244287475,0.3510689713201597,0,0,71,1.7364207618627179,1.7364207618627179,0,proxy_pcrb,0,,238.06398585463884,83.69749064482171,100,24.484097528539447,0.96,0,,429.2680875555462,119.76753076530807,100,29.430284095880552,0.96,84.84620806277951,-13.461322512253924,0.0,0.0,-15.153052576065656,-19.99999999999996,-5.086625535253244,-0.7369568747622575,0.0,-71.0,-100.0,100.0,,667.332073410185,203.4650214101298,26.95719081221,0.96,0.015666936651108576,2.230149044670731,0.23672399996030435,3009,crossing,mappo
-140.19886128479246,100,0,deadline,0.05835888595744851,0.288313827548554,0,0,71,1.8299249601058862,1.8299249601058862,0,proxy_pcrb,0,,241.34078865465506,83.72291000585413,100,24.305609225662074,0.96,0,,431.01084600109743,118.3871323491132,100,29.241420363063508,0.96,85.02988408062666,-13.44513622664281,0.0,0.0,-15.01054555570223,-19.99999999999996,-5.0527510588741835,-0.720312524199928,0.0,-71.0,-100.0,100.0,,672.3516346557525,202.11004235496733,26.77351479436279,0.96,0.015534910854499262,1.7463374735221768,0.24440099995445053,3010,crossing,mappo
-139.11030375285654,100,0,deadline,0.06478347559605636,0.17418835579564595,0,0,71,1.622020454912824,1.622020454912824,0,proxy_pcrb,0,,237.22300625594457,83.71992755132499,100,24.833560695803985,0.96,0,,426.1052156979072,117.79820113320332,100,26.244517995613773,0.96,86.26435952928053,-13.445911365163395,0.0,0.0,-15.207265879089427,-19.99999999999996,-5.037953217113207,-0.6835328207711285,0.0,-71.0,-100.0,100.0,,663.3282219538518,201.5181286845283,25.53903934570888,0.96,0.01511291749576646,1.4170049936263756,0.24283500003548397,3011,crossing,mappo
-140.65145900457122,100,0,deadline,0.06598074958264952,0.4106251237609443,0,0,71,1.7340012232840099,1.7340012232840099,0,proxy_pcrb,0,,239.4130759657949,83.70759286853466,100,24.593558191773237,0.96,0,,431.0782793001611,119.09020744437086,100,29.280191182867405,0.96,84.86652418766919,-13.475907278521959,0.0,0.0,-15.303619837630185,-19.99999999999996,-5.069945007822641,-0.6685110682655798,0.0,-71.0,-100.0,100.0,,670.491355265956,202.7978003129055,26.93687468732032,0.96,0.014869122986644306,1.618681413548028,0.2796950000265497,3012,crossing,mappo
-139.70514185247202,100,0,deadline,0.0672038530796918,0.44267679730328724,0,0,71,1.8812964923083269,1.8812964923083269,0,proxy_pcrb,0,,239.23128446537257,84.0032886701456,100,24.57530680827114,0.96,0,,429.13160493190304,118.84312766313052,100,27.23899094166388,0.96,85.89625000002194,-13.473262286816345,0.0,0.0,-15.402360384699207,-19.99999999999996,-5.071160408331901,-0.654608772646559,0.0,-71.0,-100.0,100.0,,668.3628893972756,202.84641633327612,25.90714887496751,0.96,0.015240457288501718,2.0641154350793793,0.23349999999481952,3013,crossing,mappo
-139.7967448449259,100,0,deadline,0.06957362788275606,0.33296543977576065,0,0,71,1.6848202448099334,1.6848202448099334,0,proxy_pcrb,0,,241.31520300713362,84.00733853460416,100,25.041209954614086,0.96,0,,427.8344463400913,119.180405432282,100,27.03738017969381,0.96,85.76410380783544,-13.4466934098467,0.0,0.0,-15.32294235066695,-19.99999999999996,-5.079693599172153,-0.7115192930756367,0.0,-71.0,-100.0,100.0,,669.1496493472249,203.18774396688616,26.039295067153947,0.96,0.016328147502862992,1.5158029645873206,0.2353969999603578,3014,crossing,mappo
-139.2871236048843,100,0,deadline,0.06840687916195798,0.1336280653875614,0,0,71,1.783648327878727,1.783648327878727,0,proxy_pcrb,0,,242.56257980910632,84.2803371781194,100,26.03132149196822,0.96,0,,431.73287480016603,117.75131737827273,100,24.668911234968327,0.96,86.4532825115213,-13.470345296230605,0.0,0.0,-15.533024322917246,-19.99999999999996,-5.050791363909802,-0.6862451333478539,0.0,-71.0,-100.0,100.0,,674.2954546092724,202.03165455639214,25.350116363468274,0.96,0.015113983000648723,1.6348227137064257,0.22139000000606757,3015,crossing,mappo
-138.63168217935737,100,0,deadline,0.06634455300727538,0.23344953128927384,0,0,71,1.7564148131349913,1.7564148131349913,0,proxy_pcrb,0,,242.593930777594,84.34457163258297,100,27.044632874995035,0.96,0,,433.0592537261364,118.95147333897515,100,22.59303385707998,0.96,86.98456550895206,-13.440836153217965,0.0,0.0,-15.43106259846374,-19.99999999999996,-5.0824011242889515,-0.661947812338709,0.0,-71.0,-100.0,100.0,,675.6531845037304,203.2960449715581,24.81883336603751,0.96,0.01678049479945338,1.620638637234327,0.2233740000428952,3016,crossing,mappo
-140.0207146700171,100,0,deadline,0.06242595031545692,0.4418420114310192,0,0,71,1.7860447746000607,1.7860447746000607,0,proxy_pcrb,0,,237.93134428655603,83.79349347571485,100,24.889587983225482,0.96,0,,432.0904695560361,120.5402343126838,100,27.753507857703006,0.96,85.48185095452526,-13.475220248116077,0.0,0.0,-15.218118081492271,-19.99999999999996,-5.108343194709966,-0.7008841002240315,0.0,-71.0,-100.0,100.0,,670.0218138425921,204.33372778839865,26.321547920464244,0.96,0.014581622982299213,1.6969877564680627,0.2197649999834539,3017,crossing,mappo
-138.9347933010342,100,0,deadline,0.06571571496099579,0.11919957869245418,0,0,71,1.7659097256033167,1.7659097256033167,0,proxy_pcrb,0,,242.2598418711269,84.88979882877412,100,27.381916867869037,0.96,0,,429.91736050878256,118.16771952957605,100,22.85228859468782,0.96,86.6862961437111,-13.443179368238201,0.0,0.0,-15.427720465350813,-19.99999999999996,-5.0764379589587545,-0.673751652197508,0.0,-71.0,-100.0,100.0,,672.1772023799094,203.05751835835017,25.11710273127843,0.96,0.014595878537491619,1.5261764986120832,0.22049499997592648,3018,crossing,mappo
-139.1692523712997,100,0,deadline,0.06026814064651305,0.483385021575216,0,0,71,1.7439695436765181,1.7439695436765181,0,proxy_pcrb,0,,239.7238174831152,83.71821885153649,100,25.16675033350374,0.96,0,,429.07427041668313,117.26636440518855,100,25.947526848313156,0.96,86.24626028408107,-13.425591966263735,0.0,0.0,-15.256657574680245,-19.99999999999996,-5.024614581418127,-0.7086485330186185,0.0,-71.0,-100.0,100.0,,668.7980878997984,200.98458325672505,25.557138590908448,0.96,0.01586973985905482,1.96136294091221,0.22047900008146826,3019,crossing,mappo
-139.36369952102785,100,0,deadline,0.06154748497598897,0.2475904248659571,0,0,71,1.7470095193819188,1.7470095193819188,0,proxy_pcrb,0,,239.76706822262915,83.7030505468511,100,25.278617745469095,0.96,0,,428.86841178779514,119.233550461937,100,26.212814467365476,0.96,86.05768276857225,-13.430618212241994,0.0,0.0,-15.238391385370564,-19.99999999999996,-5.073415025219704,-0.6789576667677992,0.0,-71.0,-100.0,100.0,,668.6354800104243,202.9366010087881,25.745716106417284,0.96,0.016827135396632092,1.460525287067054,0.2234729998963303,3020,crossing,mappo
-138.4157797737596,100,0,deadline,0.05894097872389944,0.10838536794570533,0,0,71,1.6583570140630886,1.6583570140630886,0,proxy_pcrb,0,,242.8105217885841,84.08256125131362,100,27.766472758844213,0.96,0,,428.7826599132444,118.01154746304051,100,22.611065053587325,0.96,86.61462996877376,-13.43669649710503,0.0,0.0,-14.839912528282367,-19.99999999999996,-5.052352717858853,-0.7014479992870688,0.0,-71.0,-100.0,100.0,,671.5931817018285,202.09410871435415,25.18876890621577,0.96,0.01373840990295574,1.4194728096732883,0.22175699998115306,3021,crossing,mappo
-138.610392773476,100,0,deadline,0.05770312381189516,0.22365387222959093,0,0,71,1.70794233556496,1.7079423355649597,0,proxy_pcrb,0,,241.192037759093,83.8009812550096,100,25.91652719704302,0.96,0,,428.13540840890204,118.44864128224974,100,24.521017662715938,0.96,86.58462644510993,-13.422384649227343,0.0,0.0,-15.020804182140406,-19.99999999999996,-5.056240563431483,-0.6955898237867771,0.0,-71.0,-100.0,100.0,,669.327446167995,202.24962253725934,25.21877242987948,0.96,0.01621930724766571,1.9878056375912712,0.22182399999110203,3022,crossing,mappo
-139.07585789703046,100,0,deadline,0.06118693681102129,0.18735128504576665,0,0,71,1.7816338277103265,1.7816338277103265,0,proxy_pcrb,0,,241.73270134004278,84.36215389267878,100,26.907153618316354,0.96,0,,428.80597971908526,118.33938372733218,100,23.80990150340184,0.96,86.44487131413038,-13.432600624818432,0.0,0.0,-15.329314789989633,-19.99999999999996,-5.067538440500271,-0.6912753558525249,0.0,-71.0,-100.0,100.0,,670.5386810591281,202.70153762001095,25.358527560859095,0.96,0.016592664505500034,2.098459427137351,0.22283600004811888,3023,crossing,mappo
-139.1757217807853,100,0,deadline,0.06337149962761279,0.2366578923202547,0,0,71,1.681831552586759,1.681831552586759,0,proxy_pcrb,0,,241.07626437748624,84.5285140338199,100,25.89436167135854,0.96,0,,426.30737652519923,116.7031784999191,100,24.597471334434104,0.96,86.55748237209305,-13.431368707544287,0.0,0.0,-15.568890163653943,-19.99999999999996,-5.030792313343471,-0.7021529683367633,0.0,-71.0,-100.0,100.0,,667.3836409026854,201.23169253373902,25.24591650289632,0.96,0.016998112128967607,1.5970399389963905,0.2211419999730424,3024,crossing,mappo
-140.84211326786533,100,0,deadline,0.06071188887429047,0.2905539459836112,0,0,71,1.6427915456573563,1.6427915456573563,0,proxy_pcrb,0,,239.404281196676,83.65713282628485,100,24.445116536600118,0.96,0,,431.4592067480404,119.33801935331597,100,30.265435964257954,0.96,84.44812262456043,-13.461257116331666,0.0,0.0,-15.044167018933315,-19.99999999999996,-5.07487880449002,-0.7099329526707923,0.0,-71.0,-100.0,100.0,,670.8634879447164,202.99515217960084,27.355276250429036,0.96,0.01432901522070811,1.360871279615845,0.22260199998527241,3025,crossing,mappo
-140.5306220231863,100,0,deadline,0.06012143488889273,0.35818715883452107,0,0,71,1.730654148233084,1.730654148233084,0,proxy_pcrb,0,,238.3194914744693,83.04216773047523,100,24.724539590392762,0.96,0,,432.91936074371824,121.03185092291498,100,29.29143544610779,0.96,84.79541135673917,-13.456241776688923,0.0,0.0,-15.105227870113607,-19.99999999999996,-5.101850466334756,-0.6627132667882227,0.0,-71.0,-100.0,100.0,,671.2388522181875,204.07401865339023,27.007987518250275,0.96,0.019242245317502907,2.08312749738358,0.22274300003118697,3026,crossing,mappo
-138.99186078605516,100,0,deadline,0.06883910489500651,0.41248363981505054,0,0,71,1.658409642546015,1.658409642546015,0,proxy_pcrb,0,,239.8671260527653,84.05007907899295,100,24.939385582257678,0.96,0,,428.8160647885063,119.98855544323688,100,25.36540054399772,0.96,86.65100581186175,-13.451028185851035,0.0,0.0,-15.402195491164628,-19.99999999999996,-5.100965863055743,-0.6886770578455402,0.0,-71.0,-100.0,100.0,,668.6831908412717,204.0386345222298,25.152393063127697,0.96,0.017475512332050545,1.7291700352134116,0.21934299999884388,3027,crossing,mappo
-139.0505362752284,100,0,deadline,0.0655381147131731,0.25964642831733775,0,0,71,1.7826867439122178,1.7826867439122178,0,proxy_pcrb,0,,241.9286542707638,84.47895584954755,100,25.87011722635248,0.96,0,,430.1787177877751,118.5624939020171,100,24.663782084345502,0.96,86.53644921964046,-13.422840551581954,0.0,0.0,-15.362776774738522,-19.99999999999996,-5.076036243789114,-0.7253319247593188,0.0,-71.0,-100.0,100.0,,672.1073720585389,203.04144975156464,25.26694965534899,0.96,0.015962876305260963,1.4136548086711234,0.22263600002588646,3028,crossing,mappo
-139.41062453300816,100,0,deadline,0.06802038695758807,0.2905043889016419,0,0,71,1.6405876579890522,1.6405876579890522,0,proxy_pcrb,0,,239.2022500266936,84.05219319090192,100,24.500127896938004,0.96,0,,430.13302773806214,119.67240142113846,100,26.276178950010067,0.96,86.41524545151542,-13.467629662724452,0.0,0.0,-15.558132317451726,-19.99999999999996,-5.093114865301009,-0.7069931390464619,0.0,-71.0,-100.0,100.0,,669.3352777647558,203.7245946120404,25.388153423474037,0.96,0.01763264672797207,1.8417463142940822,0.22224899996217573,3029,crossing,mappo
-139.76600068707586,100,0,deadline,0.0615789172748292,0.272649657518001,0,0,71,1.674188649086657,1.674188649086657,0,proxy_pcrb,0,,240.21621191330735,83.60541776945168,100,24.280505199813486,0.96,0,,430.3897209614207,120.5301101100373,100,28.173108592562336,0.96,85.57659197880155,-13.457639924765834,0.0,0.0,-15.102346113186453,-19.99999999999996,-5.1033881969872255,-0.6792184309379147,0.0,-71.0,-100.0,100.0,,670.6059328747281,204.13552787948896,26.22680689618791,0.96,0.015767266918112168,1.8297473624673584,0.2230480000071111,3030,crossing,mappo
-138.79917987227938,100,0,deadline,0.05454723298647716,0.2201698220380874,0,0,71,1.7898835290012756,1.7898835290012756,0,proxy_pcrb,0,,242.92936874876318,84.20263532412207,100,27.39915431336651,0.96,0,,431.44976199666064,117.83948451411909,100,23.79978914699736,0.96,86.20392714480748,-13.445007119216294,0.0,0.0,-14.81525590943238,-19.99999999999996,-5.051052995956028,-0.691790992482205,0.0,-71.0,-100.0,100.0,,674.3791307454238,202.04211983824115,25.599471730181932,0.96,0.014263263153181122,1.4328518819243488,0.22023000003173365,3031,crossing,mappo
-138.48231005115838,100,0,deadline,0.060715234555086164,0.2134553158506176,0,0,71,1.8061656674678503,1.8061656674678503,0,proxy_pcrb,0,,241.07953859852094,84.54055322628145,100,26.056024227410703,0.96,0,,427.9705377974923,115.61689885752071,100,23.368653283196743,0.96,87.0910601196858,-13.445739115608644,0.0,0.0,-15.470125958598501,-19.99999999999996,-5.003936302095054,-0.653568794541949,0.0,-71.0,-100.0,100.0,,669.0500763960132,200.15745208380216,24.712338755303723,0.96,0.016187269266909846,1.6414833693348,0.2188700000715471,3032,crossing,mappo
-139.13804947023118,100,0,deadline,0.0688555334421837,0.30946801694139925,0,0,71,1.711827750005433,1.711827750005433,0,proxy_pcrb,0,,240.2015492100229,84.04718279191346,100,26.103868032948647,0.96,0,,430.3829710081776,118.39146423006359,100,24.71877441635077,0.96,86.39207765033976,-13.437522014736205,0.0,0.0,-15.343591077259026,-19.99999999999996,-5.060966175549431,-0.6880478530263134,0.0,-71.0,-100.0,100.0,,670.5845202182005,202.43864702197703,25.411321224649708,0.96,0.01403514616614866,1.3607200550669927,0.22159399999509333,3033,crossing,mappo
-139.32997962259378,100,0,deadline,0.06039206377148942,0.33596275208591886,0,0,71,1.8946510658128333,1.8946510658128333,0,proxy_pcrb,0,,239.67521803107607,83.66765447511017,100,25.069229533894354,0.96,0,,427.3989075410872,117.92399545399493,100,26.571462650378155,0.96,85.98305278285324,-13.441332273105417,0.0,0.0,-15.145672777340748,-19.99999999999996,-5.039791248227627,-0.6862361067731757,0.0,-71.0,-100.0,100.0,,667.0741255721633,201.5916499291051,25.820346092136255,0.96,0.017033624690467236,1.8434310750186602,0.22166100001413724,3034,crossing,mappo
-139.8697629283261,100,0,deadline,0.062081942886964565,0.30275625539087414,0,0,71,1.6750439093333727,1.6750439093333729,0,proxy_pcrb,0,,240.5735137990986,83.89456271306992,100,24.789079696756886,0.96,0,,431.1972516075797,118.76176707783809,100,27.502479012810355,0.96,85.65761952020586,-13.463283672133791,0.0,0.0,-15.317333533377711,-19.99999999999996,-5.0664082447727,-0.6803569982477877,0.0,-71.0,-100.0,100.0,,671.7707654066783,202.656329790908,26.14577935478362,0.96,0.015086878769480663,1.6621664811603976,0.2383949999784818,3035,crossing,mappo
-139.8522945963132,100,0,deadline,0.06932832908461943,0.12685842742042974,0,0,71,1.6270983215049597,1.62709832150496,0,proxy_pcrb,0,,244.64098438944475,84.49008752686271,100,29.460956201522702,0.96,0,,430.02061006042425,116.84339759450785,100,23.21678835002018,0.96,85.4645265992181,-13.42363944948839,0.0,0.0,-15.190500281703784,-19.99999999999996,-5.033337128034262,-0.6693443363047902,0.0,-71.0,-100.0,100.0,,674.661594449869,201.33348512137056,26.338872275771443,0.96,0.01842148026034605,1.6179501424871068,0.2264510000259179,3036,crossing,mappo
-140.4438659693149,100,0,deadline,0.06350644051993441,0.4641617666949852,0,0,71,1.6311289498184036,1.6311289498184036,0,proxy_pcrb,0,,240.94395995245935,83.94875334813463,100,24.244079977626182,0.96,0,,432.4390022331881,120.69565699979424,100,28.908199465614313,0.96,85.22725915336923,-13.468582075340592,0.0,0.0,-15.394700918443156,-19.99999999999996,-5.116110258698225,-0.691731870202184,0.0,-71.0,-100.0,100.0,,673.3829621856474,204.64441034792887,26.576139721620248,0.96,0.017731056079824583,1.4736673871144743,0.22898400004123687,3037,crossing,mappo
-139.90206445387997,100,0,deadline,0.06290513007754928,0.1669439846565124,0,0,71,1.9157032796083084,1.9157032796083084,0,proxy_pcrb,0,,241.33379704942942,83.89283697222824,100,28.489290266536653,0.96,0,,429.0485438675492,113.50677549864056,100,24.20908644329613,0.96,85.4542105200731,-13.434203220365914,0.0,0.0,-15.306066375886852,-19.99999999999996,-4.934990311771727,-0.6810150659285682,0.0,-71.0,-100.0,100.0,,670.3823409169786,197.39961247086882,26.349188354916393,0.96,0.018272873388476146,1.98853573835456,0.2360469999803172,3038,crossing,mappo
-140.58465636804448,100,0,deadline,0.06039741864934385,0.3791864376469838,0,0,71,1.8076296939603413,1.8076296939603413,0,proxy_pcrb,0,,244.54204070200865,84.66232904811886,100,30.68781888938017,0.96,0,,425.84171214480307,114.60052126292152,100,23.258028324990452,0.96,84.83047526780425,-13.410232133625463,0.0,0.0,-15.317146646043286,-19.99999999999996,-4.981571257776011,-0.7061815984038962,0.0,-71.0,-100.0,100.0,,670.3837528468117,199.26285031104038,26.97292360718531,0.96,0.019380856334487932,2.1034336548286516,0.2312709999478102,3039,crossing,mappo
-138.3551814721539,100,0,deadline,0.062169332863551176,0.23287545262273873,0,0,71,1.7301374297902457,1.7301374297902457,0,proxy_pcrb,0,,240.11537034145942,83.8736514887006,100,25.75251472544065,0.96,0,,429.43859330863035,117.21794255581896,100,24.04618107819902,0.96,86.90405097316962,-13.448725174123041,0.0,0.0,-15.10892869725615,-19.99999999999996,-5.02728985111299,-0.674288722831359,0.0,-71.0,-100.0,100.0,,669.5539636500898,201.09159404451958,24.899347901819837,0.96,0.016572863443287462,1.4499813221838551,0.23423599998750433,3040,crossing,mappo
-138.85992385552584,100,0,deadline,0.059418823542164156,0.2208125342068918,0,0,71,1.7175142194529425,1.717514219452943,0,proxy_pcrb,0,,243.0472906692609,84.59324703638555,100,27.43934344467477,0.96,0,,428.85377961094804,116.36101214058567,100,22.757808009285203,0.96,86.70482314800954,-13.43718491920293,0.0,0.0,-15.381700050458367,-19.99999999999996,-5.023856479424279,-0.7220055544497453,0.0,-71.0,-100.0,100.0,,671.901070280209,200.95425917697122,25.098575726979988,0.96,0.018750712383196345,1.6508626026954443,0.23165399992649327,3041,crossing,mappo
-139.08754553412876,100,0,deadline,0.06088358763436039,0.20202755217706903,0,0,71,1.7996714660675814,1.7996714660675814,0,proxy_pcrb,0,,242.0485197737845,84.25147585665556,100,25.678831148844218,0.96,0,,429.5540283923467,120.3015030483977,100,25.156737728914212,0.96,86.38561443611027,-13.461989613491609,0.0,0.0,-15.185894819912317,-19.99999999999996,-5.113824472626334,-0.711451064208798,0.0,-71.0,-100.0,100.0,,671.6025481661312,204.55297890505327,25.417784438879217,0.96,0.01636191664861594,1.9445247842277906,0.23212599998259975,3042,crossing,mappo
-139.5945146740949,100,0,deadline,0.07016041308087428,0.2310194185197001,0,0,71,1.902026774354806,1.902026774354806,0,proxy_pcrb,0,,239.9824709297107,84.07934931093995,100,25.223504825685065,0.96,0,,431.0110042170942,119.57767119472577,100,25.378877630796598,0.96,86.50220764674853,-13.45083549246766,0.0,0.0,-15.858311253545955,-19.99999999999996,-5.091425512641644,-0.6961500621882953,0.0,-71.0,-100.0,100.0,,670.9934751468049,203.6570205056657,25.301191228240832,0.96,0.016736825618773276,2.195480803851802,0.23777000005793525,3043,crossing,mappo
-139.4188029183014,100,0,deadline,0.05907113654490405,0.15222669546381942,0,0,71,1.7408412101349173,1.7408412101349173,0,proxy_pcrb,0,,239.59376865396598,83.749844967024,100,25.40295478427189,0.96,0,,430.71531406219486,119.52796095411526,100,25.98007069203808,0.96,86.11188613683449,-13.448506352619146,0.0,0.0,-15.299500821290167,-19.99999999999996,-5.081945148028481,-0.7007367331981338,0.0,-71.0,-100.0,100.0,,670.3090827161609,203.27780592113925,25.691512738154984,0.96,0.02145463255919069,1.5053532241093495,0.23861300001044583,3044,crossing,mappo
-138.44894081224967,100,0,deadline,0.05728862100179278,0.2453320676017726,0,0,71,1.7157993681977775,1.7157993681977775,0,proxy_pcrb,0,,244.54288451738162,84.40100085599617,100,28.168752838212068,0.96,0,,434.7034996059555,116.0255674006854,100,21.678748016976016,0.96,86.87964844739541,-13.428811310736373,0.0,0.0,-15.194906804270577,-19.99999999999996,-5.0106642064170375,-0.6942069382211555,0.0,-71.0,-100.0,100.0,,679.2463841233372,200.42656825668158,24.923750427594044,0.96,0.015383441526812595,1.8238381429871187,0.23490500011575932,3045,crossing,mappo
-138.53751026119124,100,0,deadline,0.05705418347238249,0.17501117931715696,0,0,71,1.6731376720946696,1.6731376720946696,0,proxy_pcrb,0,,240.75354998008723,84.16194000916957,100,25.67901771309495,0.96,0,,427.9852184482883,117.72987271196175,100,24.51681070367041,0.96,86.70548466660682,-13.446935566537178,0.0,0.0,-15.053039326176382,-19.99999999999996,-5.047295318028284,-0.6957247170562246,0.0,-71.0,-100.0,100.0,,668.7387684283756,201.89181272113132,25.09791420838268,0.96,0.016117078287462182,1.4331403741097433,0.2323630000500998,3046,crossing,mappo
-139.78554954915248,100,0,deadline,0.06724936008801903,0.18768640949545912,0,0,71,1.8787922227625173,1.8787922227625173,0,proxy_pcrb,0,,239.10705629436654,84.06807227021645,100,24.913234547967615,0.96,0,,428.70302091214836,118.97293286103476,100,26.57376866147625,0.96,86.05989727026751,-13.476989258798213,0.0,0.0,-15.593384934562055,-19.99999999999996,-5.0760251282812785,-0.6990474977784507,0.0,-71.0,-100.0,100.0,,667.810077206515,203.0410051312512,25.743501604721935,0.96,0.01657937747004254,1.627068228474707,0.24332800002412114,3047,crossing,mappo
-140.76645167680115,100,0,deadline,0.0623102039392362,0.39001520702112435,0,0,71,1.8073185091474597,1.8073185091474597,0,proxy_pcrb,0,,236.22668445894487,83.80406242979109,100,24.502794363365965,0.96,0,,427.94389998015083,120.51098370285405,100,29.17043056596739,0.96,84.96678641032278,-13.452877377579595,0.0,0.0,-15.485707420412208,-19.99999999999996,-5.107876153316132,-0.6867771358160134,0.0,-71.0,-100.0,100.0,,664.1705844390957,204.31504613264514,26.83661246466668,0.96,0.015743550881900537,1.690045306934585,0.23163899998507986,3048,crossing,mappo
-138.90425076808634,100,0,deadline,0.06501495137924097,0.17278121272279956,0,0,71,1.6161436853385112,1.616143685338511,0,proxy_pcrb,0,,242.25902889552535,84.23662158136545,100,27.76516458306583,0.96,0,,427.3114050730951,116.94634700397799,100,23.03602854275362,0.96,86.40280231207981,-13.41519232537888,0.0,0.0,-15.142061938564972,-19.99999999999996,-5.02957421463359,-0.720224601588679,0.0,-71.0,-100.0,100.0,,669.5704339686205,201.18296858534345,25.400596562909726,0.96,0.0164591466402271,1.463193812066629,0.23774099997353915,3049,crossing,mappo
-140.21009859350278,100,0,deadline,0.06611416287238545,0.40806109147011405,0,0,71,1.765045199433683,1.765045199433683,0,proxy_pcrb,0,,233.5986182566534,83.26300877663759,100,25.4965162315341,0.96,0,,430.740086098379,121.14684765098026,100,27.359229364063303,0.96,85.37552607719083,-13.472217683719922,0.0,0.0,-15.31032214495959,-19.99999999999996,-5.110246410690446,-0.6928384313236102,0.0,-71.0,-100.0,100.0,,664.3387043550324,204.40985642761785,26.4278727977987,0.96,0.01607521289503025,1.6581824347913292,0.2319050000187417,3050,crossing,mappo
240.49089970149657,20,1,success,0.03000130522661241,0.03266059254588326,0,0,0,2.2329148539174084,2.2329148539174084,0,proxy_pcrb,1,20.0,99.99999905574012,20.499999609529002,20,2.5914235876758553,1.0,1,16.0,79.99999927439464,16.49999970975787,16,0.1560984350123811,1.0,89.99999916506734,-2.5453308588925787,80.0,80.0,-2.4387686216960076,-3.600000000000001,-0.9249999829821719,0.0,0.0,0.0,0.0,20.0,20.0,179.99999833013476,36.99999931928687,1.3737610113441183,1.0,0.007894376933337329,2.538900312931336,0.015380000013465178,3001,shifted_goals,goal
240.28803298712154,20,1,success,0.03845655683097397,0.09588237597209387,0,0,0,2.557962872394614,2.557962872394614,0,proxy_pcrb,1,20.0,99.99999905574012,20.499999609529002,20,2.5914235876758553,1.0,1,16.0,79.99999927439464,16.49999970975787,16,0.1560984350123811,1.0,89.99999916506734,-2.5453308588925787,80.0,80.0,-2.6416353360710763,-3.600000000000001,-0.9249999829821719,0.0,0.0,0.0,0.0,20.0,20.0,179.99999833013476,36.99999931928687,1.3737610113441183,1.0,0.012460913797083889,2.2533514488956987,0.01639500005694572,3002,shifted_goals,goal
240.3695583334164,20,1,success,0.03902709783559018,0.12485507982163521,0,0,0,1.5763604360655594,1.5763604360655594,0,proxy_pcrb,1,20.0,99.99999905574012,20.499999609529002,20,2.5914235876758553,1.0,1,16.0,79.99999927439464,16.49999970975787,16,0.1560984350123811,1.0,89.99999916506734,-2.5453308588925787,80.0,80.0,-2.560109989776223,-3.600000000000001,-0.9249999829821719,0.0,0.0,0.0,0.0,20.0,20.0,179.99999833013476,36.99999931928687,1.3737610113441183,1.0,0.008149998912479969,1.5069295411970747,0.016360000017812126,3003,shifted_goals,goal
240.31838674209808,20,1,success,0.031814046734028587,0.032681227799499966,0,0,0,1.7438840004984704,1.7438840004984704,0,proxy_pcrb,1,20.0,99.99999905574012,20.499999609529002,20,2.5914235876758553,1.0,1,16.0,79.99999927439464,16.49999970975787,16,0.1560984350123811,1.0,89.99999916506734,-2.5453308588925787,80.0,80.0,-2.611281581094537,-3.600000000000001,-0.9249999829821719,0.0,0.0,0.0,0.0,20.0,20.0,179.99999833013476,36.99999931928687,1.3737610113441183,1.0,0.013256432019749026,1.618825699996357,0.015589999975418323,3004,shifted_goals,goal
240.50633222454707,20,1,success,0.02854796488733598,0.02495311638896691,0,0,0,1.724203624064243,1.724203624064243,0,proxy_pcrb,1,20.0,99.99999905574012,20.499999609529002,20,2.5914235876758553,1.0,1,16.0,79.99999927439464,16.49999970975787,16,0.1560984350123811,1.0,89.99999916506734,-2.5453308588925787,80.0,80.0,-2.4233360986455317,-3.600000000000001,-0.9249999829821719,0.0,0.0,0.0,0.0,20.0,20.0,179.99999833013476,36.99999931928687,1.3737610113441183,1.0,0.008102137046882191,1.8248534570246866,0.016280000045298948,3005,shifted_goals,goal
240.47036322690548,20,1,success,0.024796002631383544,0.03459797684795103,0,0,0,1.598684870076984,1.598684870076984,0,proxy_pcrb,1,20.0,99.99999905574012,20.499999609529002,20,2.5914235876758553,1.0,1,16.0,79.99999927439464,16.49999970975787,16,0.1560984350123811,1.0,89.99999916506734,-2.5453308588925787,80.0,80.0,-2.4593050962871352,-3.600000000000001,-0.9249999829821719,0.0,0.0,0.0,0.0,20.0,20.0,179.99999833013476,36.99999931928687,1.3737610113441183,1.0,0.011212600255577734,1.5224145569345215,0.015899999880275573,3006,shifted_goals,goal
240.3953075615479,20,1,success,0.025874759293021764,0.04939494829740754,0,0,0,1.805338841928577,1.805338841928577,0,proxy_pcrb,1,20.0,99.99999905574012,20.499999609529002,20,2.5914235876758553,1.0,1,16.0,79.99999927439464,16.49999970975787,16,0.1560984350123811,1.0,89.99999916506734,-2.5453308588925787,80.0,80.0,-2.5343607616446797,-3.600000000000001,-0.9249999829821719,0.0,0.0,0.0,0.0,20.0,20.0,179.99999833013476,36.99999931928687,1.3737610113441183,1.0,0.011693978394972982,2.0175290653868525,0.015869999924689182,3007,shifted_goals,goal
240.5062323375045,20,1,success,0.027176560718739407,0.043180748292071226,0,0,0,1.8506299707581426,1.8506299707581426,0,proxy_pcrb,1,20.0,99.99999905574012,20.499999609529002,20,2.5914235876758553,1.0,1,16.0,79.99999927439464,16.49999970975787,16,0.1560984350123811,1.0,89.99999916506734,-2.5453308588925787,80.0,80.0,-2.423435985688112,-3.600000000000001,-0.9249999829821719,0.0,0.0,0.0,0.0,20.0,20.0,179.99999833013476,36.99999931928687,1.3737610113441183,1.0,0.009881756105465569,1.7712733650918249,0.015890000031504314,3008,shifted_goals,goal
240.460147266943,20,1,success,0.025818127124828717,0.04355576516504597,0,0,0,1.8460192835474785,1.8460192835474785,0,proxy_pcrb,1,20.0,99.99999905574012,20.499999609529002,20,2.5914235876758553,1.0,1,16.0,79.99999927439464,16.49999970975787,16,0.1560984350123811,1.0,89.99999916506734,-2.5453308588925787,80.0,80.0,-2.469521056249585,-3.600000000000001,-0.9249999829821719,0.0,0.0,0.0,0.0,20.0,20.0,179.99999833013476,36.99999931928687,1.3737610113441183,1.0,0.011297657117016104,2.230149044670731,0.01656999997976527,3009,shifted_goals,goal
240.4440253121754,20,1,success,0.028766510086158843,0.04992756839794674,0,0,0,1.896891034142286,1.896891034142286,0,proxy_pcrb,1,20.0,99.99999905574012,20.499999609529002,20,2.5914235876758553,1.0,1,16.0,79.99999927439464,16.49999970975787,16,0.1560984350123811,1.0,89.99999916506734,-2.5453308588925787,80.0,80.0,-2.4856430110172254,-3.600000000000001,-0.9249999829821719,0.0,0.0,0.0,0.0,20.0,20.0,179.99999833013476,36.99999931928687,1.3737610113441183,1.0,0.010042106570975085,1.7463374735221768,0.015814999960639398,3010,shifted_goals,goal
240.49336080253136,20,1,success,0.0226674720836684,0.02347889114928024,0,0,0,1.5136683429293465,1.5136683429293465,0,proxy_pcrb,1,20.0,99.99999905574012,20.499999609529002,20,2.5914235876758553,1.0,1,16.0,79.99999927439464,16.49999970975787,16,0.1560984350123811,1.0,89.99999916506734,-2.5453308588925787,80.0,80.0,-2.436307520661256,-3.600000000000001,-0.9249999829821719,0.0,0.0,0.0,0.0,20.0,20.0,179.99999833013476,36.99999931928687,1.3737610113441183,1.0,0.009517813757388064,1.4170049936263756,0.015900000016699778,3011,shifted_goals,goal
240.43274184582884,20,1,success,0.029083306972951493,0.051537445113694014,0,0,0,1.9815731738192115,1.9815731738192113,0,proxy_pcrb,1,20.0,99.99999905574012,20.499999609529002,20,2.5914235876758553,1.0,1,16.0,79.99999927439464,16.49999970975787,16,0.1560984350123811,1.0,89.99999916506734,-2.5453308588925787,80.0,80.0,-2.4969264773637465,-3.600000000000001,-0.9249999829821719,0.0,0.0,0.0,0.0,20.0,20.0,179.99999833013476,36.99999931928687,1.3737610113441183,1.0,0.009975675983608377,1.618681413548028,0.01623000002837216,3012,shifted_goals,goal
240.373924075606,20,1,success,0.029342883413214026,0.06794507573719658,0,0,0,1.8000436330361085,1.8000436330361085,0,proxy_pcrb,1,20.0,99.99999905574012,20.499999609529002,20,2.5914235876758553,1.0,1,16.0,79.99999927439464,16.49999970975787,16,0.1560984350123811,1.0,89.99999916506734,-2.5453308588925787,80.0,80.0,-2.5557442475866194,-3.600000000000001,-0.9249999829821719,0.0,0.0,0.0,0.0,20.0,20.0,179.99999833013476,36.99999931928687,1.3737610113441183,1.0,0.011320875706857112,2.0641154350793793,0.016249999907813617,3013,shifted_goals,goal
240.40299492175427,20,1,success,0.033289135706351725,0.0879667683993535,0,0,0,1.5811057807121502,1.5811057807121502,0,proxy_pcrb,1,20.0,99.99999905574012,20.499999609529002,20,2.5914235876758553,1.0,1,16.0,79.99999927439464,16.49999970975787,16,0.1560984350123811,1.0,89.99999916506734,-2.5453308588925787,80.0,80.0,-2.526673401438338,-3.600000000000001,-0.9249999829821719,0.0,0.0,0.0,0.0,20.0,20.0,179.99999833013476,36.99999931928687,1.3737610113441183,1.0,0.00945913465780715,1.5158029645873206,0.016085000015664264,3014,shifted_goals,goal
240.36413946012448,20,1,success,0.030559784335268576,0.04885051345139579,0,0,0,1.8736921264320765,1.8736921264320765,0,proxy_pcrb,1,20.0,99.99999905574012,20.499999609529002,20,2.5914235876758553,1.0,1,16.0,79.99999927439464,16.49999970975787,16,0.1560984350123811,1.0,89.99999916506734,-2.5453308588925787,80.0,80.0,-2.5655288630681095,-3.600000000000001,-0.9249999829821719,0.0,0.0,0.0,0.0,20.0,20.0,179.99999833013476,36.99999931928687,1.3737610113441183,1.0,0.011635265802829468,1.6348227137064257,0.016095000137283932,3015,shifted_goals,goal
240.3048317947356,20,1,success,0.03136509167454415,0.10316136341758879,0,0,0,1.599497794191966,1.599497794191966,0,proxy_pcrb,1,20.0,99.99999905574012,20.499999609529002,20,2.5914235876758553,1.0,1,16.0,79.99999927439464,16.49999970975787,16,0.1560984350123811,1.0,89.99999916506734,-2.5453308588925787,80.0,80.0,-2.624836528457021,-3.600000000000001,-0.9249999829821719,0.0,0.0,0.0,0.0,20.0,20.0,179.99999833013476,36.99999931928687,1.3737610113441183,1.0,0.01288856993741137,1.620638637234327,0.016095000000859727,3016,shifted_goals,goal
240.55419324786664,20,1,success,0.021928906794969748,0.0319620977869291,0,0,0,1.745698135377808,1.745698135377808,0,proxy_pcrb,1,20.0,99.99999905574012,20.499999609529002,20,2.5914235876758553,1.0,1,16.0,79.99999927439464,16.49999970975787,16,0.1560984350123811,1.0,89.99999916506734,-2.5453308588925787,80.0,80.0,-2.375475075325971,-3.600000000000001,-0.9249999829821719,0.0,0.0,0.0,0.0,20.0,20.0,179.99999833013476,36.99999931928687,1.3737610113441183,1.0,0.008114911496453051,1.6969877564680627,0.01725500001157343,3017,shifted_goals,goal
240.4026863022231,20,1,success,0.03351356114327603,0.028482127275061213,0,0,0,1.688294111745316,1.688294111745316,0,proxy_pcrb,1,20.0,99.99999905574012,20.499999609529002,20,2.5914235876758553,1.0,1,16.0,79.99999927439464,16.49999970975787,16,0.1560984350123811,1.0,89.99999916506734,-2.5453308588925787,80.0,80.0,-2.5269820209695184,-3.600000000000001,-0.9249999829821719,0.0,0.0,0.0,0.0,20.0,20.0,179.99999833013476,36.99999931928687,1.3737610113441183,1.0,0.00998319845977914,1.5261764986120832,0.016814999980852008,3018,shifted_goals,goal
240.37486911472686,20,1,success,0.024555666819505433,0.030028073881219777,0,0,0,1.757220332169179,1.757220332169179,0,proxy_pcrb,1,20.0,99.99999905574012,20.499999609529002,20,2.5914235876758553,1.0,1,16.0,79.99999927439464,16.49999970975787,16,0.1560984350123811,1.0,89.99999916506734,-2.5453308588925787,80.0,80.0,-2.5547992084657496,-3.600000000000001,-0.9249999829821719,0.0,0.0,0.0,0.0,20.0,20.0,179.99999833013476,36.99999931928687,1.3737610113441183,1.0,0.012536837077081187,1.96136294091221,0.01627500000722648,3019,shifted_goals,goal
240.377823859551,20,1,success,0.03166914529987581,0.038556289031846096,0,0,0,1.6541056524482816,1.6541056524482816,0,proxy_pcrb,1,20.0,99.99999905574012,20.499999609529002,20,2.5914235876758553,1.0,1,16.0,79.99999927439464,16.49999970975787,16,0.1560984350123811,1.0,89.99999916506734,-2.5453308588925787,80.0,80.0,-2.5518444636415967,-3.600000000000001,-0.9249999829821719,0.0,0.0,0.0,0.0,20.0,20.0,179.99999833013476,36.99999931928687,1.3737610113441183,1.0,0.01227354562568261,1.460525287067054,0.01615999990463024,3020,shifted_goals,goal
240.42695097680547,20,1,success,0.033049685774021474,0.04160001749666562,0,0,0,1.7032952845154639,1.7032952845154639,0,proxy_pcrb,1,20.0,99.99999905574012,20.499999609529002,20,2.5914235876758553,1.0,1,16.0,79.99999927439464,16.49999970975787,16,0.1560984350123811,1.0,89.99999916506734,-2.5453308588925787,80.0,80.0,-2.5027173463871497,-3.600000000000001,-0.9249999829821719,0.0,0.0,0.0,0.0,20.0,20.0,179.99999833013476,36.99999931928687,1.3737610113441183,1.0,0.009008545552079942,1.4194728096732883,0.016009999853849877,3021,shifted_goals,goal
240.46243565374584,20,1,success,0.02246884366205665,0.02784801355676547,0,0,0,1.9877517523825723,1.9877517523825723,0,proxy_pcrb,1,20.0,99.99999905574012,20.499999609529002,20,2.5914235876758553,1.0,1,16.0,79.99999927439464,16.49999970975787,16,0.1560984350123811,1.0,89.99999916506734,-2.5453308588925787,80.0,80.0,-2.4672326694467763,-3.600000000000001,-0.9249999829821719,0.0,0.0,0.0,0.0,20.0,20.0,179.99999833013476,36.99999931928687,1.3737610113441183,1.0,0.012065299414297018,1.9878056375912712,0.017195000054925913,3022,shifted_goals,goal
240.55445835154055,20,1,success,0.02082489266735818,0.02013353935088462,0,0,0,1.850149483046016,1.850149483046016,0,proxy_pcrb,1,20.0,99.99999905574012,20.499999609529002,20,2.5914235876758553,1.0,1,16.0,79.99999927439464,16.49999970975787,16,0.1560984350123811,1.0,89.99999916506734,-2.5453308588925787,80.0,80.0,-2.375209971652061,-3.600000000000001,-0.9249999829821719,0.0,0.0,0.0,0.0,20.0,20.0,179.99999833013476,36.99999931928687,1.3737610113441183,1.0,0.010011510123143651,2.098459427137351,0.016040000036809943,3023,shifted_goals,goal
240.42077560234586,20,1,success,0.02797057925741444,0.03587052382893703,0,0,0,1.556009206304633,1.556009206304633,0,proxy_pcrb,1,20.0,99.99999905574012,20.499999609529002,20,2.5914235876758553,1.0,1,16.0,79.99999927439464,16.49999970975787,16,0.1560984350123811,1.0,89.99999916506734,-2.5453308588925787,80.0,80.0,-2.5088927208467506,-3.600000000000001,-0.9249999829821719,0.0,0.0,0.0,0.0,20.0,20.0,179.99999833013476,36.99999931928687,1.3737610113441183,1.0,0.010350813443386233,1.5970399389963905,0.016110000160551863,3024,shifted_goals,goal
240.53512321581243,20,1,success,0.028034234724415918,0.021676908384966193,0,0,0,1.3695855647997768,1.3695855647997768,0,proxy_pcrb,1,20.0,99.99999905574012,20.499999609529002,20,2.5914235876758553,1.0,1,16.0,79.99999927439464,16.49999970975787,16,0.1560984350123811,1.0,89.99999916506734,-2.5453308588925787,80.0,80.0,-2.39454510738015,-3.600000000000001,-0.9249999829821719,0.0,0.0,0.0,0.0,20.0,20.0,179.99999833013476,36.99999931928687,1.3737610113441183,1.0,0.01147944619117324,1.360871279615845,0.016449999884571298,3025,shifted_goals,goal
240.3803256983057,20,1,success,0.026582133873360385,0.017046978401840177,0,0,0,1.834705702896859,1.834705702896859,0,proxy_pcrb,1,20.0,99.99999905574012,20.499999609529002,20,2.5914235876758553,1.0,1,16.0,79.99999927439464,16.49999970975787,16,0.1560984350123811,1.0,89.99999916506734,-2.5453308588925787,80.0,80.0,-2.549342624886877,-3.600000000000001,-0.9249999829821719,0.0,0.0,0.0,0.0,20.0,20.0,179.99999833013476,36.99999931928687,1.3737610113441183,1.0,0.011499135122958082,2.08312749738358,0.01664000010350719,3026,shifted_goals,goal
240.32143021867458,20,1,success,0.0345062831674698,0.02115138228950985,0,0,0,1.9514891367232103,1.9514891367232103,0,proxy_pcrb,1,20.0,99.99999905574012,20.499999609529002,20,2.5914235876758553,1.0,1,16.0,79.99999927439464,16.49999970975787,16,0.1560984350123811,1.0,89.99999916506734,-2.5453308588925787,80.0,80.0,-2.608238104518005,-3.600000000000001,-0.9249999829821719,0.0,0.0,0.0,0.0,20.0,20.0,179.99999833013476,36.99999931928687,1.3737610113441183,1.0,0.016108365673190406,1.7291700352134116,0.01614499997231178,3027,shifted_goals,goal
240.3080353970746,20,1,success,0.030613999466122734,0.05414869989467764,0,0,0,1.4335975694748182,1.4335975694748182,0,proxy_pcrb,1,20.0,99.99999905574012,20.499999609529002,20,2.5914235876758553,1.0,1,16.0,79.99999927439464,16.49999970975787,16,0.1560984350123811,1.0,89.99999916506734,-2.5453308588925787,80.0,80.0,-2.621632926118001,-3.600000000000001,-0.9249999829821719,0.0,0.0,0.0,0.0,20.0,20.0,179.99999833013476,36.99999931928687,1.3737610113441183,1.0,0.012979999424286163,1.4136548086711234,0.015970000094966963,3028,shifted_goals,goal
240.4146655568719,20,1,success,0.025060018790145473,0.026156117540379047,0,0,0,1.6335179188502824,1.6335179188502824,0,proxy_pcrb,1,20.0,99.99999905574012,20.499999609529002,20,2.5914235876758553,1.0,1,16.0,79.99999927439464,16.49999970975787,16,0.1560984350123811,1.0,89.99999916506734,-2.5453308588925787,80.0,80.0,-2.51500276632069,-3.600000000000001,-0.9249999829821719,0.0,0.0,0.0,0.0,20.0,20.0,179.99999833013476,36.99999931928687,1.3737610113441183,1.0,0.012611015242538803,1.8417463142940822,0.015939999957481632,3029,shifted_goals,goal
240.33515768890095,20,1,success,0.029873019136423686,0.03881927091516241,0,0,0,1.841924571883257,1.841924571883257,0,proxy_pcrb,1,20.0,99.99999905574012,20.499999609529002,20,2.5914235876758553,1.0,1,16.0,79.99999927439464,16.49999970975787,16,0.1560984350123811,1.0,89.99999916506734,-2.5453308588925787,80.0,80.0,-2.594510634291645,-3.600000000000001,-0.9249999829821719,0.0,0.0,0.0,0.0,20.0,20.0,179.99999833013476,36.99999931928687,1.3737610113441183,1.0,0.01161292480465358,1.8297473624673584,0.01586500011399039,3030,shifted_goals,goal
240.46143134230124,20,1,success,0.027575446219271167,0.03512897244002618,0,0,0,1.453963996062367,1.453963996062367,0,proxy_pcrb,1,20.0,99.99999905574012,20.499999609529002,20,2.5914235876758553,1.0,1,16.0,79.99999927439464,16.49999970975787,16,0.1560984350123811,1.0,89.99999916506734,-2.5453308588925787,80.0,80.0,-2.4682369808913367,-3.600000000000001,-0.9249999829821719,0.0,0.0,0.0,0.0,20.0,20.0,179.99999833013476,36.99999931928687,1.3737610113441183,1.0,0.009565048755995818,1.4328518819243488,0.02239499999632244,3031,shifted_goals,goal
240.35890486634912,20,1,success,0.030446779767199984,0.02863141888871259,0,0,0,1.6143242329666112,1.6143242329666112,0,proxy_pcrb,1,20.0,99.99999905574012,20.499999609529002,20,2.5914235876758553,1.0,1,16.0,79.99999927439464,16.49999970975787,16,0.1560984350123811,1.0,89.99999916506734,-2.5453308588925787,80.0,80.0,-2.570763456843489,-3.600000000000001,-0.9249999829821719,0.0,0.0,0.0,0.0,20.0,20.0,179.99999833013476,36.99999931928687,1.3737610113441183,1.0,0.012612204780721378,1.6414833693348,0.018104999753632,3032,shifted_goals,goal
240.42086177446316,20,1,success,0.028729793379074664,0.03434828710739781,0,0,0,1.485685374122368,1.485685374122368,0,proxy_pcrb,1,20.0,99.99999905574012,20.499999609529002,20,2.5914235876758553,1.0,1,16.0,79.99999927439464,16.49999970975787,16,0.1560984350123811,1.0,89.99999916506734,-2.5453308588925787,80.0,80.0,-2.508806548729435,-3.600000000000001,-0.9249999829821719,0.0,0.0,0.0,0.0,20.0,20.0,179.99999833013476,36.99999931928687,1.3737610113441183,1.0,0.009764959285995172,1.3607200550669927,0.015900000016699778,3033,shifted_goals,goal
240.4129762011214,20,1,success,0.026782906623282542,0.0420737381052779,0,0,0,2.067457953640755,2.067457953640755,0,proxy_pcrb,1,20.0,99.99999905574012,20.499999609529002,20,2.5914235876758553,1.0,1,16.0,79.99999927439464,16.49999970975787,16,0.1560984350123811,1.0,89.99999916506734,-2.5453308588925787,80.0,80.0,-2.516692122071185,-3.600000000000001,-0.9249999829821719,0.0,0.0,0.0,0.0,20.0,20.0,179.99999833013476,36.99999931928687,1.3737610113441183,1.0,0.0130817959964318,1.8434310750186602,0.01825500003178604,3034,shifted_goals,goal
240.38333971163422,20,1,success,0.029535579799343365,0.03062828135630723,0,0,0,1.854368359883141,1.854368359883141,0,proxy_pcrb,1,20.0,99.99999905574012,20.499999609529002,20,2.5914235876758553,1.0,1,16.0,79.99999927439464,16.49999970975787,16,0.1560984350123811,1.0,89.99999916506734,-2.5453308588925787,80.0,80.0,-2.5463286115584203,-3.600000000000001,-0.9249999829821719,0.0,0.0,0.0,0.0,20.0,20.0,179.99999833013476,36.99999931928687,1.3737610113441183,1.0,0.012173890531656873,1.6621664811603976,0.016009999944799347,3035,shifted_goals,goal
240.54606267790837,20,1,success,0.030328203984560008,0.03730921767478079,0,0,0,1.9267767760510166,1.9267767760510168,0,proxy_pcrb,1,20.0,99.99999905574012,20.499999609529002,20,2.5914235876758553,1.0,1,16.0,79.99999927439464,16.49999970975787,16,0.1560984350123811,1.0,89.99999916506734,-2.5453308588925787,80.0,80.0,-2.38360564528423,-3.600000000000001,-0.9249999829821719,0.0,0.0,0.0,0.0,20.0,20.0,179.99999833013476,36.99999931928687,1.3737610113441183,1.0,0.01396306704666953,1.6179501424871068,0.01575000010234362,3036,shifted_goals,goal
240.30401977452408,20,1,success,0.028242843296745368,0.021913344682032147,0,0,0,1.347492513622824,1.3474925136228237,0,proxy_pcrb,1,20.0,99.99999905574012,20.499999609529002,20,2.5914235876758553,1.0,1,16.0,79.99999927439464,16.49999970975787,16,0.1560984350123811,1.0,89.99999916506734,-2.5453308588925787,80.0,80.0,-2.6256485486685177,-3.600000000000001,-0.9249999829821719,0.0,0.0,0.0,0.0,20.0,20.0,179.99999833013476,36.99999931928687,1.3737610113441183,1.0,0.011549082111296377,1.4736673871144743,0.015110000049389782,3037,shifted_goals,goal
240.52531483321837,20,1,success,0.025624454377956685,0.024658564386872694,0,0,0,1.9805341751764267,1.9805341751764267,0,proxy_pcrb,1,20.0,99.99999905574012,20.499999609529002,20,2.5914235876758553,1.0,1,16.0,79.99999927439464,16.49999970975787,16,0.1560984350123811,1.0,89.99999916506734,-2.5453308588925787,80.0,80.0,-2.404353489974251,-3.600000000000001,-0.9249999829821719,0.0,0.0,0.0,0.0,20.0,20.0,179.99999833013476,36.99999931928687,1.3737610113441183,1.0,0.009837316601909663,1.98853573835456,0.015840000151001732,3038,shifted_goals,goal
240.4079532165616,20,1,success,0.027663119059741847,0.02450182205000483,0,0,0,1.8074916351086083,1.8074916351086083,0,proxy_pcrb,1,20.0,99.99999905574012,20.499999609529002,20,2.5914235876758553,1.0,1,16.0,79.99999927439464,16.49999970975787,16,0.1560984350123811,1.0,89.99999916506734,-2.5453308588925787,80.0,80.0,-2.5217151066309977,-3.600000000000001,-0.9249999829821719,0.0,0.0,0.0,0.0,20.0,20.0,179.99999833013476,36.99999931928687,1.3737610113441183,1.0,0.014633943972564817,2.1034336548286516,0.015115000041987514,3039,shifted_goals,goal
240.39567594294422,20,1,success,0.0303415521621531,0.05891265895894959,0,0,0,1.7427143300214882,1.7427143300214885,0,proxy_pcrb,1,20.0,99.99999905574012,20.499999609529002,20,2.5914235876758553,1.0,1,16.0,79.99999927439464,16.49999970975787,16,0.1560984350123811,1.0,89.99999916506734,-2.5453308588925787,80.0,80.0,-2.53399238024838,-3.600000000000001,-0.9249999829821719,0.0,0.0,0.0,0.0,20.0,20.0,179.99999833013476,36.99999931928687,1.3737610113441183,1.0,0.011596751175498654,1.4499813221838551,0.015340000072683324,3040,shifted_goals,goal
240.30921906825424,20,1,success,0.03051359115187307,0.043269708529086556,0,0,0,1.9671011448177516,1.9671011448177516,0,proxy_pcrb,1,20.0,99.99999905574012,20.499999609529002,20,2.5914235876758553,1.0,1,16.0,79.99999927439464,16.49999970975787,16,0.1560984350123811,1.0,89.99999916506734,-2.5453308588925787,80.0,80.0,-2.6204492549383493,-3.600000000000001,-0.9249999829821719,0.0,0.0,0.0,0.0,20.0,20.0,179.99999833013476,36.99999931928687,1.3737610113441183,1.0,0.016155929716402066,1.6508626026954443,0.015010000015536207,3041,shifted_goals,goal
240.46873774435267,20,1,success,0.024434608147003673,0.03194346268933462,0,0,0,1.9163138510198816,1.9163138510198814,0,proxy_pcrb,1,20.0,99.99999905574012,20.499999609529002,20,2.5914235876758553,1.0,1,16.0,79.99999927439464,16.49999970975787,16,0.1560984350123811,1.0,89.99999916506734,-2.5453308588925787,80.0,80.0,-2.460930578839951,-3.600000000000001,-0.9249999829821719,0.0,0.0,0.0,0.0,20.0,20.0,179.99999833013476,36.99999931928687,1.3737610113441183,1.0,0.01177225325979625,1.9445247842277906,0.015394999991258373,3042,shifted_goals,goal
240.3760437811119,20,1,success,0.027143064384096176,0.0250821582656382,0,0,0,2.331885620812927,2.331885620812927,0,proxy_pcrb,1,20.0,99.99999905574012,20.499999609529002,20,2.5914235876758553,1.0,1,16.0,79.99999927439464,16.49999970975787,16,0.1560984350123811,1.0,89.99999916506734,-2.5453308588925787,80.0,80.0,-2.553624542080718,-3.600000000000001,-0.9249999829821719,0.0,0.0,0.0,0.0,20.0,20.0,179.99999833013476,36.99999931928687,1.3737610113441183,1.0,0.01158700376109183,2.195480803851802,0.015189999976428226,3043,shifted_goals,goal
240.2555424352795,20,1,success,0.033555884113574755,0.01607025615474555,0,0,0,1.8694085210169797,1.8694085210169797,0,proxy_pcrb,1,20.0,99.99999905574012,20.499999609529002,20,2.5914235876758553,1.0,1,16.0,79.99999927439464,16.49999970975787,16,0.1560984350123811,1.0,89.99999916506734,-2.5453308588925787,80.0,80.0,-2.6741258879131102,-3.600000000000001,-0.9249999829821719,0.0,0.0,0.0,0.0,20.0,20.0,179.99999833013476,36.99999931928687,1.3737610113441183,1.0,0.014328736404217187,1.5053532241093495,0.01614000007066352,3044,shifted_goals,goal
240.41950725509423,20,1,success,0.029295933467297815,0.06668104787118093,0,0,0,1.674215154966003,1.674215154966003,0,proxy_pcrb,1,20.0,99.99999905574012,20.499999609529002,20,2.5914235876758553,1.0,1,16.0,79.99999927439464,16.49999970975787,16,0.1560984350123811,1.0,89.99999916506734,-2.5453308588925787,80.0,80.0,-2.510161068098401,-3.600000000000001,-0.9249999829821719,0.0,0.0,0.0,0.0,20.0,20.0,179.99999833013476,36.99999931928687,1.3737610113441183,1.0,0.010388841536733539,1.8238381429871187,0.01600499999767635,3045,shifted_goals,goal
240.42590000180857,20,1,success,0.03168080780465541,0.0419617979861667,0,0,0,1.4080390888050613,1.4080390888050613,0,proxy_pcrb,1,20.0,99.99999905574012,20.499999609529002,20,2.5914235876758553,1.0,1,16.0,79.99999927439464,16.49999970975787,16,0.1560984350123811,1.0,89.99999916506734,-2.5453308588925787,80.0,80.0,-2.503768321384055,-3.600000000000001,-0.9249999829821719,0.0,0.0,0.0,0.0,20.0,20.0,179.99999833013476,36.99999931928687,1.3737610113441183,1.0,0.014320691012818543,1.4331403741097433,0.015524999935223605,3046,shifted_goals,goal
240.4801106681183,20,1,success,0.022783637153534188,0.034246876346593784,0,0,0,1.7804563669300275,1.7804563669300275,0,proxy_pcrb,1,20.0,99.99999905574012,20.499999609529002,20,2.5914235876758553,1.0,1,16.0,79.99999927439464,16.49999970975787,16,0.1560984350123811,1.0,89.99999916506734,-2.5453308588925787,80.0,80.0,-2.449557655074278,-3.600000000000001,-0.9249999829821719,0.0,0.0,0.0,0.0,20.0,20.0,179.99999833013476,36.99999931928687,1.3737610113441183,1.0,0.011678448547341977,1.627068228474707,0.01519999996162369,3047,shifted_goals,goal
240.3694497528129,20,1,success,0.02847800248627328,0.04157330606359309,0,0,0,1.8320559482723413,1.8320559482723413,0,proxy_pcrb,1,20.0,99.99999905574012,20.499999609529002,20,2.5914235876758553,1.0,1,16.0,79.99999927439464,16.49999970975787,16,0.1560984350123811,1.0,89.99999916506734,-2.5453308588925787,80.0,80.0,-2.5602185703797007,-3.600000000000001,-0.9249999829821719,0.0,0.0,0.0,0.0,20.0,20.0,179.99999833013476,36.99999931928687,1.3737610113441183,1.0,0.011150024709518133,1.690045306934585,0.015609999991283985,3048,shifted_goals,goal
240.48665364894325,20,1,success,0.030365966593645172,0.057102554958402135,0,0,0,1.6557237488142578,1.6557237488142578,0,proxy_pcrb,1,20.0,99.99999905574012,20.499999609529002,20,2.5914235876758553,1.0,1,16.0,79.99999927439464,16.49999970975787,16,0.1560984350123811,1.0,89.99999916506734,-2.5453308588925787,80.0,80.0,-2.4430146742493677,-3.600000000000001,-0.9249999829821719,0.0,0.0,0.0,0.0,20.0,20.0,179.99999833013476,36.99999931928687,1.3737610113441183,1.0,0.012847512314047932,1.463193812066629,0.01610500016795413,3049,shifted_goals,goal
240.3810459596471,20,1,success,0.03142460761983695,0.03895439735088685,0,0,0,1.684849027420678,1.684849027420678,0,proxy_pcrb,1,20.0,99.99999905574012,20.499999609529002,20,2.5914235876758553,1.0,1,16.0,79.99999927439464,16.49999970975787,16,0.1560984350123811,1.0,89.99999916506734,-2.5453308588925787,80.0,80.0,-2.548622363545465,-3.600000000000001,-0.9249999829821719,0.0,0.0,0.0,0.0,20.0,20.0,179.99999833013476,36.99999931928687,1.3737610113441183,1.0,0.012967380912608096,1.6581824347913292,0.016460000051665702,3050,shifted_goals,goal
240.49090051441607,20,1,success,0.030001304313162298,0.032660589853714124,0,0,0,2.2329148539174084,2.2329148539174084,0,proxy_pcrb,1,20.0,99.99999993616468,20.499999961698805,20,2.591422707253419,1.0,1,16.0,79.999999986052,16.49999999442081,16,0.15609772339368055,1.0,89.99999996108794,-2.545330835171995,80.0,80.0,-2.4387686125968555,-3.600000000000001,-0.92499999890299,0.0,0.0,0.0,0.0,20.0,20.0,179.9999999222167,36.999999956119616,1.3737602153235497,1.0,0.007894376988200105,2.538900312931336,4.393674999892028,3001,shifted_goals,sa
240.28803379480533,20,1,success,0.03845655580896411,0.09588237169682999,0,0,0,2.557962872394614,2.557962872394614,0,proxy_pcrb,1,20.0,99.99999993616468,20.499999961698805,20,2.591422707253419,1.0,1,16.0,79.999999986052,16.49999999442081,16,0.15609772339368055,1.0,89.99999996108794,-2.545330835171995,80.0,80.0,-2.6416353322076187,-3.600000000000001,-0.92499999890299,0.0,0.0,0.0,0.0,20.0,20.0,179.9999999222167,36.999999956119616,1.3737602153235497,1.0,0.012460913913803334,2.2533514488956987,4.406160000007731,3002,shifted_goals,sa
240.369559148099,20,1,success,0.039027096774261666,0.12485507553200559,0,0,0,1.5763604360655594,1.5763604360655594,0,proxy_pcrb,1,20.0,99.99999993616468,20.499999961698805,20,2.591422707253419,1.0,1,16.0,79.999999986052,16.49999999442081,16,0.15609772339368055,1.0,89.99999996108794,-2.545330835171995,80.0,80.0,-2.5601099789139403,-3.600000000000001,-0.92499999890299,0.0,0.0,0.0,0.0,20.0,20.0,179.9999999222167,36.999999956119616,1.3737602153235497,1.0,0.008149998853813525,1.5069295411970747,4.599450000023353,3003,shifted_goals,sa
240.31838755882808,20,1,success,0.031814045800508464,0.03268122453056818,0,0,0,1.7438840004984704,1.7438840004984704,0,proxy_pcrb,1,20.0,99.99999993616468,20.499999961698805,20,2.591422707253419,1.0,1,16.0,79.999999986052,16.49999999442081,16,0.15609772339368055,1.0,89.99999996108794,-2.545330835171995,80.0,80.0,-2.6112815681848907,-3.600000000000001,-0.92499999890299,0.0,0.0,0.0,0.0,20.0,20.0,179.9999999222167,36.999999956119616,1.3737602153235497,1.0,0.013256431931536037,1.618825699996357,4.623125000034634,3004,shifted_goals,sa
240.50633304620567,20,1,success,0.028547963973210515,0.024953113952025815,0,0,0,1.724203624064243,1.724203624064243,0,proxy_pcrb,1,20.0,99.99999993616468,20.499999961698805,20,2.591422707253419,1.0,1,16.0,79.999999986052,16.49999999442081,16,0.15609772339368055,1.0,89.99999996108794,-2.545330835171995,80.0,80.0,-2.4233360808072746,-3.600000000000001,-0.92499999890299,0.0,0.0,0.0,0.0,20.0,20.0,179.9999999222167,36.999999956119616,1.3737602153235497,1.0,0.008102136976270186,1.8248534570246866,4.505769999923359,3005,shifted_goals,sa
240.4703640434715,20,1,success,0.024796002013706037,0.034597973885053895,0,0,0,1.598684870076984,1.598684870076984,0,proxy_pcrb,1,20.0,99.99999993616468,20.499999961698805,20,2.591422707253419,1.0,1,16.0,79.999999986052,16.49999999442081,16,0.15609772339368055,1.0,89.99999996108794,-2.545330835171995,80.0,80.0,-2.4593050835414165,-3.600000000000001,-0.92499999890299,0.0,0.0,0.0,0.0,20.0,20.0,179.9999999222167,36.999999956119616,1.3737602153235497,1.0,0.011212600349259465,1.5224145569345215,4.679230000010648,3006,shifted_goals,sa
240.3953083788455,20,1,success,0.02587475855579648,0.04939494525377787,0,0,0,1.805338841928577,1.805338841928577,0,proxy_pcrb,1,20.0,99.99999993616468,20.499999961698805,20,2.591422707253419,1.0,1,16.0,79.999999986052,16.49999999442081,16,0.15609772339368055,1.0,89.99999996108794,-2.545330835171995,80.0,80.0,-2.534360748167438,-3.600000000000001,-0.92499999890299,0.0,0.0,0.0,0.0,20.0,20.0,179.9999999222167,36.999999956119616,1.3737602153235497,1.0,0.01169397847720632,2.0175290653868525,4.460785000037504,3007,shifted_goals,sa
240.50623315987735,20,1,success,0.027176559899273072,0.043180745721549396,0,0,0,1.8506299707581426,1.8506299707581426,0,proxy_pcrb,1,20.0,99.99999993616468,20.499999961698805,20,2.591422707253419,1.0,1,16.0,79.999999986052,16.49999999442081,16,0.15609772339368055,1.0,89.99999996108794,-2.545330835171995,80.0,80.0,-2.4234359671355947,-3.600000000000001,-0.92499999890299,0.0,0.0,0.0,0.0,20.0,20.0,179.9999999222167,36.999999956119616,1.3737602153235497,1.0,0.009881756122565737,1.7712733650918249,4.479934999972102,3008,shifted_goals,sa
240.46014808187016,20,1,success,0.025818126422006503,0.043555762221880095,0,0,0,1.8460192835474785,1.8460192835474785,0,proxy_pcrb,1,20.0,99.99999993616468,20.499999961698805,20,2.591422707253419,1.0,1,16.0,79.999999986052,16.49999999442081,16,0.15609772339368055,1.0,89.99999996108794,-2.545330835171995,80.0,80.0,-2.4695210451427774,-3.600000000000001,-0.92499999890299,0.0,0.0,0.0,0.0,20.0,20.0,179.9999999222167,36.999999956119616,1.3737602153235497,1.0,0.011297657183565107,2.230149044670731,4.406074999906195,3009,shifted_goals,sa
240.44402612307505,20,1,success,0.02876650938937022,0.04992756557550408,0,0,0,1.896891034142286,1.896891034142286,0,proxy_pcrb,1,20.0,99.99999993616468,20.499999961698805,20,2.591422707253419,1.0,1,16.0,79.999999986052,16.49999999442081,16,0.15609772339368055,1.0,89.99999996108794,-2.545330835171995,80.0,80.0,-2.485643003937911,-3.600000000000001,-0.92499999890299,0.0,0.0,0.0,0.0,20.0,20.0,179.9999999222167,36.999999956119616,1.3737602153235497,1.0,0.010042106576739183,1.7463374735221768,4.410374999952182,3010,shifted_goals,sa
240.49336162096844,20,1,success,0.022667471174389782,0.023478889026975622,0,0,0,1.5136683429293465,1.5136683429293465,0,proxy_pcrb,1,20.0,99.99999993616468,20.499999961698805,20,2.591422707253419,1.0,1,16.0,79.999999986052,16.49999999442081,16,0.15609772339368055,1.0,89.99999996108794,-2.545330835171995,80.0,80.0,-2.4363075060444843,-3.600000000000001,-0.92499999890299,0.0,0.0,0.0,0.0,20.0,20.0,179.9999999222167,36.999999956119616,1.3737602153235497,1.0,0.009517813788378996,1.4170049936263756,4.629634999992049,3011,shifted_goals,sa
240.43274266344034,20,1,success,0.029083305920819924,0.05153744227828688,0,0,0,1.9815731738192115,1.9815731738192113,0,proxy_pcrb,1,20.0,99.99999993616468,20.499999961698805,20,2.591422707253419,1.0,1,16.0,79.999999986052,16.49999999442081,16,0.15609772339368055,1.0,89.99999996108794,-2.545330835171995,80.0,80.0,-2.4969264635725996,-3.600000000000001,-0.92499999890299,0.0,0.0,0.0,0.0,20.0,20.0,179.9999999222167,36.999999956119616,1.3737602153235497,1.0,0.009975675955561153,1.618681413548028,4.481320000058986,3012,shifted_goals,sa
240.37392489149818,20,1,success,0.029342882681064913,0.06794507259085147,0,0,0,1.8000436330361085,1.8000436330361085,0,proxy_pcrb,1,20.0,99.99999993616468,20.499999961698805,20,2.591422707253419,1.0,1,16.0,79.999999986052,16.49999999442081,16,0.15609772339368055,1.0,89.99999996108794,-2.545330835171995,80.0,80.0,-2.5557442355147386,-3.600000000000001,-0.92499999890299,0.0,0.0,0.0,0.0,20.0,20.0,179.9999999222167,36.999999956119616,1.3737602153235497,1.0,0.011320875656364329,2.0641154350793793,4.414139999971667,3013,shifted_goals,sa
240.40299573220625,20,1,success,0.033289135078002685,0.08796676457394864,0,0,0,1.5811057807121502,1.5811057807121502,0,proxy_pcrb,1,20.0,99.99999993616468,20.499999961698805,20,2.591422707253419,1.0,1,16.0,79.999999986052,16.49999999442081,16,0.15609772339368055,1.0,89.99999996108794,-2.545330835171995,80.0,80.0,-2.526673394806692,-3.600000000000001,-0.92499999890299,0.0,0.0,0.0,0.0,20.0,20.0,179.9999999222167,36.999999956119616,1.3737602153235497,1.0,0.009459134631864253,1.5158029645873206,4.480900000180554,3014,shifted_goals,sa
240.3641402750455,20,1,success,0.030559783567715694,0.04885051066694368,0,0,0,1.8736921264320765,1.8736921264320765,0,proxy_pcrb,1,20.0,99.99999993616468,20.499999961698805,20,2.591422707253419,1.0,1,16.0,79.999999986052,16.49999999442081,16,0.15609772339368055,1.0,89.99999996108794,-2.545330835171995,80.0,80.0,-2.5655288519674624,-3.600000000000001,-0.92499999890299,0.0,0.0,0.0,0.0,20.0,20.0,179.9999999222167,36.999999956119616,1.3737602153235497,1.0,0.011635265801388243,1.6348227137064257,4.417830000011236,3015,shifted_goals,sa
240.30483260877477,20,1,success,0.031365090780204885,0.10316135924836856,0,0,0,1.599497794191966,1.599497794191966,0,proxy_pcrb,1,20.0,99.99999993616468,20.499999961698805,20,2.591422707253419,1.0,1,16.0,79.999999986052,16.49999999442081,16,0.15609772339368055,1.0,89.99999996108794,-2.545330835171995,80.0,80.0,-2.6248365182381517,-3.600000000000001,-0.92499999890299,0.0,0.0,0.0,0.0,20.0,20.0,179.9999999222167,36.999999956119616,1.3737602153235497,1.0,0.012888569974908481,1.620638637234327,4.40578499988078,3016,shifted_goals,sa
240.5541940681032,20,1,success,0.021928906152187237,0.031962095233345575,0,0,0,1.745698135377808,1.745698135377808,0,proxy_pcrb,1,20.0,99.99999993616468,20.499999961698805,20,2.591422707253419,1.0,1,16.0,79.999999986052,16.49999999442081,16,0.15609772339368055,1.0,89.99999996108794,-2.545330835171995,80.0,80.0,-2.3754750589097715,-3.600000000000001,-0.92499999890299,0.0,0.0,0.0,0.0,20.0,20.0,179.9999999222167,36.999999956119616,1.3737602153235497,1.0,0.008114911526961458,1.6969877564680627,4.394419999925958,3017,shifted_goals,sa
240.40268711818356,20,1,success,0.03351356037405846,0.028482124595613625,0,0,0,1.688294111745316,1.688294111745316,0,proxy_pcrb,1,20.0,99.99999993616468,20.499999961698805,20,2.591422707253419,1.0,1,16.0,79.999999986052,16.49999999442081,16,0.15609772339368055,1.0,89.99999996108794,-2.545330835171995,80.0,80.0,-2.5269820088293815,-3.600000000000001,-0.92499999890299,0.0,0.0,0.0,0.0,20.0,20.0,179.9999999222167,36.999999956119616,1.3737602153235497,1.0,0.009983198466017812,1.5261764986120832,4.723384999897462,3018,shifted_goals,sa
240.37486992994792,20,1,success,0.02455566618608736,0.030028071363582074,0,0,0,1.757220332169179,1.757220332169179,0,proxy_pcrb,1,20.0,99.99999993616468,20.499999961698805,20,2.591422707253419,1.0,1,16.0,79.999999986052,16.49999999442081,16,0.15609772339368055,1.0,89.99999996108794,-2.545330835171995,80.0,80.0,-2.5547991970650137,-3.600000000000001,-0.92499999890299,0.0,0.0,0.0,0.0,20.0,20.0,179.9999999222167,36.999999956119616,1.3737602153235497,1.0,0.012536837141417123,1.96136294091221,4.398714999979347,3019,shifted_goals,sa
240.37782467557315,20,1,success,0.031669144476916045,0.03855628630379094,0,0,0,1.6541056524482816,1.6541056524482816,0,proxy_pcrb,1,20.0,99.99999993616468,20.499999961698805,20,2.591422707253419,1.0,1,16.0,79.999999986052,16.49999999442081,16,0.15609772339368055,1.0,89.99999996108794,-2.545330835171995,80.0,80.0,-2.551844451439801,-3.600000000000001,-0.92499999890299,0.0,0.0,0.0,0.0,20.0,20.0,179.9999999222167,36.999999956119616,1.3737602153235497,1.0,0.012273545609270475,1.460525287067054,4.413079999949332,3020,shifted_goals,sa
240.42695178930245,20,1,success,0.033049684982011426,0.04160001448896557,0,0,0,1.7032952845154639,1.7032952845154639,0,proxy_pcrb,1,20.0,99.99999993616468,20.499999961698805,20,2.591422707253419,1.0,1,16.0,79.999999986052,16.49999999442081,16,0.15609772339368055,1.0,89.99999996108794,-2.545330835171995,80.0,80.0,-2.5027173377104894,-3.600000000000001,-0.92499999890299,0.0,0.0,0.0,0.0,20.0,20.0,179.9999999222167,36.999999956119616,1.3737602153235497,1.0,0.009008545597858807,1.4194728096732883,4.542644999946788,3021,shifted_goals,sa
240.46243647453446,20,1,success,0.02246884291439611,0.027848010480736783,0,0,0,1.9877517523825723,1.9877517523825723,0,proxy_pcrb,1,20.0,99.99999993616468,20.499999961698805,20,2.591422707253419,1.0,1,16.0,79.999999986052,16.49999999442081,16,0.15609772339368055,1.0,89.99999996108794,-2.545330835171995,80.0,80.0,-2.467232652478495,-3.600000000000001,-0.92499999890299,0.0,0.0,0.0,0.0,20.0,20.0,179.9999999222167,36.999999956119616,1.3737602153235497,1.0,0.012065299423720123,1.9878056375912712,4.394580000052883,3022,shifted_goals,sa
240.55445917409742,20,1,success,0.02082489192152452,0.020133537295823636,0,0,0,1.850149483046016,1.850149483046016,0,proxy_pcrb,1,20.0,99.99999993616468,20.499999961698805,20,2.591422707253419,1.0,1,16.0,79.999999986052,16.49999999442081,16,0.15609772339368055,1.0,89.99999996108794,-2.545330835171995,80.0,80.0,-2.375209952915541,-3.600000000000001,-0.92499999890299,0.0,0.0,0.0,0.0,20.0,20.0,179.9999999222167,36.999999956119616,1.3737602153235497,1.0,0.010011510133583876,2.098459427137351,4.40532999991774,3023,shifted_goals,sa
240.42077641889017,20,1,success,0.02797057849485831,0.03587052116779886,0,0,0,1.556009206304633,1.556009206304633,0,proxy_pcrb,1,20.0,99.99999993616468,20.499999961698805,20,2.591422707253419,1.0,1,16.0,79.999999986052,16.49999999442081,16,0.15609772339368055,1.0,89.99999996108794,-2.545330835171995,80.0,80.0,-2.5088927081227292,-3.600000000000001,-0.92499999890299,0.0,0.0,0.0,0.0,20.0,20.0,179.9999999222167,36.999999956119616,1.3737602153235497,1.0,0.010350813402046324,1.5970399389963905,4.397409999910451,3024,shifted_goals,sa
240.53512403571702,20,1,success,0.02803423398651576,0.02167690576894479,0,0,0,1.3695855647997768,1.3695855647997768,0,proxy_pcrb,1,20.0,99.99999993616468,20.499999961698805,20,2.591422707253419,1.0,1,16.0,79.999999986052,16.49999999442081,16,0.15609772339368055,1.0,89.99999996108794,-2.545330835171995,80.0,80.0,-2.39454509129592,-3.600000000000001,-0.92499999890299,0.0,0.0,0.0,0.0,20.0,20.0,179.9999999222167,36.999999956119616,1.3737602153235497,1.0,0.01147944632221313,1.360871279615845,4.352755000081743,3025,shifted_goals,sa
240.38032651691026,20,1,success,0.026582133005316762,0.017046976087270044,0,0,0,1.834705702896859,1.834705702896859,0,proxy_pcrb,1,20.0,99.99999993616468,20.499999961698805,20,2.591422707253419,1.0,1,16.0,79.999999986052,16.49999999442081,16,0.15609772339368055,1.0,89.99999996108794,-2.545330835171995,80.0,80.0,-2.5493426101026815,-3.600000000000001,-0.92499999890299,0.0,0.0,0.0,0.0,20.0,20.0,179.9999999222167,36.999999956119616,1.3737602153235497,1.0,0.011499135152722464,2.08312749738358,4.361709999875529,3026,shifted_goals,sa
240.321431036987,20,1,success,0.0345062823460636,0.021151380179109842,0,0,0,1.9514891367232103,1.9514891367232103,0,proxy_pcrb,1,20.0,99.99999993616468,20.499999961698805,20,2.591422707253419,1.0,1,16.0,79.999999986052,16.49999999442081,16,0.15609772339368055,1.0,89.99999996108794,-2.545330835171995,80.0,80.0,-2.6082380900259072,-3.600000000000001,-0.92499999890299,0.0,0.0,0.0,0.0,20.0,20.0,179.9999999222167,36.999999956119616,1.3737602153235497,1.0,0.01610836569101995,1.7291700352134116,4.379474999996091,3027,shifted_goals,sa
240.30803621479282,20,1,success,0.030613998763222017,0.054148696620061235,0,0,0,1.4335975694748182,1.4335975694748182,0,proxy_pcrb,1,20.0,99.99999993616468,20.499999961698805,20,2.591422707253419,1.0,1,16.0,79.999999986052,16.49999999442081,16,0.15609772339368055,1.0,89.99999996108794,-2.545330835171995,80.0,80.0,-2.6216329122201256,-3.600000000000001,-0.92499999890299,0.0,0.0,0.0,0.0,20.0,20.0,179.9999999222167,36.999999956119616,1.3737602153235497,1.0,0.01297999943198756,1.4136548086711234,4.411960000106774,3028,shifted_goals,sa
240.41466637511712,20,1,success,0.025060017947691537,0.026156114895455496,0,0,0,1.6335179188502824,1.6335179188502824,0,proxy_pcrb,1,20.0,99.99999993616468,20.499999961698805,20,2.591422707253419,1.0,1,16.0,79.999999986052,16.49999999442081,16,0.15609772339368055,1.0,89.99999996108794,-2.545330835171995,80.0,80.0,-2.515002751895824,-3.600000000000001,-0.92499999890299,0.0,0.0,0.0,0.0,20.0,20.0,179.9999999222167,36.999999956119616,1.3737602153235497,1.0,0.012611015263329842,1.8417463142940822,4.360975000008693,3029,shifted_goals,sa
240.33515849894752,20,1,success,0.029873018518276784,0.038819268185585315,0,0,0,1.841924571883257,1.841924571883257,0,proxy_pcrb,1,20.0,99.99999993616468,20.499999961698805,20,2.591422707253419,1.0,1,16.0,79.999999986052,16.49999999442081,16,0.15609772339368055,1.0,89.99999996108794,-2.545330835171995,80.0,80.0,-2.5945106280654064,-3.600000000000001,-0.92499999890299,0.0,0.0,0.0,0.0,20.0,20.0,179.9999999222167,36.999999956119616,1.3737602153235497,1.0,0.011612924957557457,1.8297473624673584,4.430924999951458,3030,shifted_goals,sa
240.46143215674886,20,1,success,0.027575445358022706,0.035128969486010395,0,0,0,1.453963996062367,1.453963996062367,0,proxy_pcrb,1,20.0,99.99999993616468,20.499999961698805,20,2.591422707253419,1.0,1,16.0,79.999999986052,16.49999999442081,16,0.15609772339368055,1.0,89.99999996108794,-2.545330835171995,80.0,80.0,-2.468236970264105,-3.600000000000001,-0.92499999890299,0.0,0.0,0.0,0.0,20.0,20.0,179.9999999222167,36.999999956119616,1.3737602153235497,1.0,0.009565048805034837,1.4328518819243488,4.509719999987283,3031,shifted_goals,sa
240.3589056799529,20,1,success,0.030446778962737824,0.02863141608082712,0,0,0,1.6143242329666112,1.6143242329666112,0,proxy_pcrb,1,20.0,99.99999993616468,20.499999961698805,20,2.591422707253419,1.0,1,16.0,79.999999986052,16.49999999442081,16,0.15609772339368055,1.0,89.99999996108794,-2.545330835171995,80.0,80.0,-2.5707634470600302,-3.600000000000001,-0.92499999890299,0.0,0.0,0.0,0.0,20.0,20.0,179.9999999222167,36.999999956119616,1.3737602153235497,1.0,0.012612205005861524,1.6414833693348,4.3975350000437174,3032,shifted_goals,sa
240.4208625868668,20,1,success,0.02872979260674107,0.034348284127528154,0,0,0,1.485685374122368,1.485685374122368,0,proxy_pcrb,1,20.0,99.99999993616468,20.499999961698805,20,2.591422707253419,1.0,1,16.0,79.999999986052,16.49999999442081,16,0.15609772339368055,1.0,89.99999996108794,-2.545330835171995,80.0,80.0,-2.508806540146141,-3.600000000000001,-0.92499999890299,0.0,0.0,0.0,0.0,20.0,20.0,179.9999999222167,36.999999956119616,1.3737602153235497,1.0,0.00976495936097343,1.3607200550669927,4.452145000141172,3033,shifted_goals,sa
240.41297701951635,20,1,success,0.02678290578974519,0.04207373525410098,0,0,0,2.067457953640755,2.067457953640755,0,proxy_pcrb,1,20.0,99.99999993616468,20.499999961698805,20,2.591422707253419,1.0,1,16.0,79.999999986052,16.49999999442081,16,0.15609772339368055,1.0,89.99999996108794,-2.545330835171995,80.0,80.0,-2.5166921074966004,-3.600000000000001,-0.92499999890299,0.0,0.0,0.0,0.0,20.0,20.0,179.9999999222167,36.999999956119616,1.3737602153235497,1.0,0.01308179608303541,1.8434310750186602,4.406675000109317,3034,shifted_goals,sa
240.38334052761593,20,1,success,0.02953557901194051,0.03062827888868779,0,0,0,1.854368359883141,1.854368359883141,0,proxy_pcrb,1,20.0,99.99999993616468,20.499999961698805,20,2.591422707253419,1.0,1,16.0,79.999999986052,16.49999999442081,16,0.15609772339368055,1.0,89.99999996108794,-2.545330835171995,80.0,80.0,-2.546328599396982,-3.600000000000001,-0.92499999890299,0.0,0.0,0.0,0.0,20.0,20.0,179.9999999222167,36.999999956119616,1.3737602153235497,1.0,0.012173890683221448,1.6621664811603976,4.8163299999941955,3035,shifted_goals,sa
240.5460634930787,20,1,success,0.030328203377480677,0.0373092147989732,0,0,0,1.9267767760510166,1.9267767760510168,0,proxy_pcrb,1,20.0,99.99999993616468,20.499999961698805,20,2.591422707253419,1.0,1,16.0,79.999999986052,16.49999999442081,16,0.15609772339368055,1.0,89.99999996108794,-2.545330835171995,80.0,80.0,-2.383605633934261,-3.600000000000001,-0.92499999890299,0.0,0.0,0.0,0.0,20.0,20.0,179.9999999222167,36.999999956119616,1.3737602153235497,1.0,0.013963067033234609,1.6179501424871068,4.388115000028847,3036,shifted_goals,sa
240.3040205918514,20,1,success,0.0282428425082197,0.021913342024093882,0,0,0,1.347492513622824,1.3474925136228237,0,proxy_pcrb,1,20.0,99.99999993616468,20.499999961698805,20,2.591422707253419,1.0,1,16.0,79.999999986052,16.49999999442081,16,0.15609772339368055,1.0,89.99999996108794,-2.545330835171995,80.0,80.0,-2.625648535161538,-3.600000000000001,-0.92499999890299,0.0,0.0,0.0,0.0,20.0,20.0,179.9999999222167,36.999999956119616,1.3737602153235497,1.0,0.011549082143286959,1.4736673871144743,4.427300000133982,3037,shifted_goals,sa
240.5253156559241,20,1,success,0.025624453550130134,0.024658561495523375,0,0,0,1.9805341751764267,1.9805341751764267,0,proxy_pcrb,1,20.0,99.99999993616468,20.499999961698805,20,2.591422707253419,1.0,1,16.0,79.999999986052,16.49999999442081,16,0.15609772339368055,1.0,89.99999996108794,-2.545330835171995,80.0,80.0,-2.4043534710888244,-3.600000000000001,-0.92499999890299,0.0,0.0,0.0,0.0,20.0,20.0,179.9999999222167,36.999999956119616,1.3737602153235497,1.0,0.009837316559337077,1.98853573835456,4.976935000013327,3038,shifted_goals,sa
240.40795403526712,20,1,success,0.02766311841518348,0.024501819403283814,0,0,0,1.8074916351086083,1.8074916351086083,0,proxy_pcrb,1,20.0,99.99999993616468,20.499999961698805,20,2.591422707253419,1.0,1,16.0,79.999999986052,16.49999999442081,16,0.15609772339368055,1.0,89.99999996108794,-2.545330835171995,80.0,80.0,-2.521715091745816,-3.600000000000001,-0.92499999890299,0.0,0.0,0.0,0.0,20.0,20.0,179.9999999222167,36.999999956119616,1.3737602153235497,1.0,0.014633944123035241,2.1034336548286516,4.9223750000692235,3039,shifted_goals,sa
240.39567676140524,20,1,success,0.030341551166801504,0.058912655143880874,0,0,0,1.7427143300214882,1.7427143300214885,0,proxy_pcrb,1,20.0,99.99999993616468,20.499999961698805,20,2.591422707253419,1.0,1,16.0,79.999999986052,16.49999999442081,16,0.15609772339368055,1.0,89.99999996108794,-2.545330835171995,80.0,80.0,-2.533992365607706,-3.600000000000001,-0.92499999890299,0.0,0.0,0.0,0.0,20.0,20.0,179.9999999222167,36.999999956119616,1.3737602153235497,1.0,0.011596751019310856,1.4499813221838551,4.513959999894723,3040,shifted_goals,sa
240.3092198832951,20,1,success,0.030513590435078425,0.04326970577397165,0,0,0,1.9671011448177516,1.9671011448177516,0,proxy_pcrb,1,20.0,99.99999993616468,20.499999961698805,20,2.591422707253419,1.0,1,16.0,79.999999986052,16.49999999442081,16,0.15609772339368055,1.0,89.99999996108794,-2.545330835171995,80.0,80.0,-2.6204492437178115,-3.600000000000001,-0.92499999890299,0.0,0.0,0.0,0.0,20.0,20.0,179.9999999222167,36.999999956119616,1.3737602153235497,1.0,0.016155929998323784,1.6508626026954443,4.996940000046379,3041,shifted_goals,sa
240.46873856278523,20,1,success,0.024434607490574366,0.031943460021843825,0,0,0,1.9163138510198816,1.9163138510198814,0,proxy_pcrb,1,20.0,99.99999993616468,20.499999961698805,20,2.591422707253419,1.0,1,16.0,79.999999986052,16.49999999442081,16,0.15609772339368055,1.0,89.99999996108794,-2.545330835171995,80.0,80.0,-2.4609305642276933,-3.600000000000001,-0.92499999890299,0.0,0.0,0.0,0.0,20.0,20.0,179.9999999222167,36.999999956119616,1.3737602153235497,1.0,0.01177225334786917,1.9445247842277906,4.531524999993053,3042,shifted_goals,sa
240.37604460341385,20,1,success,0.027143063523452565,0.025082155930465803,0,0,0,2.331885620812927,2.331885620812927,0,proxy_pcrb,1,20.0,99.99999993616468,20.499999961698805,20,2.591422707253419,1.0,1,16.0,79.999999986052,16.49999999442081,16,0.15609772339368055,1.0,89.99999996108794,-2.545330835171995,80.0,80.0,-2.553624523599095,-3.600000000000001,-0.92499999890299,0.0,0.0,0.0,0.0,20.0,20.0,179.9999999222167,36.999999956119616,1.3737602153235497,1.0,0.011587003658095677,2.195480803851802,4.441284999938944,3043,shifted_goals,sa
240.2555432493684,20,1,success,0.03355588319266607,0.01607025431726837,0,0,0,1.8694085210169797,1.8694085210169797,0,proxy_pcrb,1,20.0,99.99999993616468,20.499999961698805,20,2.591422707253419,1.0,1,16.0,79.999999986052,16.49999999442081,16,0.15609772339368055,1.0,89.99999996108794,-2.545330835171995,80.0,80.0,-2.674125877644523,-3.600000000000001,-0.92499999890299,0.0,0.0,0.0,0.0,20.0,20.0,179.9999999222167,36.999999956119616,1.3737602153235497,1.0,0.014328736340070652,1.5053532241093495,4.546170000048733,3044,shifted_goals,sa
240.419508069976,20,1,success,0.029295932746288954,0.06668104428637504,0,0,0,1.674215154966003,1.674215154966003,0,proxy_pcrb,1,20.0,99.99999993616468,20.499999961698805,20,2.591422707253419,1.0,1,16.0,79.999999986052,16.49999999442081,16,0.15609772339368055,1.0,89.99999996108794,-2.545330835171995,80.0,80.0,-2.5101610570369504,-3.600000000000001,-0.92499999890299,0.0,0.0,0.0,0.0,20.0,20.0,179.9999999222167,36.999999956119616,1.3737602153235497,1.0,0.010388841624239645,1.8238381429871187,4.613910000034593,3045,shifted_goals,sa
240.42590081420656,20,1,success,0.03168080704088557,0.04196179520279969,0,0,0,1.4080390888050613,1.4080390888050613,0,proxy_pcrb,1,20.0,99.99999993616468,20.499999961698805,20,2.591422707253419,1.0,1,16.0,79.999999986052,16.49999999442081,16,0.15609772339368055,1.0,89.99999996108794,-2.545330835171995,80.0,80.0,-2.503768312806415,-3.600000000000001,-0.92499999890299,0.0,0.0,0.0,0.0,20.0,20.0,179.9999999222167,36.999999956119616,1.3737602153235497,1.0,0.014320691176005308,1.4331403741097433,4.394835000130115,3046,shifted_goals,sa
240.48011148672748,20,1,success,0.022783636384526983,0.03424687331207553,0,0,0,1.7804563669300275,1.7804563669300275,0,proxy_pcrb,1,20.0,99.99999993616468,20.499999961698805,20,2.591422707253419,1.0,1,16.0,79.999999986052,16.49999999442081,16,0.15609772339368055,1.0,89.99999996108794,-2.545330835171995,80.0,80.0,-2.4495576402854513,-3.600000000000001,-0.92499999890299,0.0,0.0,0.0,0.0,20.0,20.0,179.9999999222167,36.999999956119616,1.3737602153235497,1.0,0.011678448686686207,1.627068228474707,4.477509999742324,3047,shifted_goals,sa
240.36945056274817,20,1,success,0.028478001872363358,0.041573303385000246,0,0,0,1.8320559482723413,1.8320559482723413,0,proxy_pcrb,1,20.0,99.99999993616468,20.499999961698805,20,2.591422707253419,1.0,1,16.0,79.999999986052,16.49999999442081,16,0.15609772339368055,1.0,89.99999996108794,-2.545330835171995,80.0,80.0,-2.560218564264745,-3.600000000000001,-0.92499999890299,0.0,0.0,0.0,0.0,20.0,20.0,179.9999999222167,36.999999956119616,1.3737602153235497,1.0,0.011150024797631714,1.690045306934585,4.350414999862551,3048,shifted_goals,sa
240.4866544642933,20,1,success,0.03036596566269161,0.05710255201388362,0,0,0,1.6557237488142578,1.6557237488142578,0,proxy_pcrb,1,20.0,99.99999993616468,20.499999961698805,20,2.591422707253419,1.0,1,16.0,79.999999986052,16.49999999442081,16,0.15609772339368055,1.0,89.99999996108794,-2.545330835171995,80.0,80.0,-2.443014662719622,-3.600000000000001,-0.92499999890299,0.0,0.0,0.0,0.0,20.0,20.0,179.9999999222167,36.999999956119616,1.3737602153235497,1.0,0.012847512445217488,1.463193812066629,4.358509999974558,3049,shifted_goals,sa
240.38104677834684,20,1,success,0.031424606610679126,0.03895439446311874,0,0,0,1.684849027420678,1.684849027420678,0,proxy_pcrb,1,20.0,99.99999993616468,20.499999961698805,20,2.591422707253419,1.0,1,16.0,79.999999986052,16.49999999442081,16,0.15609772339368055,1.0,89.99999996108794,-2.545330835171995,80.0,80.0,-2.548622348666112,-3.600000000000001,-0.92499999890299,0.0,0.0,0.0,0.0,20.0,20.0,179.9999999222167,36.999999956119616,1.3737602153235497,1.0,0.012967381031761755,1.6581824347913292,4.385639999964042,3050,shifted_goals,sa
-154.06968966570284,100,0,deadline,0.0536518164755508,0.04286979833490177,0,0,73,2.031445665957808,2.031445665957808,0,proxy_pcrb,0,,237.13008519946817,83.45960047527387,100,31.189603755200345,1.0,0,,419.79364046707747,114.41596014110274,100,13.45783866394427,1.0,69.05003896683914,-10.23534275240096,0.0,0.0,-14.937496864731598,-19.99999999999996,-4.946889015409415,0.0,0.0,-73.0,-100.0,100.0,,656.9237256665456,197.87556061637662,22.32372120957231,1.0,0.006427607337591219,2.538900312931336,0.23456300001271302,3001,shifted_goals,mappo
-151.39874088463876,100,0,deadline,0.05576293483176364,0.2315682321017069,0,0,73,1.8228625266028526,1.8228625266028526,0,proxy_pcrb,0,,237.8504808100479,83.11550201699433,100,30.52352553594058,1.0,0,,427.48441347636026,117.79115753967783,100,8.306764596837176,1.0,71.95861511002255,-10.224446353372517,0.0,0.0,-15.11024315237203,-19.99999999999996,-5.022666488916801,0.0,0.0,-73.0,-100.0,100.0,,665.3348942864081,200.90665955667214,19.415145066388877,1.0,0.010570769825987248,2.2533514488956987,0.2720100000169623,3002,shifted_goals,mappo
-150.49009096694664,100,0,deadline,0.06007417800413387,0.1371526713102168,0,0,73,1.6690733217018998,1.6690733217019,0,proxy_pcrb,0,,235.21526121044002,83.00618441514138,100,30.4697084824499,1.0,0,,428.1207265706963,115.87937633833147,100,6.383105108672403,1.0,72.94735338085027,-10.275362243095284,0.0,0.0,-15.18994308586488,-19.99999999999996,-4.97213901883682,0.0,0.0,-73.0,-100.0,100.0,,663.3359877811363,198.88556075347284,18.42640679556115,1.0,0.007716756126482603,1.5069295411970747,0.2703600000404549,3003,shifted_goals,mappo
-153.9162161793036,100,0,deadline,0.057944780821932315,0.3223600381560807,0,0,73,1.7146504403598049,1.7146504403598049,0,proxy_pcrb,0,,232.951667980692,82.74793868704796,100,30.4600210755084,1.0,0,,427.5535423808106,119.2552168242648,100,12.782089894941487,1.0,69.75270469118657,-10.425952670749941,0.0,0.0,-15.192889311957376,-19.99999999999996,-5.050078887782821,0.0,0.0,-73.0,-100.0,100.0,,660.5052103615026,202.00315551131277,21.621055485224943,1.0,0.01305606591755408,1.618825699996357,0.3662670000721846,3004,shifted_goals,mappo
-151.51613573923385,100,0,deadline,0.05905643613321299,0.21527480085667383,0,0,73,1.7433110597864314,1.7433110597864314,0,proxy_pcrb,0,,237.5372063882418,82.86831765691059,100,30.549903931734363,1.0,0,,430.3442538675529,118.88628108632331,100,8.695933618828953,1.0,71.75084140112975,-10.18423571704224,0.0,0.0,-15.038876454740574,-19.99999999999996,-5.043864968580851,0.0,0.0,-73.0,-100.0,100.0,,667.8814602557947,201.75459874323388,19.622918775281658,1.0,0.0077350797001821524,1.8248534570246866,0.25694400003885676,3005,shifted_goals,mappo
-150.83112429893987,100,0,deadline,0.05592593543428845,0.0384790221764814,0,0,73,1.7775817287242779,1.7775817287242779,0,proxy_pcrb,0,,237.81964911685122,83.02432991352171,100,30.48328400902153,1.0,0,,429.67412235503207,119.47534163912928,100,7.41568568114416,1.0,72.42427533132863,-10.250656769216565,0.0,0.0,-14.94225107223566,-19.99999999999996,-5.062491788816274,0.0,0.0,-73.0,-100.0,100.0,,667.4937714718833,202.499671552651,18.949484845082846,1.0,0.009513159708838032,1.5224145569345215,0.2719559999877674,3006,shifted_goals,mappo
-151.99177614552215,100,0,deadline,0.05755995134462053,0.2003101727961541,0,0,73,1.6613316899080042,1.6613316899080042,0,proxy_pcrb,0,,237.20600168539156,83.5306719413323,100,30.59391194834077,1.0,0,,428.20953574864177,116.38240152836342,100,8.995330513744308,1.0,71.5791389453689,-10.380840922026069,0.0,0.0,-15.192247332122601,-19.99999999999996,-4.997826836742395,0.0,0.0,-73.0,-100.0,100.0,,665.4155374340334,199.91307346969572,19.79462123104254,1.0,0.009957156294569988,2.0175290653868525,0.29500500001631735,3007,shifted_goals,mappo
-152.70123745754648,100,0,deadline,0.05764593971555489,0.11103898943079078,0,0,73,1.8739982238784556,1.8739982238784556,0,proxy_pcrb,0,,238.5186511826627,83.23030850132487,100,30.637049611477583,1.0,0,,431.3461565708335,117.61386237764164,100,10.335069927728034,1.0,70.88770040680862,-10.442312403671664,0.0,0.0,-15.12552118870932,-19.99999999999996,-5.0211042719741625,0.0,0.0,-73.0,-100.0,100.0,,669.8648077534962,200.8441708789665,20.486059769602807,1.0,0.008845054051779652,1.7712733650918249,0.27103499997792824,3008,shifted_goals,mappo
-151.62255766530646,100,0,deadline,0.057896658699978405,0.12448290833057407,0,0,73,1.7364207618627179,1.7364207618627179,0,proxy_pcrb,0,,239.97392054771794,83.73163351991256,100,30.492023742417558,1.0,0,,428.54434218141756,116.60569743943263,100,8.449044776467916,1.0,71.9032259169687,-10.359048002423016,0.0,0.0,-15.15830230586852,-19.99999999999996,-5.008433273983628,0.0,0.0,-73.0,-100.0,100.0,,668.5182627291355,200.3373309593452,19.470534259442736,1.0,0.009381469598573212,2.230149044670731,0.26802700004736835,3009,shifted_goals,mappo
-153.14414270823843,100,0,deadline,0.0518329981010999,0.22005313152686887,0,0,73,1.8299249601058862,1.8299249601058862,0,proxy_pcrb,0,,237.89720912116294,83.288542377957,100,30.850017656760734,1.0,0,,424.65541218620007,115.97927044271043,100,11.591460084732043,1.0,70.15302130566512,-10.360972919591804,0.0,0.0,-14.954495773795031,-19.99999999999996,-4.981695320516689,0.0,0.0,-73.0,-100.0,100.0,,662.552621307363,199.26781282066742,21.220738870746388,1.0,0.008617477440455554,1.7463374735221768,0.2755069999875559,3010,shifted_goals,mappo
-151.84669988180667,100,0,deadline,0.05837259099887577,0.09138492792056581,0,0,73,1.622020454912824,1.622020454912824,0,proxy_pcrb,0,,233.82913901858657,83.00425359990388,100,30.648467607096627,1.0,0,,425.65883669650316,117.40511885026005,100,9.17939894080212,1.0,71.45982690246213,-10.209291108435043,0.0,0.0,-15.087001364579647,-19.99999999999996,-5.0102343112540995,0.0,0.0,-73.0,-100.0,100.0,,659.4879757150898,200.40937245016391,19.913933273949375,1.0,0.007925566359881415,1.4170049936263756,0.2573010000287468,3011,shifted_goals,mappo
-152.29759542901658,100,0,deadline,0.06270600262677059,0.19517894272385078,0,0,73,1.7340012232840099,1.7340012232840099,0,proxy_pcrb,0,,237.6405552446043,83.290642186631,100,30.573124048901505,1.0,0,,426.17029109406263,116.38523436955553,100,9.534709807254488,1.0,71.31984324833351,-10.318154673376807,0.0,0.0,-15.307387090068582,-19.99999999999996,-4.991896913904664,0.0,0.0,-73.0,-100.0,100.0,,663.8108463386669,199.67587655618655,20.053916928077996,1.0,0.00908292536392391,1.618681413548028,0.2514830000291113,3012,shifted_goals,mappo
-152.30924035363333,100,0,deadline,0.06366007328104455,0.23826039963679208,0,0,73,1.8812964923083269,1.8812964923083269,0,proxy_pcrb,0,,234.23066926829506,82.874947049985,100,30.468386916126892,1.0,0,,427.7382375165328,117.71082766694853,100,9.313642805406229,1.0,71.48274531564492,-10.303344613792538,0.0,0.0,-15.473996687562332,-19.99999999999996,-5.0146443679233395,0.0,0.0,-73.0,-100.0,100.0,,661.9689067848278,200.58577471693354,19.89101486076656,1.0,0.010655838333152697,2.0641154350793793,0.27411400000346475,3013,shifted_goals,mappo
-151.7154945523029,100,0,deadline,0.06454962123577193,0.12779984808022643,0,0,73,1.6848202448099334,1.6848202448099334,0,proxy_pcrb,0,,237.05618524116983,83.1747455248896,100,30.51622154999021,1.0,0,,429.1135060707441,118.43754663047457,100,8.582413085993439,1.0,71.82444285841964,-10.237348056449344,0.0,0.0,-15.262282050389098,-19.99999999999996,-5.040307303884104,0.0,0.0,-73.0,-100.0,100.0,,666.169691311914,201.61229215536417,19.549317317991825,1.0,0.0084836976441821,1.5158029645873206,0.26748399994176,3014,shifted_goals,mappo
-152.77921525802157,100,0,deadline,0.06555183498559963,0.09483668371374472,0,0,73,1.783648327878727,1.783648327878727,0,proxy_pcrb,0,,235.57480101209134,83.0550607213254,100,30.542023185998314,1.0,0,,430.33062752423086,117.68196061184456,100,10.077977518641179,1.0,71.06375982409163,-10.312072138251501,0.0,0.0,-15.512477410532552,-19.99999999999996,-5.018425533329249,0.0,0.0,-73.0,-100.0,100.0,,665.9054285363222,200.73702133316996,20.310000352319747,1.0,0.010509009007242928,1.6348227137064257,0.2908939998724236,3015,shifted_goals,mappo
-151.87061146461676,100,0,deadline,0.06343797845230795,0.13391116586864077,0,0,73,1.7564148131349913,1.7564148131349913,0,proxy_pcrb,0,,238.00198086908216,83.29356381249711,100,30.526017498287853,1.0,0,,428.16097831061876,118.41058038900698,100,8.33412823645845,1.0,71.94368730903838,-10.333715235036191,0.0,0.0,-15.437979933581254,-19.99999999999996,-5.042603605037601,0.0,0.0,-73.0,-100.0,100.0,,666.1629591797009,201.7041442015041,19.430072867373152,1.0,0.011719925446004715,1.620638637234327,0.3450830000019778,3016,shifted_goals,mappo
-152.6698013939841,100,0,deadline,0.061293072462090696,0.26490087595469625,0,0,73,1.7860447746000607,1.7860447746000607,0,proxy_pcrb,0,,233.4513349531017,82.94616729961372,100,30.42567798217498,1.0,0,,425.7305166809462,117.74959226629777,100,10.478364053336277,1.0,70.92173915865587,-10.398549831214677,0.0,0.0,-15.175596732277464,-19.99999999999996,-5.017393989147788,0.0,0.0,-73.0,-100.0,100.0,,659.1818516340479,200.6957595659115,20.45202101775563,1.0,0.0069174533905656645,1.6969877564680627,0.3214130000287696,3017,shifted_goals,mappo
-152.26712964867258,100,0,deadline,0.06368536367508669,0.06486096284054405,0,0,73,1.7659097256033167,1.7659097256033167,0,proxy_pcrb,0,,234.98844769668997,83.05111481317786,100,30.52329706579942,1.0,0,,428.02714449936263,118.03246965126355,100,9.260985107422428,1.0,71.48161908980052,-10.286635923657474,0.0,0.0,-15.435023203204652,-19.99999999999996,-5.0270896116110375,0.0,0.0,-73.0,-100.0,100.0,,663.0155921960526,201.0835844644414,19.892141086610923,1.0,0.009314458051221337,1.5261764986120832,0.29336300004615623,3018,shifted_goals,mappo
-154.10084730177192,100,0,deadline,0.05187139376614365,0.1765050420030869,0,0,73,1.7439695436765181,1.7439695436765181,0,proxy_pcrb,0,,236.63932932508385,83.17330740554532,100,30.871511662756138,1.0,0,,425.7573779213687,116.72187387314207,100,12.985228816332713,1.0,69.44538993686702,-10.332242471942562,0.0,0.0,-15.2166152347292,-19.99999999999996,-4.997379531967187,0.0,0.0,-73.0,-100.0,100.0,,662.3967072464525,199.8951812786874,21.928370239544424,1.0,0.011358021094996286,1.96136294091221,0.288129999926241,3019,shifted_goals,mappo
-152.40346262679407,100,0,deadline,0.05853553249732353,0.17151684268269712,0,0,73,1.7470095193819188,1.7470095193819188,0,proxy_pcrb,0,,235.71608265685921,82.72560192442968,100,30.366641309227457,1.0,0,,428.4626594930259,119.90997161242277,100,10.023718013938007,1.0,71.17858051482881,-10.276547142436513,0.0,0.0,-15.239606660764974,-19.99999999999996,-5.065889338421313,0.0,0.0,-73.0,-100.0,100.0,,664.1787421498851,202.63557353685246,20.19517966158273,1.0,0.011355901732422884,1.460525287067054,0.2836369999749877,3020,shifted_goals,mappo
-152.01515355303604,100,0,deadline,0.05496469074882837,0.049430377444864226,0,0,73,1.6583570140630886,1.6583570140630886,0,proxy_pcrb,0,,238.06241919461067,82.79014020790027,100,30.63854130259854,1.0,0,,429.03186196360497,116.68808356432906,100,9.902112140149468,1.0,71.10343345503746,-10.230413073975555,0.0,0.0,-14.901218339792246,-19.99999999999996,-4.98695559430573,0.0,0.0,-73.0,-100.0,100.0,,667.0942811582156,199.47822377222934,20.270326721374005,1.0,0.007754397743115637,1.4194728096732883,0.2695159999802854,3021,shifted_goals,mappo
-151.06337872387172,100,0,deadline,0.05415740870443729,0.1071546593146552,0,0,73,1.70794233556496,1.7079423355649597,0,proxy_pcrb,0,,238.92155082145933,83.01418505621895,100,30.5020106839732,1.0,0,,429.95577457778694,115.65851193562085,100,7.632278229523142,1.0,72.3066157196633,-10.359313167966937,0.0,0.0,-15.04386385077207,-19.99999999999996,-4.966817424795995,0.0,0.0,-73.0,-100.0,100.0,,668.8773253992463,198.6726969918398,19.06714445674817,1.0,0.011023075191172798,1.9878056375912712,0.2609539999411936,3022,shifted_goals,mappo
-153.25280282957414,100,0,deadline,0.056167903473185433,0.07893884987790645,0,0,73,1.7816338277103265,1.7816338277103265,0,proxy_pcrb,0,,233.92327545953296,82.96428251018693,100,30.737607296259867,1.0,0,,424.139053490439,116.54375757974717,100,11.44978529592106,1.0,70.28006388032102,-10.319963102634016,0.0,0.0,-15.22520260501275,-19.99999999999996,-4.987701002248352,0.0,0.0,-73.0,-100.0,100.0,,658.062328949972,199.5080400899341,21.093696296090464,1.0,0.008948053782014671,2.098459427137351,0.24854100001903134,3023,shifted_goals,mappo
-152.365016867501,100,0,deadline,0.059714579660116576,0.1524236566178095,0,0,73,1.681831552586759,1.681831552586759,0,proxy_pcrb,0,,238.7576577110803,83.57450230146763,100,30.56182333641334,1.0,0,,430.8141323056376,118.70606241594896,100,9.226960954093547,1.0,71.47936803115803,-10.393247446225326,0.0,0.0,-15.394123334498296,-19.99999999999996,-5.057014117935416,0.0,0.0,-73.0,-100.0,100.0,,669.5717900167178,202.2805647174166,19.894392145253445,1.0,0.009582831038225603,1.5970399389963905,0.24429500007499882,3024,shifted_goals,mappo
-151.3924058613584,100,0,deadline,0.05763372006312267,0.1256352063653015,0,0,73,1.6427915456573563,1.6427915456573563,0,proxy_pcrb,0,,236.30698745002636,83.28851344836262,100,30.528061823643643,1.0,0,,426.23980197503505,117.88547527177272,100,8.139736636843722,1.0,72.0398609461678,-10.36735526397961,0.0,0.0,-15.035561825543198,-19.99999999999996,-5.029349718003383,0.0,0.0,-73.0,-100.0,100.0,,662.5467894250614,201.17398872013536,19.33389923024368,1.0,0.009880674093705877,1.360871279615845,0.24400400004196854,3025,shifted_goals,mappo
-153.72829257741793,100,0,deadline,0.05692635775437166,0.20086012949978888,0,0,73,1.730654148233084,1.730654148233084,0,proxy_pcrb,0,,238.48762004117577,83.25740570978988,100,30.837341310855404,1.0,0,,429.19633463653673,117.70626852629442,100,12.53195681055692,1.0,69.68911111570536,-10.293722871704425,0.0,0.0,-15.099588965516718,-19.99999999999996,-5.024091855902109,0.0,0.0,-73.0,-100.0,100.0,,667.6839546777126,200.9636742360843,21.684649060706164,1.0,0.010354166455885236,2.08312749738358,0.24602800004686287,3026,shifted_goals,mappo
-152.1283349345102,100,0,deadline,0.06595045148969605,0.31064230233091117,0,0,73,1.658409642546015,1.658409642546015,0,proxy_pcrb,0,,233.86326594389382,82.74542786727437,100,30.44676148822142,1.0,0,,428.4608752892607,118.76995995516373,100,8.79491365333101,1.0,71.75292260563529,-10.334382891376277,0.0,0.0,-15.508989953208223,-19.99999999999996,-5.037884695560954,0.0,0.0,-73.0,-100.0,100.0,,662.3241412331545,201.5153878224381,19.620837570776214,1.0,0.015103003430330022,1.7291700352134116,0.24567799999203999,3027,shifted_goals,mappo
-153.94383607381323,100,0,deadline,0.05831293098849701,0.08562458788170878,0,0,73,1.7826867439122178,1.7826867439122178,0,proxy_pcrb,0,,237.68994571827548,82.8667474392505,100,30.74446826656082,1.0,0,,428.45582420258455,117.35354832481357,100,12.67044595712404,1.0,69.66630306456908,-10.198819544968563,0.0,0.0,-15.40581219931208,-19.99999999999996,-5.005507394101601,0.0,0.0,-73.0,-100.0,100.0,,666.1457699208601,200.22029576406408,21.70745711184243,1.0,0.012346749104754138,1.4136548086711234,0.2295480001157557,3028,shifted_goals,mappo
-154.15619339979062,100,0,deadline,0.06308251488526827,0.12040171076438747,0,0,73,1.6405876579890522,1.6405876579890522,0,proxy_pcrb,0,,238.4445140029557,83.50774290013186,100,30.71696047277978,1.0,0,,428.86635067026117,115.81609609877134,100,12.623702324254179,1.0,69.70342877789449,-10.384554129309981,0.0,0.0,-15.491972073402543,-19.99999999999996,-4.983095974972576,0.0,0.0,-73.0,-100.0,100.0,,667.3108646732169,199.3238389989032,21.67033139851698,1.0,0.011524486998009948,1.8417463142940822,0.24293300000863383,3029,shifted_goals,mappo
-155.18434240787897,100,0,deadline,0.060539180865692765,0.22012756438097075,0,0,73,1.674188649086657,1.674188649086657,0,proxy_pcrb,0,,232.09076900366878,82.52989105191074,100,30.6043035851648,1.0,0,,426.4749881923728,119.37766531779094,100,15.347457542715624,1.0,68.39787961247127,-10.371469726742419,0.0,0.0,-15.163063384365294,-19.99999999999996,-5.047688909242543,0.0,0.0,-73.0,-100.0,100.0,,658.5657571960415,201.9075563697017,22.975880563940212,1.0,0.009600788780414555,1.8297473624673584,0.2501920000122482,3030,shifted_goals,mappo
-153.48596554339298,100,0,deadline,0.049263095621703216,0.1502266952974543,0,0,73,1.7898835290012756,1.7898835290012756,0,proxy_pcrb,0,,239.05080963221428,83.4362808240118,100,31.12421738155902,1.0,0,,423.1152650459221,114.1601683217758,100,12.709560305014035,1.0,69.4568713331249,-10.172139230089183,0.0,0.0,-14.830786417784061,-19.99999999999996,-4.939911228644689,0.0,0.0,-73.0,-100.0,100.0,,662.1660746781364,197.5964491457876,21.91688884328653,1.0,0.008157771579133364,1.4328518819243488,0.2506600000015169,3031,shifted_goals,mappo
-151.2353255965263,100,0,deadline,0.058104132342990625,0.11903534792524531,0,0,73,1.8061656674678503,1.8061656674678503,0,proxy_pcrb,0,,236.05030902718997,83.30257344813312,100,30.424835528123797,1.0,0,,429.0641852747653,118.7132341868212,100,7.298375286755074,1.0,72.51215476897208,-10.282376449258852,0.0,0.0,-15.414708725365642,-19.99999999999996,-5.050395190873858,0.0,0.0,-73.0,-100.0,100.0,,665.1144943019552,202.0158076349543,18.861605407439434,1.0,0.010302376804826794,1.6414833693348,0.25091900001825707,3032,shifted_goals,mappo
-153.98903181783328,100,0,deadline,0.06003740040855884,0.10179778316058771,0,0,73,1.711827750005433,1.711827750005433,0,proxy_pcrb,0,,239.184480079349,83.41824970984153,100,30.859667360405496,1.0,0,,427.66585713791466,116.45444879343744,100,12.757503715019265,1.0,69.5651746386991,-10.229212486035683,0.0,0.0,-15.328176507914714,-19.99999999999996,-4.996817462581975,0.0,0.0,-73.0,-100.0,100.0,,666.8503372172636,199.87269850327897,21.808585537712382,1.0,0.008221164438007775,1.3607200550669927,0.24429099996268633,3033,shifted_goals,mappo
-151.84756527392506,100,0,deadline,0.055771054628380196,0.18558038945421992,0,0,73,1.8946510658128333,1.8946510658128333,0,proxy_pcrb,0,,235.9727433308843,83.09348365386998,100,30.503590857935563,1.0,0,,429.29080306671233,118.02543249911255,100,8.834273146775438,1.0,71.70482817405596,-10.399520701259075,0.0,0.0,-15.124899842897399,-19.99999999999996,-5.027972903824566,0.0,0.0,-73.0,-100.0,100.0,,665.2635463975967,201.11891615298254,19.6689320023555,1.0,0.01139418081873442,1.8434310750186602,0.2393250000113767,3034,shifted_goals,mappo
-153.6686082756191,100,0,deadline,0.05989641143001769,0.26356552389114984,0,0,73,1.6750439093333727,1.6750439093333729,0,proxy_pcrb,0,,234.80491943435766,83.13613222946452,100,30.473455544522633,1.0,0,,431.20665398435034,118.9554186832959,100,11.933420886118604,1.0,70.17032196109079,-10.450062051527384,0.0,0.0,-15.33657941236355,-19.99999999999996,-5.052288772819012,0.0,0.0,-73.0,-100.0,100.0,,666.0115734187079,202.09155091276043,21.203438215320617,1.0,0.010107521503360934,1.6621664811603976,0.2508800000487099,3035,shifted_goals,mappo
-152.66861223388793,100,0,deadline,0.06320183591328493,0.08046860779202547,0,0,73,1.6270983215049597,1.62709832150496,0,proxy_pcrb,0,,238.173259577277,83.06826606453372,100,30.646314173661075,1.0,0,,429.83463193181586,117.887586022653,100,10.688214918704718,1.0,70.70649563022866,-10.34246011089662,0.0,0.0,-15.008751451040219,-19.99999999999996,-5.0238963021796685,0.0,0.0,-73.0,-100.0,100.0,,668.0078915090928,200.9558520871867,20.667264546182896,1.0,0.012176128374138263,1.6179501424871068,0.23960899998201057,3036,shifted_goals,mappo
-153.23213114122075,100,0,deadline,0.05626525442274062,0.13577493160763032,0,0,73,1.6311289498184036,1.6311289498184036,0,proxy_pcrb,0,,234.35460922218945,82.96326456291727,100,30.65300518147024,1.0,0,,428.669226880948,118.21621282408034,100,11.030898938977149,1.0,70.53180811618778,-10.353202104149467,0.0,0.0,-15.381250218584084,-19.99999999999996,-5.029486934674941,0.0,0.0,-73.0,-100.0,100.0,,663.0238361031375,201.17947738699763,20.841952060223694,1.0,0.010496448476206522,1.4736673871144743,0.2570309999100573,3037,shifted_goals,mappo
-151.0217441675257,100,0,deadline,0.05899816509125893,0.10712332469568742,0,0,73,1.9157032796083084,1.9157032796083084,0,proxy_pcrb,0,,236.02506059305145,82.93067143160613,100,30.533967893545682,1.0,0,,428.59114930698325,117.18538925191966,100,7.388161261689137,1.0,72.4126955987941,-10.200842272978006,0.0,0.0,-15.230695976253607,-19.99999999999996,-5.002901517088144,0.0,0.0,-73.0,-100.0,100.0,,664.6162099000347,200.1160606835258,18.96106457761741,1.0,0.009010744556942799,1.98853573835456,0.2781019999565615,3038,shifted_goals,mappo
-152.79702424789852,100,0,deadline,0.05715860702482853,0.32791818023032043,0,0,73,1.8076296939603413,1.8076296939603413,0,proxy_pcrb,0,,236.97508697810338,82.87499101624172,100,30.64646535138751,1.0,0,,429.0253307412202,118.1946307040879,100,10.435584278599263,1.0,70.83273536141814,-10.362524288545767,0.0,0.0,-15.240494777762606,-19.99999999999996,-5.026740543008241,0.0,0.0,-73.0,-100.0,100.0,,666.0004177193237,201.06962172032962,20.541024814993385,1.0,0.01289328887191453,2.1034336548286516,0.2443920000223443,3039,shifted_goals,mappo
-150.74202905062378,100,0,deadline,0.0582535197351367,0.12652953715672421,0,0,73,1.7301374297902457,1.7301374297902457,0,proxy_pcrb,0,,232.93997391399492,82.74970138389607,100,30.36944959782979,1.0,0,,426.9262818752018,119.20594823047296,100,6.832817092689585,1.0,72.77262683115178,-10.310162024319386,0.0,0.0,-15.155602617096982,-19.99999999999996,-5.048891240359223,0.0,0.0,-73.0,-100.0,100.0,,659.8662557891968,201.955649614369,18.601133345259687,1.0,0.011203282081398295,1.4499813221838551,0.24651099996845005,3040,shifted_goals,mappo
-152.24050874826756,100,0,deadline,0.05540361728629675,0.11067117693318279,0,0,73,1.7175142194529425,1.717514219452943,0,proxy_pcrb,0,,238.0145547001616,83.20683266777418,100,30.697193697204,1.0,0,,430.43027677095455,116.71234468764375,100,9.061815213552673,1.0,71.4942557210331,-10.281996475418902,0.0,0.0,-15.454788559996365,-19.99999999999996,-4.997979433885453,0.0,0.0,-73.0,-100.0,100.0,,668.4448314711161,199.91917735541793,19.87950445537834,1.0,0.013659000739398333,1.6508626026954443,0.2605519999542594,3041,shifted_goals,mappo
-151.55436146022328,100,0,deadline,0.05847694090845692,0.12857642474309258,0,0,73,1.7996714660675814,1.7996714660675814,0,proxy_pcrb,0,,235.68482831432772,82.9676503589562,100,30.446960770130193,1.0,0,,425.92382302369134,117.06465581146182,100,8.413818985399448,1.0,71.94337029864661,-10.318593853350253,0.0,0.0,-15.178330251259238,-19.99999999999996,-5.0008076542604485,0.0,0.0,-73.0,-100.0,100.0,,661.6086513380191,200.03230617041802,19.43038987776482,1.0,0.010188409709144986,1.9445247842277906,0.24299599996993493,3042,shifted_goals,mappo
-155.72218079477,100,0,deadline,0.06813461745267319,0.23815731664994327,0,0,73,1.902026774354806,1.902026774354806,0,proxy_pcrb,0,,230.12419305986813,82.42923343021874,100,30.642567448893683,1.0,0,,426.76493809258653,119.97154611834362,100,14.977765691690802,1.0,68.56359360611923,-10.42555819075298,0.0,0.0,-15.800196721422179,-19.99999999999996,-5.060019488714061,0.0,0.0,-73.0,-100.0,100.0,,656.8891311524546,202.40077954856235,22.810166570292242,1.0,0.011122695634357607,2.195480803851802,0.24820600005114102,3043,shifted_goals,mappo
-152.0333141946308,100,0,deadline,0.05404284369783903,0.05123745891585087,0,0,73,1.7408412101349173,1.7408412101349173,0,proxy_pcrb,0,,235.2848812985703,82.7919227257614,100,30.595424291360096,1.0,0,,426.66955238568164,118.02983835002134,100,9.10940724758269,1.0,71.52134440694006,-10.283937966889908,0.0,0.0,-15.250176607786424,-19.99999999999996,-5.020544026894567,0.0,0.0,-73.0,-100.0,100.0,,661.954433684252,200.82176107578272,19.852415769471392,1.0,0.013413717540502709,1.5053532241093495,0.24259899997559842,3044,shifted_goals,mappo
-152.93546310169086,100,0,deadline,0.05437255333805181,0.14362318031036228,0,0,73,1.7157993681977775,1.7157993681977775,0,proxy_pcrb,0,,234.5765317872346,83.16410699217683,100,30.643370331721993,1.0,0,,427.5315594781743,117.31629130163815,100,10.90569785953705,1.0,70.59922608078196,-10.30377615352756,0.0,0.0,-15.218903071599843,-19.99999999999996,-5.012009957345374,0.0,0.0,-73.0,-100.0,100.0,,662.1080912654089,200.48039829381497,20.77453409562952,1.0,0.009082403845662942,1.8238381429871187,0.23276199999600067,3045,shifted_goals,mappo
-152.24702969872422,100,0,deadline,0.051341696131481734,0.131039920741489,0,0,73,1.6731376720946696,1.6731376720946696,0,proxy_pcrb,0,,234.29860028867034,82.99551175282949,100,30.54687511603893,1.0,0,,427.2323848439109,117.69832014377724,100,10.219763539143324,1.0,70.99044084882034,-10.187156020326633,0.0,0.0,-15.032968729802757,-19.99999999999996,-5.017345797415168,0.0,0.0,-73.0,-100.0,100.0,,661.5309851325812,200.69383189660672,20.383319327591128,1.0,0.012707989731838884,1.4331403741097433,0.22560700003850798,3046,shifted_goals,mappo
-153.99894456160465,100,0,deadline,0.0625484136940712,0.09038604019790701,0,0,73,1.8787922227625173,1.8787922227625173,0,proxy_pcrb,0,,239.27074407638514,83.47683593026906,100,30.775821141157817,1.0,0,,426.9430194144129,116.4572588187446,100,12.28954512735057,1.0,69.84107704215732,-10.360970451226265,0.0,0.0,-15.48069878381033,-19.99999999999996,-4.998352368725342,0.0,0.0,-73.0,-100.0,100.0,,666.2137634907981,199.93409474901367,21.532683134254192,1.0,0.00954979412403044,1.627068228474707,0.21981000004416273,3047,shifted_goals,mappo
-152.12470995120256,100,0,deadline,0.05895716998074462,0.23088616986990718,0,0,73,1.8073185091474597,1.8073185091474597,0,proxy_pcrb,0,,234.29162260805936,83.02629799955787,100,30.509961887644412,1.0,0,,428.3344705474216,118.0625980126198,100,8.679674332177912,1.0,71.77894206650032,-10.444127476322581,0.0,0.0,-15.432302141075827,-19.99999999999996,-5.027222400304447,0.0,0.0,-73.0,-100.0,100.0,,662.6260931554809,201.08889601217766,19.594818109911163,1.0,0.009630141710443312,1.690045306934585,0.2191599999969185,3048,shifted_goals,mappo
-153.90179379398776,100,0,deadline,0.058735188866063555,0.09158734449362799,0,0,73,1.6161436853385112,1.616143685338511,0,proxy_pcrb,0,,237.75397759560602,83.26075406333884,100,30.983855776639473,1.0,0,,427.67515357395524,115.39507128319595,100,12.75483327818397,1.0,69.50441564899977,-10.383306151272276,0.0,0.0,-15.056507658051851,-19.99999999999996,-4.966395633663368,0.0,0.0,-73.0,-100.0,100.0,,665.4291311695613,198.65582534653478,21.86934452741172,1.0,0.011053494293720791,1.463193812066629,0.22187899996424676,3049,shifted_goals,mappo
-151.94888776600067,100,0,deadline,0.06781585985021243,0.3333399809897737,0,0,73,1.765045199433683,1.765045199433683,0,proxy_pcrb,0,,239.25512264450776,83.57817350455808,100,30.496410341292528,1.0,0,,431.515412605998,118.00078199244916,100,8.704254317271102,1.0,71.77342784712964,-10.34519248235965,0.0,0.0,-15.337649243345474,-19.99999999999996,-5.039473887425183,0.0,0.0,-73.0,-100.0,100.0,,670.7705352505058,201.57895549700726,19.600332329281816,1.0,0.011390380327184913,1.6581824347913292,0.22945400001844973,3050,shifted_goals,mappo
